1	1
2	2
3	3
4	4
5	5
6	6
7	7
8	8
9	9
10	10
11	11
12	12
13	13
14	14
13	15
15	16
16	18
17	19
11	21
19	22
20	23
21	24
22	25
23	26
24	27
25	28
26	29
27	30
28	31
29	32
30	33
31	34
23	35
32	36
33	37
34	38
35	39
36	40
37	41
38	42
1	43
39	44
40	45
41	46
24	47
42	48
43	49
44	50
45	51
23	52
46	53
47	54
48	55
49	56
50	57
24	58
51	59
52	60
23	61
53	63
9	64
46	65
13	66
4	67
34	70
26	71
43	72
4	73
24	74
55	75
56	76
16	79
55	81
60	82
61	83
62	84
23	85
63	86
64	87
65	88
66	89
31	90
67	91
68	92
39	93
69	94
70	95
55	96
71	97
72	98
73	99
74	100
43	101
75	102
76	103
10	104
43	105
77	106
78	107
79	108
80	109
81	110
21	111
82	112
4	113
83	114
84	115
85	116
23	117
4	118
38	119
86	121
12	122
87	124
88	125
89	126
0	127
91	129
92	130
93	131
94	132
71	133
95	134
96	135
24	136
11	137
4	138
97	139
98	9
99	140
13	141
100	142
101	143
102	144
11	145
103	146
63	147
104	148
105	149
27	150
9	151
106	152
34	153
107	154
5	155
43	156
4	157
108	158
109	159
4	162
18	164
112	165
113	166
9	167
114	169
115	170
116	171
117	172
25	173
102	174
118	175
119	176
120	177
121	178
122	179
123	180
27	181
11	182
124	183
125	184
126	185
11	186
127	187
5	188
128	189
129	190
130	191
18	192
4	193
123	194
131	195
132	196
77	197
46	198
4	199
133	200
134	201
135	202
4	203
77	204
23	205
136	206
115	207
137	208
138	209
115	210
139	211
8	212
113	213
140	214
141	215
142	216
143	217
144	218
145	219
4	220
147	222
148	223
89	224
13	225
5	226
21	227
149	228
150	229
46	230
151	231
11	232
152	233
153	234
154	235
46	236
148	237
155	238
156	239
46	240
157	241
158	242
158	243
159	244
160	245
161	246
42	247
23	248
162	249
70	250
52	251
18	252
163	253
163	254
164	255
159	256
24	257
165	258
71	259
91	260
166	261
21	262
13	263
167	264
168	265
169	266
12	267
170	268
171	269
172	270
46	271
173	272
174	273
175	274
176	275
25	276
52	277
177	278
178	279
8	281
179	282
163	283
180	284
74	285
24	286
11	287
181	288
182	289
183	290
23	291
184	292
185	293
113	294
52	295
21	296
23	297
4	298
186	299
187	300
55	301
188	302
190	304
27	306
192	307
9	308
193	309
194	310
195	311
196	312
3	313
197	314
198	315
199	316
200	317
71	318
80	319
201	320
5	321
202	322
4	323
203	324
204	325
27	326
13	327
205	328
206	329
207	330
208	331
24	332
5	333
71	334
10	335
115	336
209	337
210	338
25	339
70	340
5	341
211	342
31	343
212	344
63	345
4	346
23	347
213	348
4	349
214	350
163	351
215	352
216	353
23	354
12	355
23	356
163	231
80	250
217	357
71	358
13	359
218	12
219	360
71	361
4	362
52	363
220	364
4	365
221	366
222	367
223	368
224	369
225	370
21	371
23	372
112	373
226	374
227	375
228	376
113	377
229	378
230	379
127	380
231	381
232	382
89	383
233	384
23	385
5	386
113	387
234	388
11	389
18	390
235	392
4	393
113	394
158	395
124	396
39	397
236	398
237	399
18	400
217	401
46	402
238	403
239	404
240	405
241	406
23	407
10	408
14	409
38	410
217	411
167	412
242	413
243	414
126	415
244	33
43	416
245	417
23	418
246	419
151	420
126	421
247	422
4	423
248	424
249	425
5	426
18	427
250	428
126	429
63	430
31	431
143	432
129	433
23	434
251	435
252	436
253	437
4	438
254	440
142	441
63	442
217	443
18	444
255	445
239	446
256	447
217	448
179	158
257	449
163	450
258	451
259	452
260	453
100	455
4	456
261	457
52	458
143	460
263	461
23	463
70	464
23	465
24	466
101	467
265	468
119	469
5	470
266	471
115	472
101	473
11	474
43	475
24	476
267	477
46	478
101	479
268	480
269	481
270	482
13	484
71	487
158	488
11	490
102	491
151	492
102	493
158	494
13	231
155	495
272	496
24	497
31	498
112	499
273	500
4	501
4	502
274	503
275	504
124	505
0	506
276	507
80	508
277	509
155	510
278	511
279	512
9	513
24	514
280	515
281	516
18	517
282	518
23	519
17	520
11	521
115	522
283	523
284	524
151	525
285	526
286	527
4	528
287	529
288	530
5	531
158	532
11	533
100	534
289	535
34	536
290	537
5	538
291	540
23	541
184	542
65	302
23	543
44	544
292	545
155	546
294	548
43	549
101	550
295	551
217	552
296	553
282	554
297	124
298	555
113	556
299	557
300	558
301	559
133	560
302	561
52	562
179	563
303	401
10	564
18	566
74	567
243	568
217	569
43	570
6	571
70	572
16	573
305	574
142	575
306	576
111	577
46	578
16	579
31	580
23	582
307	584
239	585
126	586
31	587
308	588
179	589
21	590
309	591
18	592
77	593
42	594
92	595
71	596
21	597
27	598
310	599
4	600
71	601
311	602
101	603
312	604
313	605
315	607
5	608
133	609
0	610
316	611
317	612
23	613
282	614
39	187
318	615
319	616
320	617
321	618
63	619
322	621
46	622
11	457
71	623
23	624
63	625
63	627
60	628
23	630
39	631
219	632
4	633
71	635
324	636
325	637
326	638
327	639
328	640
159	641
4	642
21	643
24	644
329	645
330	647
113	648
331	649
24	650
4	651
52	652
46	653
5	654
332	655
333	656
242	657
334	658
179	659
8	660
23	661
179	662
0	664
282	665
11	666
336	667
201	668
337	670
11	671
4	672
89	673
34	674
281	675
63	676
338	677
339	678
23	679
340	680
14	681
144	682
286	683
24	684
341	685
158	686
122	687
23	688
151	689
77	690
115	691
342	692
24	693
23	694
13	696
201	697
11	100
242	698
24	699
8	700
171	701
63	702
21	703
180	704
343	705
113	706
71	707
155	708
63	709
344	710
21	711
142	712
212	713
4	714
17	715
287	716
89	717
345	718
346	719
178	720
347	721
101	722
348	723
13	724
349	725
102	726
22	727
46	728
12	729
350	730
351	241
352	731
17	732
24	733
204	734
71	735
89	736
133	738
353	739
39	740
142	741
119	742
339	743
323	744
52	745
354	746
4	748
355	749
201	750
356	751
88	752
329	753
357	754
11	755
26	756
11	757
144	758
4	759
21	760
18	761
142	762
18	763
113	764
79	765
24	766
358	768
246	769
346	770
359	771
63	772
91	773
23	774
360	775
216	776
361	777
4	778
294	779
360	780
158	781
151	782
362	783
0	784
363	785
201	786
23	787
364	788
158	254
179	789
24	790
4	791
365	792
92	793
24	794
364	795
366	796
123	798
39	799
14	800
158	801
367	802
9	803
104	804
4	805
217	806
11	807
5	808
317	809
219	810
220	811
368	812
74	813
23	814
369	815
13	816
43	818
9	819
370	820
371	821
249	822
10	823
372	767
373	824
374	825
23	826
375	827
220	828
18	829
376	830
377	831
23	832
378	833
379	834
21	835
34	836
23	837
4	838
23	839
100	840
24	841
380	842
0	843
381	844
34	845
52	846
4	847
23	848
382	849
201	850
383	851
127	852
42	853
384	854
52	855
69	856
4	857
13	858
167	859
385	860
44	861
386	862
115	863
27	865
10	866
327	867
387	868
388	869
23	870
389	871
390	872
24	873
391	874
101	876
18	877
392	878
23	879
18	881
24	882
38	883
18	884
23	885
393	886
394	887
11	888
395	889
396	890
23	891
4	892
4	893
102	894
243	895
18	896
18	897
11	898
31	899
397	900
398	901
399	902
152	231
400	903
23	904
401	905
1	906
402	907
403	908
46	208
111	909
71	910
46	911
71	912
220	913
65	914
404	915
220	916
144	917
220	918
405	919
406	920
90	207
407	921
219	922
89	923
290	924
408	925
327	926
409	927
219	928
410	929
46	930
43	931
4	932
411	933
31	934
4	935
4	936
413	937
414	938
415	939
346	940
4	941
416	942
89	944
418	945
34	946
420	948
239	949
110	950
34	951
421	952
104	953
217	954
142	955
422	956
9	957
423	958
112	959
24	960
424	961
111	962
127	963
71	964
130	965
303	966
70	967
425	968
287	969
167	970
12	971
5	972
122	973
34	974
163	975
46	976
23	977
149	979
13	980
24	981
360	982
400	983
52	984
426	985
11	986
427	987
18	988
428	989
23	990
429	991
430	992
13	993
91	994
44	995
204	996
297	997
431	998
432	999
433	1000
129	1001
282	1002
13	1003
34	1004
434	1005
71	1006
435	1007
4	1008
4	1009
436	1010
400	1011
23	1012
437	1013
160	1014
77	1016
438	1017
439	1018
9	1019
440	1020
441	1021
23	1022
442	1023
443	1024
23	1025
9	1026
52	1027
71	1028
444	1029
446	1031
155	1032
447	1033
90	1035
25	1036
23	1037
4	1038
23	1039
351	1040
91	1041
347	1042
34	1043
448	1044
449	1045
4	1046
450	1047
327	1048
71	1049
42	1050
100	1051
163	1052
18	1054
11	1055
18	1056
9	1057
23	1058
308	1059
23	1060
44	1061
23	1062
451	1063
9	1064
23	1065
452	1066
88	1067
346	1068
281	1069
220	1070
430	1071
4	1072
24	1073
11	1074
262	1075
77	1076
313	1077
23	1078
225	1079
130	1080
11	1081
453	1082
204	1083
151	1084
219	1085
13	1086
13	1087
454	1088
455	1089
8	1090
456	1091
204	1092
4	1093
457	1094
25	1095
23	1096
4	1097
301	1098
4	1099
39	1100
458	1101
77	1102
5	1103
339	1104
23	1105
46	1106
4	1107
126	1109
185	1110
397	1111
336	1112
24	1113
351	1114
459	1115
70	1116
71	1117
460	1118
134	1119
167	1120
23	1121
23	1122
113	1123
71	1124
461	1125
462	1126
43	1127
23	1128
91	1129
115	1130
55	1131
463	1132
5	1133
464	1134
24	1135
4	1136
465	1137
27	1138
27	1139
23	1140
23	1141
466	1142
467	1143
24	1144
262	1145
468	1146
469	1147
470	1148
34	1149
42	1150
220	1151
71	1152
262	1153
23	1155
23	1156
23	1157
471	1158
27	1005
472	1159
80	1160
11	1161
31	1162
473	1163
474	1164
101	1165
11	1166
475	1167
476	1168
126	1169
13	1170
34	1171
24	1172
4	1173
43	1174
477	1175
104	1176
115	1177
479	1179
23	1180
204	1181
323	1182
8	18
480	1183
18	1184
99	1185
468	1186
282	1187
123	1189
481	1190
301	1191
23	1192
5	1193
482	1194
23	1195
11	1196
423	1197
483	1198
484	1199
11	1200
485	1201
64	1202
242	1203
486	1204
101	1205
487	1206
9	1207
113	1208
422	1209
488	1210
6	1211
489	1212
17	1213
490	1214
491	1215
492	1216
5	1217
23	1218
104	1219
23	1220
162	1221
493	1222
27	1223
494	692
496	1225
212	1226
497	1227
111	516
14	1228
317	1229
220	614
498	1230
23	1231
112	124
23	1232
201	1233
89	1234
499	1235
23	1236
77	1237
500	1238
91	1239
46	1240
501	1241
113	1242
502	1243
77	1244
4	1245
71	1246
24	1247
127	1248
184	1249
503	1250
504	1251
505	1252
506	1253
243	1254
39	1255
63	1256
297	1257
11	1256
507	1258
71	1259
508	1260
71	1261
11	1262
509	1263
167	1032
23	1264
63	1265
11	1266
34	1267
510	1268
511	1269
46	1270
461	1271
18	1272
263	1273
9	1274
512	1275
71	1276
66	1277
513	1278
184	1279
74	1280
244	1281
74	1282
514	1283
498	1284
301	1286
13	1287
23	1288
515	1289
516	1290
3	1291
517	1292
23	1293
89	1294
327	1295
518	1296
46	1297
423	1298
23	1299
519	1300
9	1301
52	1302
185	1303
520	1305
71	1306
23	1308
39	1309
24	1310
466	1311
27	1312
521	1313
37	1314
34	1316
66	1317
523	1319
524	1320
23	1321
9	1322
286	1323
123	1324
525	1325
5	1326
339	1327
18	1328
23	1329
526	1330
527	1331
18	1332
212	1333
71	1334
46	1335
528	1337
65	1338
71	1339
127	1340
529	1341
179	1342
204	1343
123	1344
34	1345
530	1346
23	1347
287	1348
531	1349
532	1350
13	1351
4	1352
163	1353
126	1354
23	1355
16	1356
23	1358
534	1359
535	1360
38	1361
536	1362
327	1363
9	1364
537	1365
79	1366
142	1367
102	1368
24	1369
249	1370
442	1371
201	1372
538	1373
46	1375
204	1376
320	1377
539	464
540	1379
9	1380
14	1381
541	1382
542	1383
543	1384
317	1385
113	1386
70	1387
158	1388
355	1389
4	1391
113	1392
100	1394
544	18
18	1395
110	1396
18	1397
545	1398
179	1399
393	1400
23	1401
546	1403
547	1404
548	1405
549	1406
327	1407
129	1408
550	1409
551	1410
124	1411
552	1412
34	1413
25	1414
24	1415
101	1416
553	1417
459	1418
351	1419
24	1420
12	1421
13	1422
320	1423
100	1424
554	1425
555	1426
1	1427
101	1428
5	1429
71	1430
71	1431
287	1432
46	1433
163	1434
23	1435
115	1436
556	1437
17	1438
557	1439
558	1440
149	1441
9	1442
559	1443
442	767
560	1444
318	1446
255	1447
23	1448
46	1449
23	922
13	1450
12	1451
561	1452
562	1453
39	1454
11	1455
167	1456
4	1457
5	1458
18	1459
563	1460
564	1461
27	1462
163	1463
566	6
567	1465
423	1466
220	1467
398	1468
24	1469
23	1470
71	1471
568	1472
13	1473
46	1474
569	311
282	1475
306	1476
9	1477
351	1478
4	1479
23	1480
4	1481
570	1482
571	1483
43	1484
572	1485
13	1486
201	1487
149	1488
34	1489
573	1490
222	1491
38	1492
574	1493
4	1494
220	18
13	1495
575	1496
576	1497
23	124
18	1499
24	1500
92	1501
578	1502
525	1503
23	1504
579	1505
126	1506
46	1507
5	1508
580	1509
24	1510
24	1511
553	1512
9	18
113	1513
581	1514
48	1515
5	1516
239	1517
126	1518
201	1519
23	1520
582	1521
583	1522
4	1523
23	1524
584	1525
239	1526
585	1527
5	1528
586	1529
587	100
112	1530
18	1531
24	1532
588	1533
201	1534
24	1535
327	1536
66	923
23	1537
123	1538
513	1539
160	1540
589	1541
18	1542
71	1543
92	1544
77	1545
113	1546
590	1547
55	1548
328	1549
591	1550
592	1551
24	1552
1	1553
4	1554
9	1555
593	1556
149	1557
11	1558
594	1559
595	1560
596	1561
597	1562
13	1563
407	1564
598	1565
599	1566
18	1567
568	1568
242	1569
600	1570
3	1571
101	1572
23	1573
601	1574
4	1575
52	1576
217	1577
602	1578
603	1579
11	1580
604	1581
31	1582
550	1583
605	1585
11	1586
11	1587
148	1588
101	1589
155	1590
124	1591
89	1592
378	1593
497	1594
24	1595
606	1596
4	1597
38	1598
24	1599
11	1600
4	1601
607	1602
4	1603
608	1604
27	1605
591	1606
360	1607
497	1608
24	1609
609	1610
327	1612
610	1613
323	1614
4	1615
163	1616
176	1617
262	1618
4	1619
204	1620
13	1621
611	1622
612	1623
65	923
111	1624
178	1625
201	1626
317	1627
4	1628
268	1629
613	1630
614	1631
615	1632
143	1633
179	1634
23	1635
282	1636
616	1637
468	1638
27	1639
11	1640
27	1641
617	1642
618	1643
619	324
71	1644
301	1645
282	1647
466	1648
621	1649
18	1650
149	1651
70	1652
99	1653
4	1654
52	1655
159	1656
24	1657
176	1658
11	1659
23	1660
92	1661
14	1662
622	1663
623	1664
187	1665
624	1666
71	1667
625	1668
8	1669
5	1670
23	1671
23	1672
151	1673
34	1675
626	1676
71	1677
163	1679
627	1680
628	1681
64	1682
9	1683
27	1684
629	1685
630	1686
101	1687
71	1688
631	1689
13	1690
9	1691
346	1692
632	1693
513	1695
11	1696
634	1697
151	91
18	1698
635	1699
636	1700
637	1701
638	1702
639	1703
422	1704
9	1705
640	1706
641	1707
642	1708
643	1709
220	1710
644	1711
645	1712
646	1713
647	1714
122	1716
23	1717
468	1718
648	1719
71	1720
24	1721
347	1722
507	1723
649	1724
10	1725
346	1726
297	1727
4	1729
46	1730
650	1731
204	1732
126	1733
651	1734
468	1735
46	1736
52	1737
4	1738
9	1739
34	1740
652	1742
71	1743
151	1744
653	1745
654	1746
655	1747
27	1748
237	1749
5	1750
24	1751
216	1752
3	1753
18	618
656	1754
657	1755
339	1756
96	1757
65	1758
92	1759
126	1760
658	1761
23	1762
92	1763
27	1764
659	1765
27	1766
660	1767
661	1768
11	923
662	1769
124	1770
17	1771
326	1772
4	1773
34	1774
4	1775
25	1776
326	1777
24	1778
663	1779
664	1780
665	1781
1	1782
666	1783
24	1784
667	1785
602	1786
325	1787
668	1788
5	1790
201	1792
112	1793
23	1794
242	1795
9	1796
23	1797
151	1798
223	1799
44	1800
71	1801
128	1802
9	1803
65	1804
468	1805
669	1806
117	1807
346	1808
670	1809
151	1811
23	1812
13	637
23	1813
127	1814
24	1816
71	1817
155	1818
673	1819
674	1820
675	1821
307	1822
23	1823
71	1824
676	1825
677	1826
18	1827
368	1828
4	1830
678	1831
679	1832
11	1833
34	1834
171	1835
94	1836
11	1837
4	743
159	1838
9	1840
126	1841
160	1842
368	1843
113	1844
229	1845
4	1846
23	1847
680	1848
77	1849
681	91
410	1850
155	1851
682	1852
4	1853
104	1854
268	1856
5	1858
71	1859
4	1860
237	1861
298	1862
684	1863
497	1864
8	1865
171	1866
23	1868
685	1869
77	1870
24	1871
71	1873
327	1874
113	1875
317	1876
23	1877
686	1878
71	1879
368	1880
163	1881
687	1882
4	1883
159	1884
412	1885
688	1886
23	1887
109	1888
71	1889
71	1890
23	1891
63	1892
163	1893
689	1894
24	1895
77	1896
690	1897
5	1898
42	1899
24	1900
24	1901
11	1902
262	1903
74	1904
5	1905
243	1906
327	1907
31	1908
155	1909
23	1910
691	1911
11	1912
80	1913
5	1914
23	1915
71	1916
692	524
11	213
39	1917
101	1919
142	1920
4	1921
23	1922
11	1923
239	1924
693	1925
167	1926
694	1927
27	1928
220	1929
4	1930
249	1931
184	1932
695	1933
43	1934
696	1935
697	1936
46	1937
591	1938
163	1939
698	1940
126	1941
699	1942
316	1944
4	1946
387	767
38	923
151	1948
11	1949
391	1950
27	1951
23	1952
13	1953
243	1954
126	1955
101	1956
113	1957
18	1958
701	250
126	1960
358	1961
27	1962
702	1963
179	1964
703	1965
219	1966
327	1967
271	1968
4	1969
704	1970
111	1971
378	1972
705	1973
4	1974
24	1975
24	1976
24	1977
130	1978
483	1979
71	1980
52	1032
706	1981
707	1982
204	1983
564	1984
4	1986
4	1987
709	1988
710	1989
149	1990
65	1993
712	1994
713	1995
23	1997
715	1998
716	1999
24	2000
26	2001
717	2002
534	2004
23	2005
4	2006
718	2007
719	2008
23	2009
0	2010
11	2012
23	2013
43	2
720	2014
154	2015
179	2016
721	2017
24	2018
111	2019
52	2020
100	2021
317	2023
163	2024
722	2025
723	2026
550	2027
724	2028
725	2029
647	2030
12	2031
9	2032
18	2033
52	2034
13	2035
726	2036
378	2037
24	2038
23	2039
339	2040
649	2041
124	2042
727	2043
79	2044
18	2045
728	2046
27	2047
4	2048
590	2049
296	2050
91	2051
4	2052
729	2053
407	2054
730	2055
13	2056
100	2058
46	2059
4	2060
159	2061
179	2062
13	2063
731	2064
732	2065
17	268
281	2066
733	2067
4	2068
63	2069
4	2070
4	2071
734	2072
217	2073
327	2074
18	2075
735	2076
736	2077
123	2079
39	2080
149	2081
46	2082
23	2083
737	1050
4	2084
5	2085
142	2086
217	2087
738	2088
71	2089
401	2090
217	2091
739	2092
4	2093
5	2094
351	2095
298	2096
46	2097
4	2098
5	2099
740	2100
80	2102
5	2103
742	2104
315	2105
242	2106
128	2107
71	2108
243	2109
743	2110
39	2111
159	2112
744	2113
745	2114
746	2115
747	2116
34	1403
79	2117
748	1005
27	2118
66	2119
749	2120
750	2121
204	2122
297	2123
481	2124
4	516
751	2125
752	2126
151	2127
753	2128
754	2129
100	2130
71	2131
8	2132
23	2134
468	2135
13	2136
242	2137
89	1806
290	2139
27	2140
756	2141
242	2142
21	2143
23	752
23	2144
4	2145
757	2146
758	2147
158	2148
11	2149
159	2150
4	2151
759	2152
23	2154
27	2155
227	2156
5	2157
761	2158
142	2159
498	2160
560	124
10	2161
9	2162
4	2163
12	2164
568	2165
38	2166
281	2167
122	2168
9	516
17	2170
126	2171
374	2172
318	2173
23	2174
762	2175
763	2176
148	2177
143	2179
449	2180
11	2181
601	2182
111	2183
24	2184
764	2185
765	2186
766	2187
11	2188
282	2189
286	2190
27	2191
43	2192
282	2193
767	2194
10	2195
768	2196
112	2197
220	2199
179	2200
769	2201
770	2202
79	2203
63	2204
212	2205
18	2206
9	2208
11	2209
65	2210
564	2211
13	213
101	1005
11	2212
217	2214
772	2215
24	2216
773	2217
512	2218
774	2219
23	2220
23	2221
775	2222
649	2223
11	2224
18	2225
776	2226
4	2227
456	2228
71	2229
777	2230
778	2231
779	2232
316	2233
129	2234
780	2235
781	2236
782	2237
783	2238
34	2239
23	2240
456	189
96	2241
249	2242
23	2243
23	2244
216	2245
18	2246
368	2247
784	2248
785	2249
786	2250
787	2251
262	2252
23	2253
23	2254
483	2255
788	2256
123	2257
44	2258
46	2259
689	2260
216	2261
39	2262
4	2263
789	2264
123	2265
144	2266
5	2267
790	2268
13	2269
71	2270
18	2271
791	2272
155	2273
34	2274
792	2275
329	2276
44	2277
159	2278
466	2279
345	2280
512	2281
793	2282
4	2283
553	2286
794	2287
18	2288
795	2289
4	2290
796	2291
163	2292
372	1933
70	2293
34	2294
761	2295
92	2296
104	2297
21	2298
797	2299
23	2300
132	2301
347	2302
4	2303
798	2304
23	2305
263	2306
799	2307
23	2308
21	2309
21	2310
151	2311
800	2312
801	2313
34	1602
8	2314
21	2315
101	2316
71	2317
489	2318
802	2319
803	2320
804	2321
805	1005
378	2322
806	2323
34	2324
111	2325
807	2326
71	2327
4	2328
808	1279
401	2329
809	2330
810	1686
811	2331
466	2332
18	2333
243	2334
24	2335
18	2336
151	2337
129	2338
469	2339
91	2340
46	2341
812	2342
813	2344
13	2345
5	2346
4	2347
786	2349
10	2350
410	2351
814	2352
23	2353
815	2354
101	2355
46	2356
816	2357
817	2358
1	2359
46	2360
818	2361
819	2362
219	2363
159	2364
820	2365
821	2366
227	2367
134	2369
822	2370
823	767
21	2371
824	2372
412	2373
43	2374
18	2375
46	2376
825	2377
123	2378
23	2379
8	2380
179	2381
826	2382
827	2383
46	2384
128	2385
31	2386
326	2387
828	2388
4	2390
829	2391
38	2392
34	2393
151	2394
71	2395
34	2396
52	2397
326	2398
144	2399
149	2400
24	2401
830	2402
10	2403
96	2404
513	2405
12	2406
43	2407
24	2408
163	2409
21	2410
831	2411
832	2413
204	2414
623	2415
219	2416
219	2417
18	2418
4	2419
144	2420
833	2421
34	2422
9	2423
834	2424
184	2425
46	2426
71	2427
23	2428
690	2430
835	2431
11	2432
5	2433
836	2434
243	2435
837	2436
838	2437
43	2438
79	2439
130	2440
243	2441
600	2442
839	2443
113	2444
5	1032
840	2445
798	2446
163	2447
43	2448
13	2449
11	2450
4	2451
8	2452
46	2453
115	2454
841	2455
94	2456
387	2457
123	2458
649	2459
842	2460
13	2461
100	2462
843	2463
844	2464
52	2465
242	2466
845	2467
23	2468
67	2469
94	2470
846	2471
847	2472
329	2473
155	2474
848	2475
23	2476
55	2477
18	2478
24	2479
80	2480
27	2481
16	2482
148	2483
849	2484
9	2485
23	2486
134	2487
850	2488
9	2489
410	2490
239	2491
77	2492
307	2493
151	2494
217	2495
633	2496
297	2497
23	2498
11	2499
89	2500
52	573
4	2501
43	2502
851	2503
11	2504
18	2505
38	2506
111	2507
91	2508
219	2509
43	2510
16	2511
378	2512
852	2513
23	2515
282	2516
297	2517
297	2518
18	2519
11	2520
4	2521
24	2522
10	2523
853	2524
43	2525
101	2526
854	2527
855	2528
18	2529
155	2530
94	2532
18	1240
856	2533
854	2534
23	2535
46	2536
122	2537
13	2538
11	2539
602	2540
11	2541
239	2542
351	2543
46	2544
4	2545
34	2546
857	351
858	2547
23	2548
23	2549
859	2550
0	2551
860	2552
18	2554
861	2555
24	2556
568	2557
217	2558
378	2559
477	2560
360	2561
23	2562
9	767
163	2563
71	2564
378	2565
739	2566
100	2567
38	1787
320	2568
18	2570
11	2571
863	91
123	2572
864	2573
11	2574
5	2575
171	2576
197	2577
142	2578
94	2579
355	2580
23	2581
179	2582
126	2415
22	2583
534	2584
71	2585
865	2586
13	2587
115	1961
27	2588
204	2589
866	2590
70	2591
393	2592
316	2593
52	2594
17	2595
867	2596
144	2597
23	2598
46	2599
34	2600
600	2601
24	2602
261	2603
355	2604
23	2605
339	2606
77	2607
217	2608
868	2609
378	2610
287	2611
869	2612
862	2613
65	2614
870	2615
80	2616
27	2617
94	91
220	2618
574	2619
102	2620
91	2621
4	2622
13	2623
871	2624
872	2625
468	2626
4	2627
155	2628
70	2629
13	2630
873	2631
874	2632
4	2633
11	2634
875	2635
375	2636
4	2637
9	2638
791	2639
163	2640
9	2641
27	2642
876	2643
12	2644
142	2645
877	2646
4	2647
14	2648
878	2649
879	2650
648	2651
327	2652
18	2653
525	2654
449	2655
43	2656
4	2657
880	2658
27	2660
4	2661
179	2662
881	2663
882	2664
100	2665
89	2666
23	2667
883	2668
23	2669
828	2670
268	2671
24	2672
27	2673
884	2674
243	268
327	2675
96	464
38	2676
24	1855
730	2677
129	2678
885	2680
886	2681
887	2682
201	2683
888	2684
88	2685
326	2686
163	2687
18	2688
46	2689
11	2690
220	2691
10	2692
23	2693
63	2694
5	2695
889	2696
79	2697
17	2699
890	2701
5	2702
12	2703
94	2704
163	2705
171	2706
24	2707
14	2708
891	2709
4	2710
327	2711
892	2712
38	2713
374	2714
94	2715
191	2716
893	2717
174	2718
252	2719
24	2720
91	2721
25	2722
13	2723
92	2724
637	2725
31	2726
801	2727
163	2728
24	2729
380	2730
239	2731
239	2732
894	2733
4	2734
142	2735
326	2736
134	2737
178	2738
4	2739
339	2740
13	2741
197	2742
242	2743
102	2744
9	2745
253	2746
13	2747
895	2748
90	2749
167	2750
5	2751
410	2752
5	2753
179	2754
13	2755
774	2756
219	2757
34	2758
23	2759
42	2760
896	2761
16	2762
46	2763
71	2764
897	2765
898	2766
243	2767
899	2768
483	2769
249	2770
92	2771
43	2772
900	2773
901	2774
451	2775
327	2776
902	2777
654	2778
91	2779
372	2780
903	2781
46	2782
298	2783
904	2784
24	2785
23	2786
38	91
34	2787
46	2788
46	2789
77	2790
378	2791
43	2792
217	2793
77	2794
122	2795
24	2796
905	2797
11	2799
52	2800
534	2801
22	2802
144	2804
167	2805
171	2806
327	2807
906	2808
907	2809
5	2810
111	2811
252	2812
908	1032
909	2813
320	2814
109	2815
4	2816
4	2817
160	2818
423	2819
39	2820
27	2821
13	2822
910	2823
911	2824
912	2825
104	2826
913	2827
374	2828
914	2829
89	2830
92	2831
23	2832
71	2833
179	2834
23	2835
739	2836
560	2837
71	2838
282	2744
915	2839
71	2840
163	2841
34	2842
916	2843
10	2844
56	2845
917	2846
26	2847
918	2848
237	2849
23	2850
358	2851
24	2852
919	2853
126	2854
34	2856
97	2857
42	2858
204	1329
70	2859
212	2860
38	2861
220	1
89	2862
24	2864
401	2865
23	2866
155	2867
921	2868
148	2869
18	2870
922	2871
17	2872
4	2873
126	2874
80	2875
923	2876
17	2877
14	2878
4	2879
71	2880
71	254
924	2881
71	2882
222	2883
23	2884
149	2885
155	2886
204	2887
5	2888
34	2889
4	2890
925	2891
24	2892
11	2893
155	2894
158	2895
77	2896
23	2897
163	2898
926	2899
317	2900
217	2901
34	2902
262	2903
927	2904
69	2905
24	2906
23	2907
144	2908
784	2909
24	2910
23	2911
673	2912
928	2913
23	2914
27	2915
222	2916
929	2917
144	2918
345	2919
225	2920
23	2921
280	2922
297	2923
27	2924
12	2925
4	2926
63	2927
163	2928
930	2929
931	2930
18	2931
603	2932
4	2933
932	2934
55	2935
27	2937
94	2938
185	2939
933	2940
11	904
262	2941
934	2942
63	2943
935	2944
14	2945
25	2946
936	2947
217	2948
223	2949
937	2950
329	2951
800	2952
102	2953
148	2955
142	2958
237	2959
939	2960
24	2962
13	2963
89	2964
179	2965
11	2966
4	2967
940	2968
155	2969
941	2970
4	2971
466	2972
642	2973
307	2974
942	2975
219	2976
943	2978
944	2979
71	2980
401	2981
945	2982
25	2983
23	2984
151	2985
946	2986
947	2987
13	2988
88	2989
948	2990
65	2991
27	2992
949	2993
327	2994
216	2995
411	2996
4	2997
126	2998
950	2999
23	3000
52	3001
38	3002
378	3003
113	3004
142	3005
34	3006
327	3007
301	3008
5	3009
179	3010
38	3011
951	3012
952	3013
22	3014
74	3015
953	3016
23	3017
71	3020
13	3021
46	3022
12	3023
955	3024
52	3025
297	3026
52	3027
46	3028
18	3029
4	3030
956	3031
957	3032
10	3033
821	846
401	3034
401	3035
958	3036
10	2128
959	3037
180	91
282	752
79	3038
537	3040
18	3041
52	3042
960	3043
961	3044
4	3045
962	3046
27	3047
4	3048
5	3049
167	3050
282	3051
282	516
963	2160
129	3053
126	1553
10	3054
964	3055
965	3056
472	3057
966	3058
707	3059
34	3060
142	3061
282	3062
24	3063
967	3064
968	3065
24	2482
969	3066
4	3067
34	3068
24	3069
64	3070
1	3071
970	3072
13	3074
451	3075
11	3076
130	3077
104	3078
63	3079
663	3080
378	509
23	3081
316	3082
38	3083
237	3084
184	3085
34	3086
282	3087
733	3088
23	3089
23	3090
904	3091
79	3092
971	3093
972	3094
973	3095
163	3096
974	3097
975	3099
71	3100
23	3101
13	3102
56	3103
24	3104
486	3105
976	3106
77	3107
752	3108
744	3109
4	3110
23	3111
113	3112
326	3113
100	3114
977	3115
978	1743
101	3116
317	18
13	3117
80	3118
142	3120
65	3121
220	3122
423	3123
339	3124
979	3125
199	3126
142	3127
23	3128
980	3129
27	3131
355	3132
113	3133
43	3134
239	3135
179	3136
220	3137
981	3138
976	3139
982	3140
983	3141
9	3142
11	3143
22	3144
673	3145
984	3146
23	3147
985	3148
63	3149
27	3150
197	3151
986	3152
368	3153
13	3154
111	2660
410	3156
9	3158
988	3159
52	3160
71	3161
104	3162
10	3163
23	3164
5	3165
43	3166
410	3167
5	3168
11	3169
70	3170
123	3171
989	3172
171	3173
990	3174
991	3175
52	3176
992	3177
163	3178
347	3179
18	3180
993	3181
994	3182
113	3183
23	3184
4	3185
430	3186
9	3187
263	3188
339	642
17	3189
410	3190
101	3191
705	3192
46	3193
151	3194
112	3195
13	3196
71	3197
469	3198
70	3199
11	221
79	3200
5	3202
43	3203
18	3204
995	3205
21	3206
996	3207
4	3208
222	3209
71	3210
997	1005
998	3211
38	3212
5	3213
999	3214
23	3215
4	3216
112	3217
243	2764
46	1743
1000	3218
46	3219
4	3220
160	3221
184	3222
4	3223
23	3224
55	3225
1001	3226
63	3227
1002	3228
1003	3229
23	3230
144	3231
483	3232
23	3233
4	3234
184	3235
5	3236
0	3238
244	3239
1004	3240
122	3241
351	18
101	3242
126	3243
243	3244
25	3245
11	3246
281	3247
392	3248
163	3249
1005	3250
77	3251
163	3252
1006	3253
102	3254
2	3255
243	3256
79	3257
1008	3259
4	3260
4	3262
654	3263
1009	3264
201	3265
1010	187
71	3266
34	3267
287	3268
11	3269
378	3270
1011	3271
25	3272
1013	3274
112	3276
23	3277
11	3278
1014	3279
741	3280
23	3281
4	3282
191	3283
71	3284
976	3285
654	3286
171	3289
102	3290
126	3291
1016	3292
70	3293
1017	3294
23	3295
1018	3296
34	3297
38	3298
124	3299
77	212
91	3300
1019	3302
77	3303
159	532
23	3304
1020	3305
1021	3306
23	1262
113	3307
18	3308
104	3309
18	3310
790	3311
142	3312
171	3313
1022	3314
410	3315
707	3316
52	3317
11	3319
1023	3320
306	3321
18	3322
4	3323
24	3324
63	3325
1024	3327
23	3329
372	3330
1025	3331
484	3332
318	3333
71	3334
91	3336
1026	3337
4	3338
163	3339
1027	3340
115	3341
27	3342
1028	3343
145	3344
71	1032
637	3345
4	3346
1029	3347
23	3348
1030	3349
795	3350
163	3351
4	3352
24	3353
92	3354
300	3355
553	3356
1031	922
113	3357
174	961
263	3358
23	3359
1032	3360
1033	3361
71	3362
4	3363
303	2233
1034	3364
23	3365
422	3366
1035	3367
23	3368
77	3369
1036	3370
167	3371
346	3372
1037	3373
43	3374
24	3375
1038	3376
374	3377
637	3378
216	3379
1039	3380
71	3381
1040	3382
239	3383
1	3384
1041	3385
1042	3386
46	3387
327	3388
11	3389
25	3390
23	3391
24	3392
216	3393
326	3394
243	3395
4	3396
1043	3397
4	3398
1044	3399
9	3400
332	3401
497	3402
550	3403
1045	3404
1046	3405
580	3406
23	3407
5	3408
113	3409
1047	3410
1048	3411
12	3412
1049	3413
167	3414
1050	3415
4	3416
23	3417
23	3418
1051	3419
1052	3420
110	3422
637	3423
725	3424
294	3425
71	3426
46	3427
148	3429
5	3430
14	3431
111	3432
603	3433
24	3434
11	3435
1055	2488
329	3437
126	3438
52	3439
1056	3440
8	3441
126	3442
219	3443
39	3444
127	3445
306	3446
1057	3447
14	308
1058	3448
5	3449
115	3450
24	3451
144	3452
132	3453
34	3454
4	3455
112	3456
1059	3457
23	3458
829	3459
111	3460
649	3461
1060	3462
1061	3463
23	3464
645	3465
23	3466
23	3467
4	3468
144	3469
11	3470
178	3471
18	3472
26	3473
69	3474
1063	3477
323	3478
307	3479
1064	3480
430	3481
127	3482
512	3483
1065	3484
23	3485
80	3486
1066	3487
4	3488
11	3489
530	3490
0	3491
1067	3492
34	3493
1068	3494
705	3495
1069	3496
725	3497
1070	3498
179	3499
201	3500
34	3501
21	3503
320	3504
23	3505
11	3506
1071	6
13	3507
24	3508
4	3509
1072	3510
949	3512
24	3513
1073	3514
1074	3515
339	3516
24	3517
5	3518
24	3519
71	3520
410	3521
607	3522
71	3523
46	3524
383	3525
1075	3526
23	3527
24	3528
1076	3529
1077	3530
18	3531
11	3532
71	3533
9	3534
1078	3535
1079	3536
1080	3537
18	3538
1081	3539
550	3540
220	3541
9	2564
1082	3542
489	3543
109	3544
91	2775
327	3545
1060	3546
1083	3547
1084	3548
184	3549
281	3550
1085	3551
18	3552
1086	3523
442	3553
1087	3173
11	3554
13	3555
9	3558
649	3559
1088	3560
1089	3561
30	3562
1090	3563
326	2795
1091	3564
71	3565
1092	3566
23	3567
466	3568
91	3569
26	3570
96	3571
1093	1993
328	3572
155	3573
294	3574
4	3575
52	3576
91	3577
42	3578
1094	521
46	3579
91	3580
1095	3581
23	3582
201	1054
1096	3583
4	3584
1097	3585
143	3586
4	3587
43	3589
768	3590
22	3592
43	3593
23	3595
179	3596
1099	3598
410	3599
44	2267
115	3600
184	3601
1100	3602
23	91
242	3603
21	3604
111	3605
216	3606
512	3607
13	3608
27	3609
1101	3610
158	3611
410	3612
1102	3613
23	3614
326	3615
21	3616
1103	3617
16	803
27	3618
55	3619
1104	2067
151	3620
1105	3621
456	841
184	3622
601	3623
11	3624
23	3625
297	3626
151	3627
262	3628
410	3629
302	3630
39	3631
24	3632
24	923
1106	3633
675	3634
289	1179
46	3635
368	3636
92	3638
1107	3639
63	3640
4	3641
1108	64
4	3642
102	3643
23	3644
23	3645
9	3646
1	3647
452	3648
378	3649
126	457
13	3650
42	3651
327	3652
327	3653
126	3654
23	3655
21	3657
1109	3658
21	3659
550	3661
253	3662
18	3663
151	3665
10	3666
104	3667
77	3668
43	44
201	3669
101	3670
23	3671
18	3672
123	3673
52	3674
46	3675
65	3676
456	3677
176	158
1111	3678
556	3679
1112	3680
52	3681
46	3682
179	3683
16	3684
1114	3685
63	3686
11	3687
70	3688
159	3689
113	3690
423	3691
5	3692
216	3694
4	3695
1115	3696
4	3697
795	3698
1116	3699
23	3700
23	3701
4	3702
25	3703
553	3704
1117	3705
43	3706
9	3707
143	3708
11	3709
1118	3710
70	3711
566	3712
1119	3713
327	3714
10	3715
77	3717
4	3718
282	3719
345	3720
101	3721
298	3722
91	841
1120	3723
130	3724
23	3725
109	3726
101	3727
70	3728
24	3729
23	3730
127	3731
46	3732
468	3733
112	3734
1121	3735
289	3736
77	3737
160	3738
244	3739
401	3740
16	3741
223	3742
5	3743
155	3744
339	3745
800	3746
1122	3747
55	3748
91	3749
5	3750
126	3751
4	3752
1123	3753
326	3754
23	3755
900	3756
268	3758
327	3759
468	3760
336	3761
866	3762
378	3763
710	3764
10	2129
1125	3765
9	3766
607	3767
23	3768
102	3769
613	3770
31	3771
24	3772
1060	3773
39	3774
336	3775
16	3776
123	3778
4	3779
9	3780
151	3781
18	3782
1127	3783
976	3784
5	3785
1128	3786
8	3787
4	3788
130	3789
23	3790
43	3791
1129	3793
307	3794
451	3795
79	3796
1130	3797
4	3798
132	3799
23	2543
1131	3800
155	3801
378	3802
217	562
1132	3803
13	3805
46	3806
1133	3807
17	3808
4	3809
9	1177
320	3810
18	3811
23	3812
216	3813
77	3814
91	3815
23	3816
4	3817
46	3818
9	3819
220	3820
43	2503
23	3821
1134	3822
1135	3823
1136	1806
23	3824
410	923
450	3825
16	3826
244	3828
94	3829
18	3830
4	3831
4	3832
23	3833
115	3834
142	3835
123	3836
132	3837
100	3838
306	3839
1137	3840
339	3841
239	3842
110	3843
368	3844
1138	3845
71	3846
4	3848
23	3849
4	3850
1139	3851
34	3852
339	3853
287	3854
707	685
4	3855
423	3856
179	641
246	3857
1140	3858
1141	3859
46	3860
23	3861
263	3862
71	3863
11	3864
163	3865
80	3866
1142	3867
1143	3868
5	3869
614	3870
550	3871
163	3872
730	3873
12	3875
144	3876
23	3877
142	3878
46	3879
1145	3880
9	3881
179	3882
466	3883
79	3884
42	3885
468	3886
151	3887
9	3888
25	3889
52	3890
163	3891
1146	3892
113	3893
327	3894
18	3895
1147	3896
63	3897
9	1329
101	3898
13	3899
243	3900
197	3902
155	3903
1148	3904
301	3905
91	3906
159	3907
38	3908
372	3909
4	3910
24	3911
23	3912
1149	3913
79	3915
1150	3916
163	3917
197	3918
4	3919
23	3920
1151	3921
498	3922
469	3923
24	3924
1152	3925
1153	3926
52	3927
171	3928
994	3929
4	3930
71	3931
355	3932
17	3933
4	3934
220	3935
9	3936
100	3937
23	3938
9	3939
52	3940
1154	3941
242	3942
301	3943
5	3944
104	3945
1156	3947
13	3948
244	3949
18	3950
91	3951
23	3952
70	3953
18	1191
0	3954
23	3955
43	3956
101	3957
46	3958
201	3959
142	1554
34	3960
1157	3961
1158	3962
115	257
323	3963
113	3964
43	3965
23	3966
70	3967
27	3968
1159	3969
43	3970
18	3971
11	3972
23	3973
725	3974
18	3975
46	3976
1100	3978
13	3979
11	3980
80	3981
46	3982
11	3983
43	3984
21	3985
346	3986
74	3987
1161	3988
1162	3989
10	3990
1163	3991
23	3173
21	3992
79	3993
602	3994
1164	3995
160	3996
4	3997
407	3998
24	3999
43	4000
360	4001
4	4002
90	4003
217	4004
1165	4005
179	231
339	4006
11	4007
179	4008
0	4009
1166	4010
24	2436
38	4011
1167	4012
1168	4013
1169	4014
263	4015
42	4016
1170	4017
1171	4018
220	4019
46	254
1172	4020
23	4021
23	4022
155	4023
34	4024
1173	4026
1174	4027
1175	4028
23	4029
24	4030
11	4032
328	4033
71	4034
5	4035
673	767
307	4036
1176	4037
1177	9
1178	4038
27	4039
5	4040
1179	158
24	4041
4	4043
1180	4044
9	464
71	4045
4	4046
11	4047
39	4048
1056	4049
151	4050
77	4051
1181	4052
1182	4053
111	4054
282	4055
160	4056
1183	4057
16	4058
1184	92
4	4059
21	4060
217	4061
43	4062
1185	4063
220	4064
1186	4065
1187	4066
1188	4067
1189	4068
94	2516
25	4069
372	4070
159	4071
36	257
80	4072
71	3769
11	4073
5	4074
244	4075
24	4076
1147	4077
34	521
201	4078
23	4079
71	4080
9	1991
11	4081
1190	4082
430	4083
119	4084
79	4086
4	4087
155	4088
1191	4089
407	4090
307	4091
77	4092
1192	4093
243	4094
92	4095
9	4098
101	4099
70	4100
603	4101
149	4102
306	4103
71	4104
38	4105
27	4106
466	4107
70	4108
24	4109
77	4110
205	4111
1193	4112
222	4113
345	4114
4	4115
1194	4116
9	4117
36	4118
1195	4119
1196	4120
149	4121
375	4122
1197	4123
27	4124
34	4125
1198	4126
142	4127
18	4128
1199	4129
11	4130
4	4131
4	4132
11	4133
4	4134
602	4135
25	4136
126	4137
163	4138
101	4139
1200	4140
1201	4141
544	4142
798	4143
237	4144
4	4145
91	4146
115	33
239	4147
23	4148
71	4149
1202	4150
71	4151
282	4152
243	4153
23	4154
27	4155
91	4156
317	4157
9	1760
18	4158
34	4159
1203	4160
1204	4161
1205	4162
34	4163
24	464
11	4165
4	4166
4	4167
10	4168
21	4169
1206	4170
1207	4171
21	4172
71	4173
5	4174
4	4175
4	4176
1208	269
204	4177
94	4178
23	4179
356	4180
56	4181
46	4182
0	4183
71	4184
80	4185
178	4186
201	4187
142	4188
1209	4189
739	4190
101	4191
9	4192
4	4193
112	4194
1210	4196
466	4197
1211	2001
16	4198
129	4199
179	4200
1212	4201
25	4202
63	4203
1213	4204
65	4205
24	4206
151	4207
5	1330
597	4208
1059	4209
205	4210
104	4211
23	4212
179	4213
113	4214
1214	4215
71	4216
11	4217
329	4218
101	4219
63	4220
27	4221
101	4222
1215	2224
1216	4223
102	4225
23	4227
167	4228
219	4229
962	4231
1217	4232
1218	4233
217	4234
1219	4235
16	3769
1220	4236
4	4237
8	4238
149	4239
1215	4240
158	4241
4	3084
1221	4242
18	4243
326	4244
100	4245
11	4246
42	4247
1222	4248
9	4249
320	4250
327	4251
1223	4252
1224	4253
104	4254
151	4255
507	4256
1225	3615
4	4257
1	4258
423	4259
204	4260
1226	4261
423	4262
23	4264
843	4265
5	4266
149	4267
303	4268
4	4269
1227	4270
1228	2604
1229	4272
63	4273
9	4274
71	4275
1230	4276
1231	4277
18	4278
262	4279
320	4280
87	4281
1232	4282
18	4283
553	4284
345	4285
4	4286
79	4287
77	4288
142	4289
38	4290
39	4291
18	4292
115	4293
12	4294
92	4295
407	4296
1233	4297
1234	4298
283	4299
225	4300
1235	4301
5	4302
1236	4304
21	4305
327	4306
21	4307
217	4308
63	4309
5	4310
112	4311
5	4312
442	4313
1237	4314
43	4315
808	4316
360	2475
5	4317
89	4318
23	4319
91	4320
151	4321
1238	4322
378	4323
11	4324
4	4325
725	4326
1239	4327
1240	4328
1241	4329
4	4330
5	4331
4	158
176	4332
1242	4333
220	4334
4	4335
126	4336
1243	4337
71	4338
80	3452
4	4339
24	4340
13	4341
317	4342
5	4343
1244	4345
112	4346
23	4347
17	4348
543	4349
395	4350
611	4351
101	4352
423	4353
5	1329
71	4354
142	4356
1245	4357
24	4358
12	1662
27	4360
1108	4361
11	4362
1246	4363
25	4364
1010	124
1247	4365
222	4366
167	4367
74	4368
1248	4370
220	4371
1129	4372
1249	4373
18	4374
12	4375
25	4376
504	4377
307	4378
24	4379
1250	4380
410	4381
23	4382
1251	4383
13	158
123	4384
25	4385
126	4386
1252	4387
197	841
456	4388
451	4389
1253	4390
1254	4391
1255	4392
1256	2536
148	4393
23	4394
1257	4395
123	4396
27	4397
44	4398
4	4399
287	4400
1258	4401
11	4402
320	4403
63	4404
24	4405
17	4406
368	4407
5	4408
1259	4409
1260	4410
1261	4411
24	4412
71	4413
389	4414
179	4415
628	4416
637	4417
39	4418
9	4419
217	3854
23	4420
1262	4421
560	4422
201	4423
1263	4424
1264	4425
217	4426
52	4427
843	4429
1266	4430
23	1213
1	4431
1267	4432
4	4433
217	4434
179	235
71	4435
1268	4436
1269	4437
4	4438
23	4439
31	4440
4	4441
167	4442
296	4443
498	1991
1270	4444
9	4445
155	4446
220	3125
52	4447
4	4449
158	4450
77	4451
71	187
23	4453
132	4454
104	4455
18	4456
23	4457
297	4458
90	4459
329	4460
160	4462
1272	4463
24	4464
1273	4465
336	4466
263	4467
1274	4468
1275	4469
23	4470
1276	4471
220	4472
1277	4473
167	2415
1278	4474
13	4475
179	4476
223	4477
46	4478
23	4479
345	4480
0	4481
5	4482
23	4483
967	4484
1279	4485
21	4486
410	4487
204	4488
1280	4490
1281	4491
23	4492
336	464
985	4493
298	4494
481	4495
23	4496
23	4497
1282	4498
39	4499
18	4500
24	4501
201	4502
1283	4503
24	4504
1284	4505
1285	4507
18	4508
11	1403
1030	4509
829	4510
1286	4511
11	4512
102	4513
1287	4514
151	4515
483	4516
9	4517
216	4518
1288	4519
282	4520
23	4521
94	4522
1289	4523
34	4524
163	4525
18	4526
247	4527
71	4528
119	4529
13	4530
70	4531
4	4532
391	4533
1290	4534
23	4535
122	4536
18	4537
451	4538
1291	4152
4	4539
4	4540
504	4541
66	4542
23	4543
223	4544
21	4545
1292	4546
24	4547
339	4548
9	4549
4	4550
184	4551
91	2639
9	4552
534	4553
5	4554
71	4555
418	4556
4	4557
216	4558
934	4559
101	4560
1293	4561
31	4562
789	1191
1294	4563
21	4564
233	4565
12	4566
113	4567
339	4568
216	4569
1295	646
155	4570
11	4571
71	4572
497	4573
11	302
4	4574
23	4575
1296	4576
1297	4577
303	4578
410	4579
943	4580
1298	4581
167	4582
101	4583
339	4584
204	18
1299	4585
282	4586
24	4587
4	4588
219	4589
204	4590
18	4591
1300	4592
1301	4593
122	4595
23	4596
11	4597
69	4598
1302	4599
34	4600
550	4601
4	4602
13	4603
18	4604
27	4605
34	4606
66	4607
124	4608
22	4609
1303	147
31	4610
24	4611
23	4612
155	4613
326	4614
320	4615
11	4616
24	4617
11	4618
24	4620
9	4621
204	4622
34	4623
237	4624
38	4625
9	3724
126	4626
23	4627
159	4628
63	516
1304	4629
80	4630
204	4631
684	4632
67	4633
1044	4634
483	4635
239	4636
71	4637
52	4638
1061	4639
112	207
1275	4640
11	4641
185	4643
43	4644
1195	4645
332	4647
244	4648
144	4649
65	4650
252	4651
23	4652
220	4653
1305	4654
1306	4655
1307	4656
11	4657
1308	4658
23	4659
423	4660
560	4661
26	4662
145	4664
459	4665
44	4666
439	4667
220	715
1	4668
11	4669
290	4670
5	4671
220	1301
1309	3290
665	4672
1310	4673
1311	4674
39	4675
222	4676
23	4677
327	4678
774	4679
23	4680
234	4681
46	4682
16	4683
220	4684
1312	4685
212	4686
302	4687
46	4688
43	4689
113	4690
1313	4691
239	4692
1045	4693
320	4694
18	4695
9	4696
1314	4697
1315	4698
23	735
23	4699
1316	4700
4	4701
1317	4702
126	4703
1318	4704
17	4705
104	2265
13	4706
201	4707
1319	2326
1320	4708
52	4709
263	4710
1321	4711
38	4712
217	4713
1322	4714
18	4715
1323	4716
23	4717
143	4718
24	4719
219	4720
5	3867
1324	4721
77	4722
122	4723
142	4724
1325	4725
52	4726
71	4727
71	4728
1326	4729
301	4730
1327	2657
4	4731
34	4732
43	2271
9	4733
219	4735
163	4736
242	4737
18	4738
1328	4739
1329	4740
13	4741
1330	4742
360	4743
1331	4744
22	4745
1332	4746
355	994
1333	4747
204	4748
5	4749
0	4750
94	4751
1334	4753
197	4754
423	3615
345	4755
451	4756
1129	4757
1335	4758
23	4759
89	4760
104	4761
327	4762
52	806
142	241
1087	4763
1336	4764
5	4765
92	4766
4	4767
1337	4768
1338	4769
307	4770
52	821
339	4771
1339	4772
11	4773
1340	3795
163	4774
1341	4775
23	4776
1342	4777
55	4778
83	4779
1184	4780
126	4781
23	4782
24	4783
628	4784
43	923
1343	4785
149	4786
23	4787
18	4788
18	4789
65	4790
204	4791
1344	4792
71	4793
714	4794
423	4795
204	4796
4	4797
27	4799
1345	4800
750	4801
1346	4802
43	4804
1347	4805
71	4806
401	4807
8	4808
92	4810
1348	4811
201	4812
112	4813
1349	4814
5	4815
1350	4816
1351	4817
5	4818
217	4819
1352	4820
77	4823
1353	4824
320	4825
217	4826
112	4827
4	4828
223	4829
31	1403
1354	4830
3	4831
24	4832
155	4833
46	4834
466	4835
602	4836
308	4838
1355	4839
79	4840
259	4841
130	4842
5	4843
623	4844
1356	4845
13	4846
23	4848
1358	4849
654	4850
21	4851
23	4852
12	4853
179	4854
71	4855
1359	4856
71	4857
71	4858
423	4860
1360	4861
23	4862
1361	4863
79	4864
545	4865
124	4866
24	4867
80	4868
242	4869
112	4870
176	4871
1362	4874
673	4875
71	4876
201	4877
34	4878
92	4879
1363	4880
282	4881
11	4882
100	4883
217	22
1129	4884
163	4885
468	4886
23	4887
155	4889
23	4890
4	4891
55	4892
959	4893
18	4894
1364	4895
1365	4896
24	4897
297	4898
124	4899
1366	4900
1367	4901
91	4902
144	4903
339	4904
24	4905
63	4906
219	4907
397	464
11	4908
111	4909
13	4910
10	4911
43	4297
1368	4912
1369	4913
326	4914
868	4915
1370	4916
493	4917
18	4918
824	4920
4	4921
149	1933
401	4922
1371	4923
423	4924
243	4925
11	4926
324	4929
1373	4930
1374	4931
23	4932
507	4933
24	4934
346	4935
91	1760
143	4936
1375	4937
24	4938
23	4939
1376	4940
1377	4941
23	906
111	4942
290	4943
550	4944
217	4945
11	4946
24	4947
23	4948
1378	4949
24	4950
1379	4951
55	4952
302	4954
163	4955
38	4956
1380	4957
308	4959
197	4960
306	4961
21	4962
308	4963
11	4964
1381	4965
451	4966
71	4967
1382	4968
23	4970
123	4971
1384	4972
10	4973
38	4975
910	4976
1385	4328
11	4977
46	4978
159	4979
4	4980
4	4981
163	4982
4	4983
13	4984
11	4985
481	4986
52	4987
52	4988
1386	4989
1387	4990
226	4991
24	4992
27	4993
1388	4994
10	4995
71	4996
4	4997
91	4998
43	4999
1389	5000
1390	5001
1391	5002
1392	5003
171	4235
412	5004
537	5005
21	5006
23	5007
9	5008
1393	5009
204	5010
24	5011
92	2503
24	5012
113	5013
876	5014
74	5016
1394	5017
18	5018
101	5019
96	5020
4	2464
77	5021
5	5022
313	257
151	5023
38	5024
347	5025
0	5026
38	5027
79	5028
756	5029
91	187
31	5030
4	5031
702	5032
745	5033
9	5034
372	5035
179	5036
1395	5038
1396	5039
71	5040
23	5041
4	5042
149	5043
1397	5044
344	5045
1398	5046
1399	5047
4	2475
69	5049
79	5050
1400	5051
46	5052
123	5053
1401	5054
356	5055
23	5056
1402	5057
223	646
1403	5058
1060	5059
9	5060
16	5061
77	5062
163	5063
23	5064
151	5065
23	5066
1404	231
1405	1403
23	5067
2	5068
212	5069
4	5070
124	5071
1045	5072
1406	5073
679	5074
1407	18
71	5075
24	5077
620	5078
71	5079
4	5080
52	5081
466	5082
64	5083
1408	5084
100	4152
100	5085
423	5087
4	5088
1410	5090
46	5091
144	5092
13	5093
23	5094
23	5095
1411	5096
71	5097
5	5098
483	5099
4	5100
160	5101
1412	5102
308	5103
1413	5105
113	5107
23	5108
22	5109
11	5110
1414	5111
1415	5112
171	5113
401	5114
91	5115
1416	5117
123	5118
950	187
23	5119
22	5120
249	5121
1417	5122
91	2630
52	5123
1418	5124
1419	4206
164	5125
1420	5126
1259	5127
115	5128
77	1365
4	2279
417	5129
187	5130
23	5131
23	5132
306	5133
71	5134
70	5135
1421	5136
297	5137
1422	516
1423	5138
583	5139
6	5140
281	4767
1424	1662
171	5141
326	5142
1425	5143
9	5144
129	5145
1426	5146
1427	5147
262	5148
282	5149
43	5150
123	5151
512	5153
123	5154
11	5155
1428	5156
91	5157
1429	5158
43	5159
532	5161
1339	5162
10	5163
179	5164
263	5165
128	5166
111	5167
115	1805
1430	5168
92	5169
94	5171
71	5172
239	573
1431	5173
174	5174
24	5175
244	5176
100	4415
429	5177
5	5178
4	1365
364	5179
1432	5180
360	5181
1433	5182
1434	5183
1435	5184
14	5185
99	5186
1436	5187
46	5188
9	5189
89	5190
23	5191
512	231
544	5192
23	5193
1437	5194
410	5195
1438	5196
111	3309
70	5198
27	5200
113	5201
16	5202
23	5203
1439	5204
80	5205
1440	5206
123	5207
1441	5208
13	5209
52	5210
13	5211
174	5212
34	5213
27	5214
1442	5215
9	5216
410	5217
1443	5218
742	5219
34	5220
23	5221
160	5222
24	5223
39	5224
1444	5225
13	5226
34	5227
91	5228
158	5229
27	2604
24	5230
160	5231
144	5232
1445	5233
23	5234
39	5235
410	5236
1446	5237
1447	5238
123	5239
17	5240
119	5241
4	5242
24	5243
1448	5244
24	5245
179	5246
80	5247
297	5248
4	5249
298	5250
27	5251
71	5252
1449	5253
423	5254
1450	5255
282	5256
4	5257
46	5258
23	5259
1451	5260
1452	5261
1453	5262
282	5263
1454	5264
46	992
69	5265
27	5266
71	5267
4	5268
217	5269
91	5270
39	5271
4	5272
5	464
604	5273
1455	5274
281	3788
16	1032
298	5275
13	5276
571	5277
5	5278
63	5279
42	5280
220	5282
1456	5283
1457	5284
23	5286
602	5287
204	5288
449	5289
43	5290
607	5291
1110	5292
155	5293
12	5294
430	5295
1458	5296
244	5297
63	5298
1459	5299
1460	5300
12	5301
422	5302
1461	5303
158	5304
1462	5305
142	5306
71	5307
115	5308
242	5309
112	5310
301	5311
1463	5312
144	5313
1464	922
4	5315
52	5316
158	5317
401	5318
119	5319
24	5320
4	5321
1465	5322
184	5324
18	5325
1466	5326
24	5327
124	5328
24	5329
1467	5330
246	5331
23	5332
1468	5333
614	5334
113	5335
46	5336
1275	5337
179	5338
327	5339
23	5340
162	5341
4	5342
17	5343
351	5344
197	5345
1469	5346
647	5347
4	5348
391	5349
43	5350
1470	5351
402	5352
1471	5353
24	5354
4	5355
17	5356
52	5358
23	5359
38	5360
800	1839
9	5362
39	5363
129	5364
92	5365
10	5366
4	5367
396	5075
327	5368
91	5370
133	5371
104	5372
124	5373
122	5374
39	5375
216	5376
1472	4078
1473	5378
223	5379
4	5380
27	5381
360	4684
21	5382
100	5383
34	5384
34	3577
23	5385
23	2795
1236	5386
403	5387
1474	5388
24	5389
868	5390
745	5391
23	1737
13	5392
23	5393
5	4136
24	5394
345	5395
673	5396
1475	5397
23	5399
217	5401
1231	5402
321	5404
71	5405
24	1277
355	5406
994	5407
1275	5408
4	5409
34	5410
163	5411
673	5412
24	5413
44	5414
171	5415
429	5416
123	5417
1476	5418
228	5419
142	5420
13	5421
466	701
12	5422
1477	5423
282	5424
513	5425
27	5426
63	5427
96	5428
23	5429
176	5430
1478	5431
11	5432
23	5433
1479	5434
148	4755
13	5435
16	5436
23	5437
44	5438
23	5439
4	5440
326	5441
24	5442
27	5443
174	5444
24	5445
1480	5446
126	5447
1481	5448
851	5449
111	5450
113	5451
422	5452
23	5453
1482	5454
18	5455
243	5456
212	5457
23	5458
27	5459
24	5460
46	5461
27	5462
1483	1329
9	5463
1	187
4	5464
1484	5465
23	5466
23	5467
23	5468
12	5469
1485	5470
4	1509
23	5471
4	5472
1061	5473
282	5474
1486	5475
1487	5476
23	5477
390	4250
256	5478
16	1554
94	5479
982	5480
23	5481
69	5482
71	5483
360	5484
204	5485
4	5486
23	5487
1488	5488
158	5489
1489	5490
286	5491
239	5492
24	5493
18	5261
71	5494
9	5495
24	5496
23	5497
9	5498
31	5499
512	5500
115	930
217	5501
4	5502
1490	5503
92	5504
1491	5505
212	5506
1492	5507
628	5508
27	91
24	5509
1493	5511
23	5512
407	5513
1494	5514
111	5515
1495	5516
11	5517
1496	5518
5	5519
13	5520
1497	5521
46	5522
707	5523
11	5524
0	5525
237	5526
739	5527
12	5528
423	5531
34	5532
223	5534
1053	5535
5	5536
91	5537
1498	5538
23	4297
101	5540
227	464
38	5542
158	5543
126	5544
807	5545
13	5546
77	5547
39	5548
197	5549
24	5550
398	5551
297	5552
246	5553
9	5554
158	2630
1500	5555
1501	5556
24	5557
71	5558
154	5559
39	1562
600	504
466	5560
1502	5561
982	1787
179	5562
80	4516
34	5563
1503	5564
282	5565
13	5566
197	5567
16	5568
5	1252
4	5569
104	5570
24	5571
4	5572
217	5573
1504	18
126	5574
43	5575
77	5576
18	5577
101	5578
228	5579
290	5580
112	5581
4	5582
889	5583
877	5584
23	3867
4	5585
44	5586
242	5587
115	5588
23	1341
544	5589
129	5590
201	5591
1505	5592
112	1509
70	5593
11	5594
1506	5595
1507	5596
71	641
11	2536
430	5598
18	5599
18	5600
317	5602
368	5603
55	5604
1211	5605
1508	5606
113	5607
22	5608
614	5609
4	5610
11	5611
101	5612
126	5613
1509	5614
1510	5615
99	5616
111	5617
71	5618
1511	5619
1147	2680
11	5620
23	5621
1512	5622
602	3125
180	5623
1513	5624
1514	1136
14	5625
368	5626
10	5628
1515	5629
1516	5630
1026	5631
1517	5632
217	5633
163	5634
92	5635
4	1336
115	5636
24	5637
113	5638
242	5639
38	5640
695	1991
4	5642
518	5643
111	5644
451	5645
654	5646
5	5647
1518	5648
452	5649
13	5650
1519	4152
283	5651
21	5652
23	5653
1520	5654
18	3373
1521	382
9	5655
18	4146
1183	5656
602	5657
46	5658
23	888
124	5659
345	5202
91	5660
1522	5661
101	5662
23	5663
71	5664
705	5665
1523	5666
301	5667
12	5668
297	5669
142	5670
4	5671
282	5672
1524	5673
1525	2475
4	5674
830	5675
16	5676
1526	5677
1527	5678
4	5679
91	457
191	5680
77	5681
372	5682
1528	5683
1450	5684
6	5685
63	5686
23	5687
220	5688
934	5689
11	5690
216	5691
4	5692
34	5693
378	5694
1529	5695
16	5697
71	5698
1530	5699
4	5700
6	1554
34	5701
184	5702
1004	5703
5	5704
43	5705
1531	5706
1532	5707
18	5708
71	5709
518	5710
124	5711
111	5713
115	5714
1533	5715
1056	5716
24	5717
317	5718
142	5719
123	5720
216	5721
4	5722
880	5723
1262	5724
34	5725
1534	5726
410	5727
23	5728
1535	1032
220	5729
12	5730
145	5731
4	5732
201	5733
11	5734
1536	5735
24	5736
1537	5737
1538	5738
18	5739
11	5740
69	5741
410	5742
1539	5743
4	5744
18	5745
1129	5746
204	5747
18	5748
34	5749
1540	5750
10	5751
603	5752
1541	5753
119	5754
23	5755
46	3662
1542	5756
11	5757
159	5758
111	5759
327	5760
1543	5761
11	5762
5	5763
13	5764
59	5765
282	5766
483	5767
158	5768
171	5769
345	5770
422	5771
1544	5772
129	5773
71	5774
8	5775
4	5776
1545	5777
242	5778
545	5779
282	5780
1535	5781
23	5782
184	5783
317	5784
286	5785
559	5786
126	5787
1546	5788
282	464
27	5789
1547	353
27	5790
12	5791
126	5792
220	5793
468	5794
468	5795
5	5796
4	5797
23	5798
1548	219
23	5799
1549	5800
1550	5802
1551	5803
23	5804
154	5805
5	5806
12	5808
27	5809
1483	464
252	5810
8	5811
1552	5812
21	5813
79	5814
23	5815
46	5816
1553	5817
5	5818
1554	5819
4	5820
46	5821
4	5822
63	5823
508	5824
959	5825
877	5826
14	5827
71	5828
77	5829
1555	5830
23	5831
42	5832
13	5834
1556	5835
534	5836
23	5837
451	5838
13	5839
13	5840
27	5841
10	5842
13	5843
39	5844
1558	5845
18	5846
70	5847
1559	3996
143	5848
151	5849
1560	5850
4	5851
63	5852
142	5853
220	5854
1561	5855
1562	5856
23	5857
92	5858
294	5859
1563	5860
461	5436
242	5861
1564	5862
16	5863
223	757
1565	5864
553	5865
129	5866
17	5868
11	520
1566	5870
602	5871
31	5872
306	5873
1567	5874
1568	5875
24	5876
367	5877
18	5878
22	5879
574	5880
798	818
1569	5881
1570	5882
11	5883
4	5884
46	5885
23	5886
23	5888
79	2355
63	5889
11	5890
4	5891
111	5892
220	5893
707	5895
167	5896
159	5897
360	5898
1	5899
282	5900
1571	5901
1572	5902
100	5904
14	5118
1573	5905
188	5906
155	5907
1574	5908
1575	5909
423	5910
877	5911
1576	5912
101	5913
1577	5914
27	5915
197	5916
396	5917
1578	5918
212	5919
179	5920
201	5921
201	5922
159	5923
1579	5924
25	5925
1580	5926
8	5928
23	5929
71	5930
1581	2362
217	5931
1582	5932
8	5933
163	5934
23	5936
142	5937
417	5938
34	5939
1583	5940
707	5941
985	5942
1584	5943
11	5945
77	5946
4	5947
1585	5948
1184	5949
4	5951
1586	5952
1587	5953
1588	5954
1589	5955
23	5956
263	5957
92	1032
18	5958
12	4924
220	5959
23	5960
69	5961
1590	5962
27	5963
223	5964
1591	5965
34	5966
297	5967
1592	5968
1593	5969
11	5970
1594	5971
128	5972
1595	5973
12	5974
1596	2949
1004	5975
1597	5976
1598	5977
294	5978
159	5979
11	5980
23	5981
829	5982
179	5983
91	5984
163	5985
1599	5986
89	5987
148	1005
163	5988
1600	5989
317	5990
1601	5991
11	5992
46	1698
23	5995
4	5996
142	5997
5	5998
503	5999
16	6000
1602	6001
123	6002
63	6003
1603	803
356	1787
320	6004
1604	6006
1605	6007
4	6008
179	6009
63	1595
144	6010
4	6011
1606	6012
1607	6013
1608	6014
1602	6015
702	6016
1609	6017
327	6018
18	6020
468	6021
339	6022
23	6023
151	6024
1610	6025
144	6026
52	6027
71	6028
5	6029
306	6030
237	6031
1100	6032
24	6033
123	6034
8	6035
243	6036
92	6037
80	6038
451	6039
176	6040
101	5260
1611	6041
77	6042
142	6043
798	6044
31	6045
1612	6046
602	6047
1024	6048
174	6049
38	6050
24	2775
216	3083
201	6051
4	6052
654	6053
4	6054
1613	6055
707	6057
12	6058
761	6060
423	6061
63	6062
46	6063
38	6064
24	6065
155	6067
1614	6068
25	6069
328	6070
79	6071
111	6072
4	6074
1616	6075
143	6076
46	6077
4	6078
23	6079
1617	6080
11	6081
22	6082
326	158
1	2630
201	6083
1618	6084
11	6085
9	6086
262	6087
4	6089
306	6091
1619	6092
1620	6093
18	6094
12	6095
339	803
1408	91
1621	6096
262	3088
613	6098
80	6099
614	6101
11	6102
77	6103
23	6104
34	6105
79	6106
1623	6107
1624	6108
174	6109
18	6110
55	4286
336	6111
1625	6112
1626	6113
1627	6114
261	6115
34	3828
46	6116
1628	6117
725	1365
11	6118
1629	6119
126	6121
217	6122
1630	6123
1631	6124
63	6125
18	6126
11	6127
204	6128
18	6129
179	945
1400	6131
277	2630
410	6132
1433	6133
23	6134
219	6135
317	6136
429	6137
217	6138
130	6139
1032	6140
341	6141
176	6142
767	6143
8	6144
1030	6145
69	6146
8	6147
1632	6148
11	6149
5	6150
568	6151
24	6152
326	6153
4	6154
1633	6155
326	6156
1634	6157
382	6158
242	6159
23	6160
142	6161
34	6162
25	6163
1635	6164
219	6165
89	6166
1636	6167
204	6168
70	6169
123	6170
5	6171
115	1247
242	6172
201	6173
1637	3474
368	6174
5	6175
24	6176
112	6177
124	6178
3	6180
65	2868
18	6181
11	6182
18	6183
43	6184
5	6185
23	6186
69	6187
1639	6188
1	6189
239	6190
179	6191
8	6192
5	6193
22	6194
297	1787
243	6195
101	6196
216	646
1640	6198
601	6199
77	6200
1641	6201
1642	6202
24	6203
4	6204
4	6205
11	6206
122	6207
470	6208
77	6209
127	6210
27	6211
1643	6212
167	6213
23	6215
46	6216
4	6217
1644	6218
10	6219
63	6220
1645	6221
179	6222
24	6223
69	6224
88	6225
163	6226
52	6227
584	6228
768	6229
34	6230
91	6231
372	6232
301	6233
13	6234
1646	6235
282	6236
360	6237
1647	6238
11	6239
23	6240
268	6241
71	6242
1176	6243
31	6244
1648	6245
23	6246
603	6247
1649	6248
22	6249
327	6250
410	6251
10	6252
204	6253
79	6254
126	6255
66	6256
11	6257
9	6258
1650	6259
8	6260
127	6261
34	6262
1651	6264
410	6265
1056	6266
43	6268
1653	6269
46	6271
63	6272
517	6273
1654	6274
550	6275
416	6276
11	6277
1655	6278
26	6279
102	6280
483	6281
11	6282
129	6283
1656	6284
24	6285
252	6286
5	6287
127	6288
1657	6289
5	6290
80	6291
17	1032
1658	6292
985	6293
71	6294
9	6295
1659	6296
9	6297
23	6298
422	6299
1303	1118
1660	6300
1662	6303
24	6304
24	3854
185	6305
149	6306
27	6307
115	6308
92	6309
1663	6310
1664	6311
356	6312
1665	6313
94	6314
65	6315
1666	6316
1667	6317
536	6318
1668	6319
570	6320
18	6321
1669	6322
1045	6323
111	6324
66	6325
4	6326
293	6327
5	6328
11	6329
507	6330
1670	6331
423	6332
1671	6333
1672	6334
11	3849
46	6335
532	6336
23	6337
23	6338
18	752
17	6339
63	6340
1673	6341
4	6342
23	6343
163	6344
100	6345
18	6346
1674	1933
249	6348
600	6349
9	6350
112	6351
24	6352
518	6353
4	6354
178	6355
1675	6356
1676	6357
1129	6358
151	6359
101	6360
11	6361
1677	6362
1678	6363
52	6364
1679	6366
16	6367
129	6368
1680	6369
1681	6370
111	6371
23	6373
626	6374
11	6375
27	6376
122	1662
1682	6377
1683	6378
1684	6379
226	2765
23	6380
1685	6381
1686	6382
1687	6383
27	6384
345	6385
422	6386
23	6387
4	6389
1688	6390
4	6391
23	6393
1322	6394
42	6395
282	6396
1689	6397
1690	6398
1691	6399
297	6400
77	6401
132	6402
201	6403
1606	6404
71	6405
339	6406
27	6407
1684	6408
4	6409
34	6410
1692	6411
868	6412
584	6413
11	6414
46	6415
219	6416
46	6417
1693	6419
360	6420
1694	6421
23	6422
124	6423
91	6424
345	6426
394	6427
239	2213
4	6428
111	6429
4	6430
13	6431
486	6432
1695	6433
155	6434
55	6435
167	6437
160	6438
5	91
27	6440
24	6441
1697	6442
1045	6443
1698	6444
27	5537
607	6445
24	6446
23	6447
14	6448
34	6449
4	6450
34	6451
122	6452
27	6453
71	6454
4	6455
18	6456
46	6458
23	6459
158	6460
24	6461
91	6462
34	6463
327	6464
52	6465
65	6466
1699	6467
11	6468
364	6469
1700	6470
201	6471
602	6472
80	6473
151	6474
1672	6475
142	6476
591	6477
339	158
18	6478
74	6479
1578	6480
372	6481
1701	6482
1702	6483
303	6484
77	6486
111	2559
1703	1828
115	6487
1704	6488
160	6489
807	6490
142	3178
1705	6491
1706	6492
23	6493
23	6494
11	6495
163	6496
18	6497
23	6498
239	6499
25	2122
217	872
1	6500
553	6502
1708	6503
27	6504
289	6505
4	6506
122	6507
22	6509
339	6510
1710	6511
1045	6512
1711	6513
24	6514
52	6515
13	6516
46	6517
1712	6518
27	6519
107	6520
27	6521
43	6522
24	6523
91	6524
1713	6525
79	6526
11	6527
149	6528
1714	6529
52	6530
787	6531
1439	6532
603	6533
201	6534
1715	6535
13	6536
142	6537
1306	6538
1716	6539
1717	6540
328	6541
4	6543
601	6544
167	6545
323	6546
101	6547
410	6548
4	6550
46	6551
71	6552
52	6553
185	6554
239	6555
1719	6556
1720	6557
4	6558
24	6559
159	6560
18	6561
11	6562
89	6563
144	6564
326	6565
60	6566
23	6567
23	6568
1721	6569
212	6570
1722	6571
21	6572
24	6573
217	6574
8	6575
43	6576
1723	6577
1724	6578
23	6579
1725	6513
201	6582
1129	6583
1726	2
1727	6585
23	6586
1037	6587
167	6588
1728	2238
1729	6589
80	6590
42	6591
355	6592
367	6593
24	6594
25	6595
42	6596
18	6597
12	6598
223	6599
43	6600
24	6601
13	6602
1731	6604
1732	6605
94	6606
317	6607
4	6608
102	6609
813	6610
10	6611
24	6612
1733	6613
226	6614
38	6615
31	6616
71	6617
21	6618
786	6619
18	6620
1734	6621
124	6622
217	6623
9	6624
111	6625
77	6626
364	6627
4	6628
326	6630
1045	6631
11	6632
1736	6633
204	6634
42	6635
18	841
297	6636
591	6637
339	6638
5	6639
217	6640
24	6641
91	6642
1737	6643
8	1391
725	6644
71	6647
4	6648
1738	6649
149	6650
220	6651
11	6652
211	6653
179	6654
730	6655
71	6656
55	6657
603	6658
55	6659
1739	6660
23	6661
24	6662
111	6663
60	6664
1384	6665
798	6666
4	6667
26	6668
0	6669
23	6670
466	6671
223	6672
52	6673
604	767
184	6674
5	6675
74	6676
912	6677
23	6678
1740	6679
142	6680
1741	6682
38	6683
101	6684
123	6685
71	6686
1406	6687
1742	6688
163	6689
550	6690
1743	6691
12	187
1744	6692
356	6693
1745	6694
80	6695
4	6696
18	6697
8	6698
43	6699
1064	6700
351	6701
281	6702
91	6703
23	6704
294	6705
327	6706
63	6707
1746	6708
327	6709
345	6710
11	6711
1747	6712
242	6713
11	6714
167	6715
326	6716
21	6717
24	6718
11	6719
63	6720
4	6721
327	6722
1748	6723
560	6725
151	6726
1066	6727
396	6728
71	6729
220	6730
1750	6731
24	6732
23	6733
306	6734
4	6735
1752	6737
4	6738
13	1760
100	5198
1753	6739
197	6740
11	6741
217	4282
5	6742
158	6743
13	6744
1698	6745
23	6746
24	6747
46	6748
5	6749
1754	6750
4	6751
4	6752
286	6754
11	6755
31	6756
1163	6757
112	6758
1556	6759
23	6760
52	3921
4	6761
71	6762
71	6763
38	6764
124	6766
1755	6767
18	6768
430	6769
113	6770
1756	6771
27	6772
24	6773
63	1503
602	6775
127	6776
480	6777
142	6778
466	6779
113	6780
18	6781
12	6782
71	6783
96	6784
25	6785
23	6786
1185	6787
174	6788
220	6789
5	6790
1757	6791
1758	6793
355	6794
23	6795
24	6796
167	6797
34	6798
1563	5269
4	6799
271	3052
1759	6800
71	6801
71	6802
4	6803
326	6804
378	6805
1268	6806
1760	6807
13	6808
158	6809
282	6810
158	3136
12	6811
70	6812
155	6813
204	6814
1761	6815
11	6816
63	6817
282	6818
217	6819
649	6820
1762	6821
142	6822
4	6823
70	6824
126	1329
26	6825
43	6826
1763	6827
24	6828
1764	6829
151	6830
4	5198
23	6831
1765	6832
16	338
1766	6833
327	6834
24	6835
91	6836
11	6837
1767	6838
39	6839
1768	6840
23	6841
1769	6842
23	6843
94	6844
1770	6845
451	6846
1771	6847
11	6848
614	6849
201	6850
486	6851
24	6853
18	6854
65	6855
1772	6856
52	6857
1249	6858
77	3828
163	6859
1708	6860
1129	6861
111	6862
31	6863
553	6864
468	6866
11	6867
160	3251
23	6868
197	2895
1773	6869
80	6870
155	6871
17	6872
1774	6873
34	6874
217	6875
9	3849
13	6876
14	6877
43	6878
124	6879
14	6880
92	6881
167	6882
23	6883
1775	6884
239	516
282	6885
4	6886
282	6887
9	6888
34	6889
525	6890
9	6891
71	6892
23	6893
18	6894
23	6895
217	6896
1776	6897
574	6898
308	6899
9	6900
1778	6902
423	6903
486	2
1779	106
18	6904
101	6905
1780	6906
44	6907
23	6908
23	6909
122	6910
24	6911
113	6912
372	6913
1781	6915
126	6916
556	6917
179	6918
410	6919
1782	6920
1312	6921
23	6922
336	6923
151	6924
1783	6925
13	6926
127	6927
184	6928
24	6929
23	6930
126	6931
1784	6932
220	6933
204	6934
24	6935
1785	6936
368	3692
242	6937
1786	6939
18	6940
1787	6941
1267	6942
18	18
24	6943
111	6944
127	6945
9	6946
282	6947
77	6948
24	6949
71	6950
23	6951
308	6952
4	6953
1788	6954
71	6955
23	6957
410	6958
410	6959
179	1032
23	6960
497	6961
1789	6962
327	6964
10	6965
1790	6966
1516	6967
1791	91
110	6968
1792	6969
422	6970
159	6971
101	6972
11	6973
23	6974
1048	6975
5	6976
318	6977
1375	6978
938	6979
1793	6980
155	6981
9	6982
23	6983
1051	6984
1045	6985
9	6986
452	6987
80	3927
1449	6988
23	6989
179	6990
1021	6991
1344	6992
1185	6993
16	6994
23	6995
31	6997
112	6998
149	6999
1795	7000
423	906
113	7001
268	7002
1796	7003
339	7004
1797	7005
958	7006
466	7007
481	7008
23	7009
537	2279
46	7010
89	7011
24	7012
481	7013
242	7014
66	7015
326	7016
22	7017
580	3124
38	7019
1798	7020
24	7021
100	7022
23	7023
204	7024
1536	7025
363	7026
776	7027
1799	7029
22	7030
1800	7031
17	7032
1602	7033
13	7034
222	7035
11	7036
113	7037
4	7038
1801	7039
23	7040
282	7041
237	7042
11	7043
155	7044
513	7045
43	7046
23	7047
877	7048
217	7049
327	7051
418	7052
4	7053
239	7054
23	7055
18	7056
4	7057
665	7058
23	7059
1802	4083
144	1170
217	7060
1803	7061
4	7062
4	7063
63	7064
23	7065
167	7066
4	7067
4	7068
1804	7069
71	7070
46	7071
5	7072
423	7073
1215	7074
9	7075
71	7076
94	7077
1163	7078
1805	7079
242	7080
70	7081
23	7082
46	7083
115	7084
18	7085
18	7086
24	7087
949	7088
101	7089
23	7090
4	7091
294	7092
1806	7093
1807	7094
243	7095
77	7096
326	7097
42	7098
282	231
5	7099
152	5825
4	7100
77	7101
39	7102
553	7103
725	7104
4	208
253	2354
556	7106
102	7107
4	7108
144	7109
1808	7110
1809	7111
31	7112
163	7113
34	7114
798	257
1810	7115
1811	100
63	7116
27	7117
52	7118
18	7119
63	7120
1812	7121
113	7122
23	7123
1813	7124
113	7125
24	7126
317	7127
13	7128
102	7129
507	7130
92	7131
23	7132
179	7031
18	7133
574	7134
71	7135
92	7136
1814	7137
11	7138
4	7139
1815	7141
290	7143
201	7144
4	7145
23	7146
23	7147
52	1933
868	7148
534	7149
18	7150
124	3088
347	7151
1816	7152
220	7153
23	7154
63	7155
1817	7156
1818	7157
23	7158
262	7159
163	5901
982	7160
46	7161
23	7162
1819	7163
142	7164
216	7165
1820	7166
217	7167
1821	1111
24	7169
1822	7170
1823	7171
142	7172
4	7173
1825	7175
889	7176
242	685
9	7177
966	7178
22	5524
4	7179
43	7180
23	7181
1826	7182
23	7183
113	7184
1827	7185
1828	790
4	7186
410	7187
1829	4312
23	7188
217	7189
1830	7190
89	7191
142	7192
21	7193
9	7194
1061	7195
18	7196
11	1005
101	7197
23	7198
16	7199
614	7200
262	1361
12	7201
327	7202
1831	7203
34	7204
42	7205
46	7206
204	7207
163	7208
676	7209
1124	7210
9	7211
112	7212
4	7213
1832	3178
601	7214
63	7215
217	7216
1037	7217
216	7218
1458	7219
329	7220
26	7221
11	7222
253	7223
101	7224
24	7225
1325	7226
171	7227
77	7228
167	7230
36	7231
89	7232
4	7233
326	7234
101	7235
1833	7236
126	7237
1834	7238
1835	7239
179	7240
217	7241
1836	7242
77	7243
654	7244
9	7245
1147	7246
4	7247
4	7248
27	7249
100	7250
326	7251
100	5905
4	7252
4	7254
10	7255
327	7256
602	7257
1198	7258
671	7259
10	7260
923	7261
1729	7262
34	7263
71	7264
180	7265
43	7267
23	7268
101	7269
356	22
4	7270
1837	7271
1313	7272
253	7273
1838	7275
1839	7276
226	7277
23	7278
113	7279
843	7280
451	7281
71	7282
282	7283
212	7284
23	7285
155	7286
171	7287
115	7288
18	7289
23	7290
43	7291
4	7293
422	7294
11	7295
23	7296
115	2
23	7297
11	7298
23	7299
1840	7300
23	7301
204	7302
1	7303
24	7304
486	7305
34	7306
11	7307
223	7308
282	7309
217	7310
13	7311
262	7312
23	7313
23	7314
71	7315
4	7316
163	7317
4	7318
18	7319
69	7320
1841	7321
1259	7322
1842	7323
791	7324
1843	7325
155	7326
1844	7327
1845	7105
242	7328
37	7329
1315	7330
326	7331
171	7332
24	7333
282	7334
23	7335
94	7336
268	7337
4	7338
1846	3279
1330	7339
628	7340
23	7341
23	7342
1847	7343
1848	7344
23	7345
1849	7346
11	7347
318	7348
38	7349
1850	7350
77	7351
71	7352
13	7353
1851	7354
5	7355
46	7356
63	7357
237	7358
38	7359
1852	7360
24	7361
158	7362
13	7363
39	7364
24	7365
159	7366
171	7367
4	7368
23	7369
71	7370
1215	7371
1407	7372
18	7373
237	7374
124	7375
476	7376
115	7377
16	4415
100	7378
63	7379
46	7380
1853	7381
301	1553
430	5882
268	7382
1854	7354
1855	7383
1856	7386
1857	7387
868	7388
4	7389
739	7390
55	7391
1048	7392
1858	7393
469	7394
1859	994
23	7395
1860	7396
1861	7397
77	7398
1862	7399
317	923
79	7400
360	7401
92	7402
0	7403
1863	1635
71	7404
1672	5345
4	7405
1864	7406
130	7407
23	7408
24	7409
13	7410
1129	7411
1865	7412
104	7413
23	7414
24	7415
649	7416
4	7417
483	7419
204	7420
868	7421
468	7422
11	7423
71	124
1867	7424
18	7425
14	7426
220	7427
1868	7428
1869	7429
550	7430
23	7431
268	7432
868	7433
1037	7434
142	7435
1870	7436
13	7437
160	7438
24	7439
1871	7440
301	7442
4	7443
243	7444
160	7445
24	7446
1872	7447
204	7448
71	7449
92	7450
219	7451
18	7452
17	7453
574	158
410	7454
4	7455
1873	7456
400	923
14	7457
4	7458
468	7459
70	7460
1874	7461
1875	7462
1148	7463
1585	7464
216	7465
1876	7466
1877	7467
360	7468
1878	7469
601	7470
242	7471
282	7472
823	3615
24	7473
23	7474
63	7154
1879	7475
1880	7476
4	7477
71	7478
4	7479
1881	7480
3	7481
18	7482
100	7483
982	7484
18	7485
23	7486
27	7487
46	7488
4	7489
38	7490
1882	7491
1883	7492
1884	7494
1885	7495
179	7496
123	1123
242	7497
23	7210
21	7498
217	7499
1886	7500
23	7501
1887	7502
111	7503
115	7504
1556	7505
1888	7506
227	7507
104	7508
27	1391
9	7509
24	7510
534	7511
43	91
123	7513
982	7514
4	7515
46	4184
1382	7516
112	7517
12	7518
4	7519
5	7520
282	7521
101	7522
4	7523
12	5438
27	7524
654	7526
9	7527
126	2508
27	6827
1890	7528
115	7529
55	7530
1011	7532
1891	7533
1354	7534
1657	7535
111	7536
71	7537
23	7539
201	7540
71	7541
23	7542
9	4263
18	7543
317	7544
410	7545
197	7546
1892	7547
261	767
11	7548
4	7549
1893	7550
1358	7551
10	7553
5	7554
868	7555
1895	7556
18	7557
77	7558
71	7559
71	7560
217	7561
8	7562
11	7563
1795	7564
91	7565
1896	7566
326	7567
4	7568
23	7569
1897	7570
1898	7571
11	1032
4	7572
130	7573
1899	7574
151	7575
158	3178
1900	7576
18	7577
71	7578
216	7579
1901	1005
52	7580
11	7581
9	7582
1842	7583
1902	7584
1903	7585
483	7587
115	364
204	7588
99	7589
1904	7590
179	7591
179	7592
111	7593
148	7594
1905	7595
23	7596
384	7597
1906	7598
149	7599
142	7600
323	7601
1907	7602
8	7603
27	7604
71	7605
4	7606
1908	7607
151	7609
11	7610
151	7611
1909	7612
132	7613
468	7614
741	7615
1910	7616
8	7617
77	7618
27	7619
149	7620
23	7621
60	7622
219	7623
4	803
1911	7626
142	7627
18	7628
306	7629
336	7630
1913	7631
1914	7632
113	7633
442	4050
297	7635
44	7636
9	7637
1915	7638
11	7639
10	7640
1916	7641
24	7642
46	7643
360	7644
71	7645
1917	7646
1918	7647
113	7648
10	7649
77	7650
574	7651
71	7652
179	7653
1919	7654
1920	7655
217	7656
950	7657
1921	7658
1511	637
23	7659
34	7660
217	7661
13	2614
868	7662
8	7663
1922	7664
27	7665
1923	7666
24	7667
123	7668
308	7669
142	7670
1267	7671
115	6810
1713	7672
18	7673
1045	7674
484	7675
80	7676
854	7677
4	7678
174	7680
4	7681
43	7682
1924	5149
13	7683
134	7684
142	100
37	7685
21	7686
127	7687
92	7688
113	7689
1925	7690
9	7691
46	7692
63	7693
1926	7694
43	7695
43	7696
1927	7697
89	7698
410	7699
323	7700
77	7701
451	7702
4	7703
223	7704
242	7705
129	7706
323	7707
12	7708
23	7709
4	7710
553	7711
1805	7712
71	7713
469	7714
90	7715
649	7716
4	7717
104	7718
9	7719
23	7720
113	7721
1928	7722
74	7723
1929	7724
1045	7725
163	7726
14	4152
4	7728
1069	7729
11	7730
23	7731
327	7732
1931	7733
394	7734
79	7735
821	7597
24	3052
71	7736
46	7737
71	7738
204	7739
34	7740
63	7741
46	7742
1275	7743
10	7744
63	7745
142	7746
220	22
239	7747
113	7748
16	7749
339	457
301	7750
1932	7751
212	7752
171	7753
9	158
879	7754
400	7755
1933	7756
21	7757
1934	7758
1935	7759
23	7760
64	7761
339	7762
553	7763
11	7764
16	841
134	7766
23	7767
1936	7768
71	7769
1937	7770
71	7771
1938	7772
1939	7773
216	7774
287	7775
46	7776
159	7777
24	7778
39	7779
24	7780
1804	7781
65	7782
410	7783
113	7784
11	7785
1417	7786
115	7787
1940	7788
1941	7789
1942	7790
149	401
31	7791
1943	7792
23	7793
109	7794
4	7795
63	7796
1257	7797
204	7798
4	7799
1937	7800
4	7801
262	7802
1944	7803
155	7804
1945	7805
584	7806
1946	7807
24	7808
1903	7809
122	7810
89	2775
602	7811
149	7812
1294	464
160	7813
11	7814
22	7815
1795	7816
4	7817
1947	7818
129	1082
1948	7819
317	7820
63	7821
24	7822
4	7823
1949	7824
11	7825
1950	7826
23	7827
378	1602
9	1553
23	7828
1951	7829
23	7830
1952	7831
1349	7832
26	7833
163	7834
77	7835
91	4187
1953	7836
600	7837
750	7838
1954	7839
1955	7840
1956	7841
71	7842
27	767
1957	7843
4	7844
4	7845
16	7846
142	7847
63	7848
1958	7849
1959	7850
1960	7851
27	7852
16	7853
22	7854
282	7855
534	18
1961	7856
46	7857
1962	7858
323	7859
10	7860
1963	7861
217	7862
857	7863
18	7864
1964	7865
23	7866
9	7868
101	7870
142	7871
1965	7872
89	7873
1966	7874
1967	7875
227	7876
18	7877
1968	7878
1969	7879
158	1554
562	401
91	7880
46	7881
71	7882
18	7883
418	7884
201	7885
24	7886
111	7887
71	7888
800	7889
127	7890
1970	7891
205	7892
423	7893
287	7894
92	7895
1971	7897
1972	7898
317	7899
8	7900
1973	7901
90	7902
1974	206
1975	7903
23	7904
1947	7905
1977	7907
27	6170
112	7872
375	3701
4	7908
1978	7909
1267	7910
23	7911
4	7912
71	7913
0	7914
451	7915
8	7916
27	7917
22	7918
216	7920
4	7921
339	1581
179	7922
1979	7923
11	7924
1980	5708
219	7925
79	7926
1981	7927
449	7928
602	7929
74	7930
11	7931
25	7932
1982	7933
151	7934
16	7935
79	7936
8	7937
1983	7938
46	7939
673	7940
92	7941
1672	7105
21	7943
24	7944
1985	7945
1986	7946
113	7947
242	7948
1987	7949
429	7950
1988	7951
23	7952
23	7953
5	7954
1989	7956
23	7957
1990	7958
1306	7960
242	7245
1119	7961
1992	7962
1993	7963
144	7964
226	7965
217	7966
243	7967
282	7968
778	7969
80	7970
101	7971
1994	7973
113	715
129	7974
222	7975
25	7976
102	516
756	7977
297	7978
25	7979
71	7980
163	7981
326	7982
71	7983
71	7984
25	1809
1069	1019
301	7985
23	7986
1056	7987
113	231
1163	7988
1995	7989
483	7990
23	7991
69	7993
142	187
122	7994
159	7995
91	7996
123	7997
1996	7998
14	7999
654	8000
13	8001
170	8002
4	8003
43	8004
52	8005
220	8006
393	8007
4	8008
242	8009
1997	8010
71	8011
1998	8012
1163	8013
1999	8014
360	8015
149	8016
2000	8017
2001	3955
2002	8018
11	8019
80	8020
2003	8021
281	8022
1875	8023
23	8024
122	8025
2004	8026
13	8027
4	1503
2005	8028
13	8029
1295	8030
301	8031
307	8032
2006	8033
205	8034
217	8035
2007	8036
52	8037
12	8038
603	8039
71	8040
4	8041
63	8042
101	8043
197	8044
220	8045
4	8046
212	8047
16	8048
2008	8049
24	8050
2009	8051
789	8054
151	8055
91	8056
13	8057
4	8058
22	8059
868	8060
2010	8061
2011	8062
2012	8063
4	8064
52	8065
34	8066
4	8067
151	8068
163	8069
13	8070
13	8071
23	8072
2013	8073
11	8074
286	8075
217	8076
2014	8077
2015	8078
36	8079
2016	8080
77	8081
151	8082
308	8083
5	8084
1413	8085
5	100
27	8086
808	8087
4	8088
44	8089
43	4422
27	8090
423	8091
2017	8093
144	8094
4	8095
1239	8096
18	3008
2018	1141
24	8098
71	8099
2019	8100
11	8101
217	8102
2020	8103
216	8104
4	8105
292	8106
4	8107
44	8108
621	1177
23	8109
249	8110
12	8111
2021	8112
92	8113
16	945
23	8114
597	8115
23	8116
2022	8117
798	8118
1946	8119
11	8120
115	8121
129	8122
38	8123
1	8124
24	8125
101	464
77	8126
126	8127
2023	8128
12	8129
2024	8130
46	8131
46	8132
46	8133
79	8134
668	8135
34	8136
2025	8137
14	8139
2026	8140
468	8141
204	8142
327	8144
129	8145
63	8146
2027	8147
601	8148
1909	8149
38	8150
126	8151
23	8152
77	8153
43	8154
24	8155
9	8156
17	8157
800	8158
2028	8159
212	8160
1962	2403
23	8161
982	8162
23	8163
327	8164
11	8165
145	8166
18	8167
43	8168
92	8169
38	8170
204	8171
640	8172
339	8173
126	8174
504	8175
2029	8176
1944	8177
225	8179
34	8180
13	8181
11	8182
77	8183
2030	8184
63	8185
163	8186
643	8187
2031	8188
66	8189
1301	8190
2032	7126
119	8191
1850	8192
132	8193
52	2480
1914	8194
2033	8195
23	8196
143	8197
2034	8199
621	8200
301	8201
2035	8202
239	8203
2036	8204
23	8205
24	8206
71	8207
8	8208
18	8209
144	8210
2037	8211
23	8212
163	8213
11	8214
21	8215
38	8216
2038	7498
5	8217
1288	8219
831	8220
1	8221
11	8222
27	8223
115	8224
2039	8225
2040	8226
18	8227
80	8228
11	8229
2041	3867
96	8230
104	377
23	8231
212	8233
112	8234
263	8235
2042	8236
217	8237
623	8238
13	8239
23	8240
163	235
2043	8241
11	4226
27	8242
24	8243
101	8244
417	7121
27	8245
1176	8246
2044	8247
92	8248
23	8249
2045	8250
179	8251
23	8252
339	8253
23	8254
91	8256
45	8257
151	4193
553	8258
24	8259
607	8260
2046	8261
282	8262
67	8263
301	8264
23	8265
239	8266
2047	8267
18	8268
46	8269
220	8270
286	8271
2048	8272
101	8273
4	8274
4	8275
4	8276
653	7804
24	8277
13	8278
71	8279
10	8280
456	8281
2049	8282
384	8283
217	8284
287	8285
2050	8286
308	8287
25	8288
89	8289
24	8290
2051	8291
263	8292
24	8293
947	8294
13	8295
2052	6316
160	8297
11	8298
220	8299
13	8300
2054	8301
2055	8302
2038	8303
23	8304
115	8306
614	8307
11	8308
24	8309
144	8310
112	8311
313	8312
5	8313
222	8314
18	8316
22	8317
4	8318
287	8319
142	8320
2057	8321
179	8322
18	235
46	8323
63	91
468	8324
23	8325
2058	8326
11	8327
2059	8328
167	8329
2061	8331
18	3784
11	8332
13	8333
401	8334
2062	8336
4	8337
360	2813
5	8338
4	8339
263	8341
2063	8342
39	8343
23	8344
2064	8345
2065	8346
23	8347
2066	8349
11	8351
705	8352
13	8353
205	8354
31	8355
71	8356
39	8357
179	8358
1155	8360
877	8361
401	8362
2068	8363
5	8364
4	923
158	8365
4	8366
4	8367
8	241
216	8368
126	8369
717	8370
23	8371
8	8372
2069	8373
34	8374
239	8375
205	8376
4	8377
13	8378
2070	8379
111	8380
39	8381
132	8382
11	8383
1794	8384
167	8385
389	8386
23	8387
2071	8388
34	8389
2072	8390
2073	8391
52	5124
4	8392
101	8393
2074	8394
1304	8395
39	8396
468	8397
4	8398
36	8399
115	8400
92	8401
36	8402
63	8403
327	8404
1396	1747
115	8405
220	8406
14	8407
109	8408
23	8409
18	8410
34	8411
243	1503
184	1743
4	8412
18	8413
43	8414
220	8415
2075	8416
2076	8417
92	8418
2077	8419
91	8420
2078	8421
24	8422
2079	8423
1584	8424
34	906
2080	8425
327	1788
148	8426
378	8427
301	8429
24	8430
2081	8431
119	8432
2082	8433
2083	8434
22	8436
2084	8437
786	8438
43	8439
13	8440
158	8441
2085	8442
450	8443
2039	8444
9	8446
23	8447
17	8448
2086	8449
9	8450
159	8451
23	464
1368	8453
71	8454
24	8455
239	8456
566	8457
2087	8458
243	8459
27	8460
483	8461
24	8462
2088	8463
23	8464
1892	257
2089	8465
263	8466
301	8467
2090	8468
2091	8469
387	1710
112	8470
2043	8471
372	8472
74	8473
2092	8474
4	8475
102	8476
27	8477
2093	8478
2094	8479
31	338
27	8480
5	8481
219	8482
1324	8152
18	4516
158	8483
39	8484
66	8485
219	8486
2095	8487
245	8488
5	8489
201	8490
534	8491
71	8492
171	8493
2096	8494
320	8495
347	8496
11	8497
2097	8498
23	8500
2098	8501
71	8502
985	2481
24	8503
71	8504
23	8506
23	8507
71	8508
38	8509
113	8510
2099	8511
151	8512
12	8513
2100	8514
327	8515
410	8516
111	6154
42	8518
143	8519
4	8520
2101	8521
8	8522
16	8523
649	8524
730	8525
31	8526
4	8527
313	8528
2102	8529
1618	8530
423	8531
71	8532
2103	8533
2104	8534
2105	8535
23	8537
1909	8538
91	8539
88	8540
2108	8542
70	2249
113	8543
21	8544
77	2797
2109	8545
2110	8546
104	8547
23	8548
360	8549
142	8550
242	8551
18	8552
410	8553
18	8554
294	8555
591	257
24	8556
142	8557
71	8558
227	8559
2111	8560
2112	8561
360	8562
23	8563
23	8565
46	8566
52	8567
2113	8568
14	46
11	8569
11	8570
301	8425
112	8571
4	8572
126	8573
23	8574
23	1392
24	8575
2114	8576
24	8577
77	6400
645	8578
263	8579
2115	8580
99	8581
38	8582
2117	8584
18	8585
23	8586
43	8587
23	8588
2118	8589
2119	8590
1646	8591
24	8592
23	8593
2120	8594
46	5572
18	8595
100	8596
104	8597
1226	8598
327	8259
2121	8599
2122	8600
351	8601
4	8602
204	1933
174	8603
155	8604
11	8605
512	8606
18	8608
2123	8609
11	8611
11	8612
11	1991
2124	8613
11	8614
119	1329
13	8615
2125	516
23	8616
8	8617
417	8618
115	8619
2126	8620
2127	8621
2128	8622
290	8623
44	8624
283	8625
368	8626
62	8627
11	8628
52	8629
2129	8630
2130	8632
69	8633
13	4263
151	8634
217	8635
24	8636
4	8637
2131	8638
2132	44
2133	8639
167	8640
17	8641
124	8642
12	8643
23	8644
26	8645
2134	8646
296	8647
179	8648
79	8649
4	8650
4	8651
9	8652
298	8653
5	8654
507	1701
18	8655
184	8657
2135	8658
43	8659
282	8660
23	8661
13	8662
2136	8664
475	8665
401	8666
176	8667
503	8668
286	8669
2137	8670
568	8671
1135	8672
2138	8673
27	8674
24	8675
9	8676
2139	8677
11	2930
17	8679
466	8680
163	8681
101	8682
216	8683
77	8684
27	8685
163	8686
614	8687
2140	8688
282	8689
101	8691
52	8692
1969	8694
151	8695
2142	8696
13	8697
126	8698
327	8699
676	8700
5	8701
130	8702
18	8703
601	752
27	8704
101	8705
466	8706
11	8707
89	1329
725	8708
217	8709
2143	8710
24	8711
10	8712
2144	8713
451	8714
88	8715
22	8716
2145	8717
2146	8718
142	8719
2147	8720
497	8721
707	8722
52	8723
243	8724
27	8725
88	8726
34	8727
514	8728
71	8729
5	8730
679	8731
21	8732
220	8733
422	8734
151	8735
63	8736
4	8737
25	8738
308	8739
101	8740
24	8741
289	8742
13	8743
24	8744
4	8745
2148	8746
24	8748
23	8749
149	8750
23	8751
243	8752
18	8753
4	8754
46	8755
410	8756
4	8757
317	8758
179	8759
326	8760
24	8762
23	8764
100	8765
2149	8766
2150	8767
65	8768
2151	8769
2152	8770
134	8772
38	8773
2153	8774
2154	8775
2155	8776
9	8777
46	8778
1434	8779
2137	8780
216	8781
720	8782
2156	8783
23	8784
4	8785
4	8787
91	8788
46	8789
2157	8790
1724	8791
24	8792
89	8794
24	8795
5	8796
16	33
127	8798
621	8799
322	8801
217	6853
5	8802
2158	464
1060	8803
2159	8804
2160	8805
410	8806
263	8807
149	8808
4	8153
2161	8809
8	8810
281	231
1638	1477
16	8811
1689	8812
22	8813
179	8814
46	8815
23	8816
144	8817
104	8819
16	8820
2162	8821
204	8822
4	8823
39	8824
71	8825
24	8827
55	8829
155	8830
185	8831
5	8832
23	8833
60	8834
14	8835
2164	4432
13	8836
345	5901
2165	8837
146	8838
201	8839
18	8840
2166	8841
2167	8842
2168	8843
71	8844
2093	1554
24	8845
2169	8846
580	8847
326	8848
43	8849
938	8850
2170	8851
2171	8852
1881	8853
285	8854
1572	8855
18	8856
18	8857
18	8858
2172	8859
5	8860
442	8861
317	8862
2173	8863
2174	8864
2175	8866
55	8868
91	8869
23	8870
429	8871
111	8872
2176	8873
13	8874
4	8875
18	8876
8	8877
2177	8878
2178	8880
176	8882
212	8883
317	8884
602	8885
100	8886
4	8887
2014	8888
23	8889
43	8890
468	8891
2179	8892
243	8893
71	8894
18	8895
607	8896
34	8897
27	8898
46	8899
308	124
298	8900
26	8901
223	8902
111	8903
88	8904
12	8905
34	8906
24	8907
263	1787
11	8908
4	8909
4	8910
39	8911
52	5702
5	8912
34	8913
163	8914
23	8915
320	8916
297	8917
239	8918
1492	8919
2180	8920
2181	6170
2182	8921
149	8922
8	5449
2183	8923
797	8924
2184	8925
1322	8926
877	8927
798	8928
9	2795
2185	8929
2186	8930
24	1534
13	8931
144	8932
11	3867
21	8933
23	8934
868	8935
66	8936
2187	268
4	8937
151	8938
71	6827
77	8939
34	8940
11	8941
123	8942
1275	8943
321	8944
430	3182
23	8945
23	945
410	8946
63	8947
71	1474
5	8948
2138	8949
23	8950
4	8951
38	8953
24	8955
1322	8956
2189	8957
2138	8958
2190	8959
88	8960
101	8961
557	8963
24	8964
142	8965
9	8966
1037	8968
4	8969
8	8970
27	8971
398	8972
102	8973
372	8974
71	8975
46	8976
122	8029
63	8977
11	8978
851	8979
11	8980
12	8981
16	8982
4	8984
23	8985
216	8986
24	8987
142	8989
306	8990
2192	8991
18	8992
607	8993
155	2895
43	8994
2193	8995
11	8996
46	8997
249	8998
126	8999
34	9000
2194	9002
591	1329
217	9003
2195	9004
100	9005
43	6942
77	9006
2196	9007
483	9008
70	9009
91	9010
2197	9011
473	9012
2198	9013
2199	1409
360	6092
18	9014
1907	9015
143	9016
2200	9017
4	9020
2202	9021
11	9022
2203	9023
129	9024
71	9025
115	9026
423	9027
71	7210
5	9028
142	9029
550	9030
179	9031
101	9032
2204	9033
5	9034
24	9036
2206	3125
11	9038
2208	9039
25	9040
2209	9041
351	9042
101	9043
24	9044
2210	4518
52	9045
2211	9046
423	9047
11	9048
13	9049
2212	7240
4	9050
2213	9051
219	9052
4	9053
9	9054
217	9055
39	9056
80	9057
237	9058
115	9059
144	212
38	9060
2214	9061
410	9062
602	9063
14	9064
18	9065
174	9066
46	9067
34	9068
52	9069
2215	9070
24	9071
220	4787
242	9072
4	7872
2216	9073
2217	9074
174	9075
102	9076
2101	9077
24	9078
2218	9079
167	9080
4	9081
553	9082
926	9083
8	9084
34	9085
525	9086
301	5905
148	9087
403	9088
167	9089
242	2696
9	9091
249	9092
262	9093
63	9094
30	3773
2219	9095
71	9096
614	9097
23	9098
23	9099
601	9100
1565	9101
179	5882
4	7329
211	9102
112	9103
461	7872
27	9104
469	9105
70	9106
220	9107
26	9108
244	9109
614	9110
79	9111
4	9112
9	9113
184	9114
261	9115
326	767
184	9116
89	9117
2220	4056
2221	9118
217	9119
1576	9120
9	9121
71	9122
829	9123
13	9124
13	9125
197	9126
559	9127
23	9128
52	9129
220	9130
23	9131
2222	9132
2223	9133
400	9134
2224	9135
550	9136
317	9137
23	9138
23	9139
2225	9140
4	9141
63	2867
34	9142
115	9143
23	9144
4	9145
486	3752
94	9146
31	9147
401	9148
77	9149
2226	9150
2227	9151
317	8101
262	9152
507	9153
52	3817
2228	9154
9	9155
13	9156
217	3938
1131	9157
149	9158
2229	9159
2230	9160
126	1336
2231	9161
23	9163
39	9164
359	3305
9	9165
2233	9166
410	9167
34	9168
1368	9169
346	9170
2234	9171
2235	2356
34	9172
71	9173
23	1787
39	9174
24	9175
4	9176
9	9177
2236	9178
4	9179
184	9180
27	2
23	9181
1743	9182
212	9183
11	9184
2014	9185
184	9186
2237	4641
2238	8057
23	9187
2080	994
165	9188
23	9189
4	9190
23	9191
18	646
21	9192
1	9193
2239	9194
23	9195
71	9196
23	9197
4	9198
2240	9199
410	9200
999	9201
151	8842
536	9202
23	9203
1216	9204
2241	9205
2242	9206
201	9207
1268	9208
1163	1036
2243	9209
52	338
2244	9210
101	9211
17	9212
38	9213
372	9214
22	9215
2245	9216
564	9218
217	9220
313	9221
345	9222
345	9223
38	9225
2246	9226
18	9227
2247	9228
320	9229
27	9230
4	9231
24	9232
2248	9233
468	9234
237	9235
89	9236
23	9237
80	9238
122	9239
2249	9240
1301	9241
2250	9242
179	9243
1303	9244
13	9245
71	9247
24	9248
10	9249
2077	1365
4	9250
2252	9251
1884	9252
21	9253
2253	9254
144	9255
89	9256
155	9257
4	9258
23	9259
126	9260
27	9261
591	9262
423	9263
18	9264
27	9265
123	9266
113	9267
2254	9268
52	7373
2255	9269
11	9270
71	9271
2256	9272
80	9273
24	9274
2257	9275
77	9276
2258	9277
24	9278
11	9279
77	9280
223	9281
123	516
2259	9282
184	9283
176	9284
2260	9285
4	9286
23	9287
2261	9288
163	9289
2262	9290
1015	9291
2263	841
2264	9292
24	9293
91	9294
301	9295
155	9296
167	9298
101	9299
217	9300
339	9301
10	9303
4	5449
11	9304
71	9305
204	9306
46	1111
4	9307
184	8057
220	9308
13	9309
4	9310
418	9311
155	241
91	9312
63	9313
2265	9314
17	9315
2266	4193
11	9317
71	9318
52	9319
4	9320
807	9321
4	6170
24	9323
24	9324
144	9325
2267	9326
60	9327
2268	9328
2269	9329
23	9331
2270	9332
92	7944
104	9333
2271	9334
115	9335
2089	33
21	9336
23	2249
23	9337
1215	9338
243	9339
65	9340
24	9341
27	9342
34	9343
38	9344
9	9345
2272	9346
23	9347
17	9348
27	9349
13	9350
151	9351
2273	9353
12	9354
39	9355
71	9356
23	9357
4	9358
410	6001
11	9359
363	9360
220	9361
2274	9362
702	9363
5	9364
466	9365
71	9366
217	9367
27	9368
1129	124
642	9369
2275	412
830	9370
18	9371
507	9372
70	9373
46	9374
0	9375
4	9376
327	9377
167	1787
102	22
9	9378
2276	9379
201	9380
2277	9381
23	9382
0	9383
24	9384
2278	9385
71	9386
24	9387
2279	9388
396	9389
18	9390
11	9391
71	9392
764	9393
327	9394
9	9396
134	9397
23	9398
163	9400
400	9401
1761	9403
2282	9404
360	9405
559	9406
219	9407
2283	9408
4	9409
23	9410
423	9411
1422	9412
401	9413
1241	9414
220	9415
160	9416
4	9417
43	9418
80	9419
155	9420
322	9421
10	9422
672	9423
71	9424
163	9425
2284	4028
159	2630
2285	9427
4	9428
142	351
298	9429
217	9430
4	9431
5	9432
71	9433
158	9434
327	9436
18	9437
2275	9438
2286	9439
52	9440
868	9441
13	9442
1863	9443
5	9444
23	9445
0	9446
129	9447
2287	9448
2288	9449
163	3978
2289	5905
74	9450
155	9451
63	9452
44	7012
22	9453
201	616
1045	9454
1176	767
1618	9455
2290	9456
18	9457
24	9458
23	9459
43	9460
217	9461
46	4142
31	9462
8	9463
39	9464
2291	9465
64	9466
115	9467
2292	9468
416	9469
23	9470
2293	2896
111	9471
5	9472
2294	945
2295	9473
42	9474
71	9475
327	9476
2296	9477
1864	9479
5	9480
101	9481
864	9482
91	9483
113	9484
1185	9485
283	9486
489	9487
2297	7205
2298	9489
225	9490
2299	2761
534	9491
22	8362
380	4187
8	9492
2300	9493
5	4200
11	9495
2301	9496
2302	9497
1415	9498
2179	9499
63	9500
126	9502
23	9503
23	9504
18	9505
18	9506
13	9507
34	9508
4	9509
122	9510
602	9511
336	9512
112	9513
92	9514
2304	9515
101	9516
470	9517
554	9518
44	9519
422	3365
77	9520
80	9521
401	9522
256	9523
243	9524
176	9525
89	9526
2305	9527
39	9528
71	9529
2306	9530
11	9531
410	9532
1259	9533
142	9534
417	9535
2307	9536
2308	9537
2309	9538
23	2
5	9539
640	257
2310	9540
24	4212
23	9541
454	9542
184	9543
2311	9544
163	9545
247	9546
21	9547
442	9548
44	9549
2312	9550
179	9551
286	9552
2313	9553
1819	9554
798	9555
3	9556
111	9557
306	9558
263	9559
432	9560
982	9561
2314	9562
10	9563
301	9564
217	9565
282	9566
122	1991
4	9567
9	9568
18	9570
225	9571
239	44
483	9572
320	9573
52	9574
184	7301
1233	9575
34	9576
9	9577
281	9578
39	9579
18	9580
23	9581
24	9582
2315	9583
1059	9584
18	9585
7	8649
600	9586
466	9587
1185	9588
124	9590
401	9591
34	100
2316	9592
160	7402
710	9593
111	9594
151	9595
2317	9596
2318	9597
22	9598
2319	9599
18	9600
1672	9601
23	9603
410	9604
614	9605
410	9606
1602	9607
63	9608
217	9609
4	9610
179	406
70	9611
180	9612
115	9613
223	9614
640	9615
17	9616
111	9617
359	9618
2320	9619
24	9620
339	6162
71	9621
339	9622
982	9623
34	9624
313	9625
71	9626
4	9627
11	9628
23	9630
301	9631
2321	9632
2322	9633
1	9634
34	91
77	9635
4	9636
111	9637
63	9638
23	207
111	9639
71	338
233	9641
92	4494
24	9643
2324	9644
90	9645
201	9646
2325	9647
242	9648
9	9649
1969	9650
1201	9651
151	9652
1176	9653
4	9654
2326	9655
71	9656
27	9657
0	9658
27	9659
2327	9660
151	9661
2328	9662
38	9663
868	9664
244	9665
9	9666
449	9667
18	9668
11	9669
2135	9670
2329	9671
306	9672
2330	9673
2331	9674
21	9675
2332	9676
10	9677
2333	1301
261	9678
5	9679
4	9680
11	9682
217	9683
2334	9684
71	9685
2335	9686
24	9687
2336	9688
96	9689
149	9690
31	9691
112	9692
126	9693
105	9694
142	9695
144	9696
4	9697
88	9698
11	9699
11	9700
13	9701
104	9702
730	9703
2337	9704
2338	9705
2339	9706
2340	9707
13	9708
23	9709
55	9710
323	9713
13	9714
23	9715
34	9717
449	9718
11	9719
2144	9720
23	9721
142	9722
2343	9723
24	9724
39	9725
2123	9726
24	9727
100	9728
23	9729
18	9730
4	9731
2344	9732
159	9733
23	9734
2345	9735
2346	1933
104	1767
21	9737
976	9738
71	9739
5	9740
11	9741
2347	9742
43	9743
18	2536
468	9744
100	9745
739	9746
0	9747
4	9748
174	9749
151	9750
281	9751
2348	9752
71	64
22	9753
282	250
34	9754
246	9755
23	9756
23	9757
607	9758
263	9759
144	9760
149	9761
36	9762
23	9763
2349	9765
70	9766
27	9767
730	9768
2350	9769
649	9770
115	3178
222	9771
23	9772
8	9773
66	9
142	9775
101	9776
23	9778
122	9779
339	2497
160	9780
113	9781
2351	9782
27	9783
91	9784
38	9785
115	9786
184	9787
4	9788
2352	9789
327	9790
21	9791
1275	9792
71	1602
684	9793
2179	9794
23	9795
2353	9796
2354	9797
5	9798
102	9800
327	9801
24	9802
2355	9803
23	9804
580	9805
9	9806
18	9807
23	9808
4	9809
11	9810
23	9811
71	9812
155	9813
77	9814
2356	9815
23	9817
18	9818
34	9819
34	9820
24	9821
9	9822
5	9823
512	9824
11	9825
2357	9826
102	9827
180	9828
111	9829
39	9830
24	9831
43	9832
11	9833
410	9834
52	9835
204	9836
11	9837
158	9838
111	9839
126	9840
25	9841
239	9842
2300	9843
233	9844
2358	9845
2359	9846
71	9847
4	9848
4	9849
23	9851
518	9852
2360	9853
39	9854
11	3124
4	9855
4	9856
2361	9857
602	9858
23	9859
11	9860
2362	9861
155	23
1176	9862
23	9863
79	2001
23	9864
71	9865
410	9866
11	9867
4	9868
126	9869
220	6875
2363	9870
24	9871
2364	9872
163	9873
104	91
1110	9874
2365	9875
263	9876
5	9877
65	9878
456	9879
39	9880
149	9881
466	9882
8	9883
151	9885
216	9886
2366	9887
2367	9888
111	9889
144	9890
2368	6942
91	9891
463	4454
2369	9892
873	9893
4	9894
204	9895
142	3300
429	9896
366	9897
403	9898
23	1991
23	9899
25	9900
43	9901
2370	9902
21	5982
4	9903
327	9904
2371	9906
2372	9907
11	9909
1045	9910
21	9911
27	9912
2373	9913
550	9914
979	9915
79	9916
2374	9917
38	9918
339	9919
18	9920
808	9921
71	9922
11	9923
290	9925
43	8211
431	5915
4	9926
27	9927
976	9928
323	9929
4	9930
2375	9931
12	9932
79	9933
2376	9934
220	9935
2377	9936
11	9937
2378	9938
94	9939
1	9940
151	9941
39	9942
619	9943
2379	9944
959	9945
2380	9946
178	9947
4	9948
326	9949
2381	9950
2382	9951
1048	9952
71	9953
158	9954
2383	9955
323	9956
4	9957
17	9958
355	9959
308	9960
23	9961
2384	923
111	9962
4	9963
16	6170
43	9964
243	9965
4	9966
158	9967
13	9968
52	9969
4	457
870	9970
26	9971
23	9972
298	9973
461	9975
23	9976
247	9977
1129	9978
23	9979
2385	9981
11	9982
13	9983
982	254
607	9984
23	9985
2386	9986
24	9987
301	9988
187	9989
52	9990
4	9991
24	9993
301	767
2387	46
220	9994
2388	9995
451	9996
2389	2233
2390	9997
602	9998
124	9999
2391	10000
2392	10001
124	10002
23	10003
12	10004
2393	10005
2394	10006
13	10007
217	10008
2395	10009
5	10010
23	1978
407	10011
11	5198
2396	10012
702	10013
104	1635
39	10014
99	10015
9	10016
126	2246
113	10017
21	10018
2397	2187
10	10019
167	10020
1053	10021
13	10022
2398	10023
2399	10024
23	10025
155	10026
2400	10027
43	10028
94	10029
167	10030
132	10031
216	10032
486	10033
24	10034
46	10035
1	524
1909	10036
2401	4297
9	10037
23	10038
243	10039
2402	10040
346	10041
2403	10042
4	5895
9	10044
23	10045
2404	10046
23	10047
811	10048
276	10049
1215	2753
27	10050
11	10051
34	10052
63	10053
654	10054
468	10055
378	10056
4	10057
31	10058
2406	10059
18	10060
263	10061
217	7516
12	10062
2407	18
34	10064
2408	10065
1677	9136
2201	10066
1708	10067
23	10068
23	10069
23	10070
10	10071
17	10072
11	10073
223	10074
13	10075
37	10076
52	388
9	3812
39	10077
24	10078
23	10079
8	10080
13	10081
2409	10082
71	10083
23	10084
877	10085
329	10086
21	10087
4	10088
142	10089
400	10090
4	10091
401	10092
481	10093
217	10094
109	10095
626	10096
602	10097
9	10098
10	10099
146	10100
2410	10101
11	10102
13	10103
2411	10104
470	10105
1711	2559
42	324
375	10106
481	10108
27	10109
104	10110
11	3052
2413	10111
111	10112
179	10113
23	10114
96	10115
2414	10116
2415	10117
4	10118
1918	10119
830	10120
2416	10121
23	10122
807	10123
391	10125
10	10126
263	7126
23	10127
489	10128
2417	10129
4	10130
2418	10131
4	10132
4	10133
219	10134
317	10135
954	10136
2419	10137
23	10138
1668	10139
2420	10140
23	10141
2421	10142
1327	10143
65	10144
481	10145
2422	10147
5	10150
323	3662
23	10152
111	10153
8	10154
2423	10155
80	6018
327	10156
23	10157
137	10158
52	10159
4	10161
5	10162
26	10163
201	10164
317	10165
326	10166
110	10167
484	10168
313	10169
620	10170
5	10171
2424	10172
4	10173
52	10174
23	187
101	10175
167	10176
155	10177
2425	10178
1537	10179
868	10180
466	10181
423	10182
11	10183
130	10184
1805	10185
2426	1403
126	10186
79	10187
113	818
18	10188
9	10189
2427	10190
423	10191
468	10192
27	10193
91	10194
4	10195
46	10196
34	10197
13	10198
4	10199
1194	10200
282	10201
24	10202
574	10203
18	10204
155	10205
163	10206
115	10207
2428	10208
2429	10209
326	1381
9	10210
6	10211
2430	10212
174	10214
1004	2775
2137	10215
2421	10216
39	10217
80	257
46	10218
1026	10219
9	1662
23	10220
13	10221
3	10222
92	10223
2432	10224
13	10225
91	3955
23	6593
317	10226
1048	10227
77	10228
11	10229
4	10231
65	6803
144	10232
2433	10233
22	10234
13	10235
122	10236
158	10237
1602	10239
17	10240
159	10241
13	10242
21	241
442	10243
2434	10244
10	5461
2435	10245
12	10246
2436	10247
423	10248
2437	6627
1043	10249
69	10250
11	10251
0	10252
327	3784
2137	10253
13	10254
656	10031
71	10255
4	10256
2438	10257
24	10258
2439	10259
160	10261
2440	10262
2441	10263
2442	10264
89	2939
2443	10265
111	10266
2444	10267
71	10268
2445	10269
1566	10270
2179	10271
77	10272
27	10273
155	10274
9	10275
18	10276
148	10277
566	10278
24	10279
24	10280
2446	1005
778	10281
451	10282
2447	9661
126	10283
4	10284
149	10285
159	6170
217	10286
23	10287
1516	10288
23	10289
220	2802
220	630
124	10290
23	10291
52	10292
2448	10293
2449	10294
63	10295
219	2967
239	10296
167	10297
1713	10298
115	1301
23	10299
4	10300
2450	10301
2451	10302
9	10303
4	10304
537	10305
39	10307
2453	10308
23	10309
39	10310
676	10311
104	10312
18	10313
1920	10314
34	10316
578	10317
179	10318
466	10319
22	10321
77	10322
1129	10323
2454	10324
220	1662
2455	10325
204	10326
2300	10327
5	10329
65	10330
2456	10331
46	7105
11	10332
2457	10333
163	10334
185	8057
239	10335
358	10336
2458	10337
23	1634
1005	10338
363	10339
197	10340
327	10341
14	10343
637	10344
934	10345
23	10346
323	10347
204	10348
2459	10349
1385	10350
329	10351
2460	10352
13	10353
2461	10354
317	10355
77	10356
151	10357
2462	10358
24	10359
2463	10360
401	10361
720	10363
578	10364
13	10365
80	1788
11	6248
329	10366
71	10367
2465	10368
268	10369
468	10370
144	10371
11	10372
216	10373
23	10374
89	10375
124	10376
4	10377
223	10378
327	10379
4	10380
243	10381
4	10382
142	2564
151	10383
4	10384
23	10385
94	10386
378	10387
2454	10388
158	10389
149	10390
23	10391
2466	10392
326	10393
11	10394
497	923
307	10395
2467	10396
70	10397
34	10398
11	9036
21	10399
24	10400
46	10401
23	10402
1110	10403
11	10404
2468	10405
71	10406
808	10407
91	10408
18	10409
24	10410
149	10411
101	10412
1938	10413
24	10414
217	10415
142	6947
4	10416
77	10417
739	10418
24	10419
412	10420
372	10421
8	10422
410	10423
130	10424
537	10425
12	10426
143	10427
2469	10428
2470	10429
77	10430
9	10431
9	10432
55	10433
429	10434
1137	10436
23	10437
70	10438
532	10439
1529	10440
4	10441
2471	10442
2472	10443
2473	10444
926	1988
223	10445
104	1032
243	10446
4	10447
614	2660
13	10448
2474	10449
403	10450
23	10451
14	10452
4	10453
77	10454
89	10455
2475	10456
16	10457
481	10458
2476	10459
24	10460
2477	10461
244	10462
22	10463
102	961
31	10464
24	10465
2478	10466
1419	10467
21	8378
442	10468
422	10469
71	10470
21	10471
2084	10472
9	10473
985	10474
332	10475
701	10476
160	10477
2479	10478
2480	10479
5	10481
2481	10482
18	10483
553	10484
101	10485
2482	10486
2483	10487
858	10488
23	10489
219	10490
155	10491
2484	10492
360	10494
1672	10495
63	10496
1652	10497
111	10498
77	10499
89	10500
71	10501
10	10502
113	10503
112	10504
104	10505
451	10506
2485	10507
2486	10508
23	10509
4	10511
46	10512
163	10513
2487	10514
2488	10515
27	10516
707	10517
550	33
5	4192
2489	10518
1939	10519
958	10520
201	10521
22	10522
11	10523
5	10524
410	10525
1861	10526
71	10527
2126	10528
79	10529
34	10530
327	10531
2490	10532
2491	10533
242	10534
167	10535
1631	7909
4	10536
179	10537
2492	10538
2493	10539
5	10540
24	10542
2494	10543
23	10544
9	10545
568	10546
10	10547
8	10548
34	10549
113	10551
132	10552
217	10553
71	10554
11	10555
401	10556
18	10557
398	10558
483	10559
237	10560
23	10561
27	10562
4	10563
23	10564
2219	10565
27	10566
71	10567
143	10568
2496	10569
11	10570
34	10571
2496	10572
134	10573
649	10574
574	10575
179	10576
69	1262
327	10577
23	10578
281	10579
4	10580
204	10581
163	10582
2497	10583
179	10584
401	10585
249	10586
63	10587
9	10588
184	10589
1045	10590
2498	10591
602	10592
2499	10593
372	10594
347	10595
547	1788
5	10596
2500	10597
242	10598
339	10599
2501	10600
481	10601
14	10602
795	10603
5	10605
959	10606
372	10607
92	10609
18	10611
9	10612
297	10613
1571	10614
23	10615
111	10616
16	10617
290	10618
23	10619
23	10620
43	10621
1157	10622
347	10623
378	10624
1045	10625
27	10626
243	10627
163	10628
9	10629
2503	10630
27	6638
954	10631
13	1991
89	10632
163	10633
159	10635
637	10636
217	10637
483	8318
11	10638
4	10639
633	10640
71	10641
23	10642
4	10643
283	10644
46	10645
410	10646
43	10647
21	10648
242	435
568	10649
201	10650
725	10651
466	10652
1926	10653
23	10654
2505	10655
52	10656
24	10657
23	10658
126	10659
123	10660
2506	10661
24	10662
1758	10663
2507	10664
46	10665
1845	10666
11	10667
282	207
1703	10668
23	10670
432	10671
24	10672
396	10673
2509	10674
2510	10675
779	10676
63	10677
23	10679
9	10680
2230	10681
13	10683
201	10684
2511	4516
126	10685
789	10686
179	10687
3	10688
158	10689
9	3052
2513	841
2155	10691
6	10692
982	10693
24	10694
2514	10695
2515	10696
30	10697
34	10698
2516	10699
23	10700
171	2303
326	10701
2517	10702
38	10703
2086	10704
149	10705
167	10706
18	10707
2518	10708
4	10709
23	10710
308	3846
329	10711
2	10712
958	9054
79	10713
491	10714
2519	10715
2383	10716
92	2457
0	10717
568	10718
11	10719
71	10720
158	1434
2520	4494
10	10721
11	10722
74	10723
2521	10724
24	10725
2522	10726
308	10727
2523	10728
226	10729
962	10730
18	10731
96	10732
46	10733
104	10734
151	10735
24	6402
63	10736
521	10737
89	10738
2524	10739
77	10740
339	10742
2525	10743
430	10744
52	10745
1572	10746
17	10747
2526	10748
126	10749
4	10750
10	10751
220	10752
2527	10753
877	10754
2528	10755
129	10756
104	10757
60	10758
11	10759
71	10760
320	10761
10	10762
1303	10763
101	10764
418	10766
9	10767
5	10768
23	10769
101	1221
4	10770
2529	10771
1434	10772
326	10773
1275	4126
119	10774
71	10775
2530	10776
4	10778
242	10779
422	10780
1351	10781
23	10782
163	10783
24	10784
34	10785
160	10786
422	10787
92	10788
2532	10790
63	10791
11	10792
24	10794
24	10795
63	10796
179	10797
16	10798
2533	10799
1756	10800
11	5702
327	10801
2534	10802
407	10803
155	10804
327	10805
204	10806
407	10807
44	10808
71	10809
326	10810
9	10811
470	10812
163	10813
91	10814
347	10815
2535	10816
46	10817
24	10818
16	7301
163	10819
23	10820
11	10821
23	10823
113	10824
2537	10237
602	10825
113	1991
23	10827
43	3776
204	10828
13	10829
468	10830
486	10832
111	614
2538	10833
89	10834
310	5537
167	10835
4	10836
710	10837
828	10839
71	10841
113	10842
2539	10843
813	10844
2540	10845
2541	10846
24	10847
1343	10848
42	10849
368	10851
18	10852
2542	10853
5	10854
372	10855
142	6162
854	10856
327	10857
10	10858
461	10859
800	10861
101	10862
4	10863
1062	10864
24	10865
985	10866
2543	10867
159	10868
23	10869
4	10870
2544	637
128	10873
410	10874
1056	10876
298	10877
4	1578
101	10878
63	10879
127	10880
725	10881
745	10882
69	10883
12	10884
13	10885
2546	10886
149	10887
4	10888
184	10889
77	10890
23	10891
1358	10892
4	10893
1734	10894
1978	10895
326	10896
18	1005
11	10897
197	10898
2547	10899
2548	10900
71	10901
401	10902
729	10903
10	10905
101	10906
23	10907
23	10908
37	10909
92	9565
18	10910
263	1494
1857	10459
603	10911
201	10912
111	10913
12	10914
24	10915
5	10916
1157	3854
1244	10917
2549	10918
4	2564
470	10919
317	10920
77	10921
566	10922
800	10923
149	10924
71	10925
2550	10926
2131	10707
217	10927
71	10928
13	10929
1061	10930
149	10931
24	10932
568	10933
2551	10934
2552	10935
71	10936
163	10937
151	10938
18	10939
282	10940
23	10941
34	10942
63	10943
38	10944
2553	10945
122	10946
5	10947
77	10948
483	10949
550	10950
4	10951
219	10952
39	10953
246	10954
197	10956
982	10957
219	10958
2554	10959
707	10960
42	10961
1242	10962
23	10963
4	10964
4	10965
8	10966
63	10967
449	10968
5	10969
11	10970
11	10971
2555	10972
149	10973
423	10974
5	10975
134	10976
2556	10977
18	10978
2557	464
115	10979
132	10980
11	10981
24	10982
13	10983
550	10984
2558	10985
2559	10986
80	10987
5	10988
2560	10989
2561	10990
2562	10991
46	10992
607	10993
2563	10994
4	10995
345	10996
26	10997
24	10998
71	10999
111	11000
2564	11001
938	11002
27	11003
71	11004
63	11005
410	11006
52	11007
4	4510
52	11008
160	11010
23	11011
184	11013
112	521
2567	11014
242	11015
2568	11016
2569	11017
23	11018
2570	11019
5	11020
2502	1032
2104	11021
2571	11022
307	11023
23	11024
100	11025
239	562
611	11026
2572	11027
104	11028
415	11029
4	11030
204	11031
827	5524
24	11032
63	11033
92	11034
56	11035
440	11036
281	11037
8	11038
128	11039
4	11040
367	11041
102	11042
410	11043
2573	11044
2574	11045
23	11046
104	11047
307	11048
71	11049
673	11050
242	11051
23	11052
165	11053
24	11054
113	11055
317	11056
46	9458
239	11057
37	11058
70	11059
77	11061
143	11062
149	11063
71	11064
10	11065
13	11066
4	11067
92	11068
70	2400
9	11070
25	11071
2576	11072
800	11073
11	11074
11	9358
2577	1301
24	11075
71	11076
9	11077
23	11078
2578	11079
1756	11080
2579	11081
74	11082
739	11083
2580	11084
18	11085
432	11086
621	11087
101	11088
74	11089
23	11090
167	11091
2581	11092
44	11093
1855	11094
24	11096
442	11097
151	11098
91	11099
220	44
438	11100
2582	11101
23	11102
2057	11103
179	11104
18	11106
23	11108
705	11109
31	11110
2583	11111
2584	11112
2585	11113
17	11114
2156	11115
227	11117
2586	11118
163	11119
401	11120
52	11121
2343	11122
2587	11123
2588	11124
24	11125
111	11126
4	11127
547	11128
4	11129
451	11130
755	11131
2589	11132
2590	11133
46	11134
339	11135
690	11136
217	11137
400	11138
167	11140
423	11141
410	11142
11	11143
23	11144
2592	11146
2137	11147
100	11148
111	3698
113	11149
2593	11150
155	4147
112	11152
518	11153
2594	11154
36	11155
23	11156
23	11157
5	11158
4	11159
702	11160
18	11161
1182	11162
23	11163
34	11164
1239	11165
134	11166
701	11168
23	11169
104	11170
282	11171
144	11173
163	11174
24	11175
112	2775
423	11176
23	11177
71	11178
34	11180
2120	11181
18	11182
123	1553
223	11184
197	11185
2595	5303
2182	11186
18	11187
13	11189
2596	11190
25	11191
11	11193
55	11194
13	11195
470	11196
124	11197
4	11198
14	11200
18	11201
2597	11202
24	11203
1884	11205
4	11206
2598	11207
204	11208
705	11209
327	11210
23	11211
504	11212
2599	11213
8	11214
308	11215
336	616
112	11216
2600	11217
217	11218
167	7843
242	11220
91	18
4	11221
2602	11222
303	11223
13	11224
21	11225
537	11226
26	11229
4	11230
12	11231
217	11232
2604	767
2427	11233
2605	4295
23	11234
11	435
23	11235
55	11236
725	11237
327	11238
55	5056
2606	11239
1950	11240
2607	11241
46	11242
2608	11243
16	11244
642	11245
171	11246
79	11247
101	11248
43	11249
358	11250
23	11251
23	11252
24	11253
481	11254
39	11255
217	11256
2609	11257
55	11258
2610	11259
17	11260
286	11261
2611	11262
63	6799
11	11263
31	11264
79	11265
2178	11266
23	11267
204	11268
818	11269
23	11270
23	11271
11	11272
16	11274
4	11275
34	11276
11	3642
21	11277
2612	11278
9	11279
83	11280
201	11281
10	11282
24	4142
220	2187
12	1329
243	257
121	11283
2613	11284
11	4323
152	11285
2614	11286
27	11287
10	11288
71	11289
18	11290
669	1376
868	11291
91	11292
242	11293
126	1279
23	11294
2615	11295
23	11296
2607	11297
219	11298
287	11299
401	11300
11	11301
101	11302
1643	11303
1022	11304
1506	11305
296	11306
468	11307
1163	2775
2350	11308
2616	11309
101	11310
242	11311
71	11312
2002	11313
216	11314
23	11315
360	11316
9	11317
158	11318
1511	11319
242	11320
2294	803
2107	11321
23	11322
1322	11323
70	11324
11	11326
725	767
2617	5126
580	11327
10	11328
2137	11329
2618	11330
27	11331
16	4187
21	11333
23	11334
18	9335
347	11335
167	11336
71	11337
1048	11338
11	11339
4	11340
2620	11342
25	11343
77	11344
119	11345
23	11346
31	11347
25	923
2621	11348
1160	11349
327	11350
4	11351
31	11352
134	11353
71	11354
1306	11355
2285	11356
219	11357
100	11358
2623	11359
123	11360
184	11361
1358	11362
46	11363
10	11364
24	11365
2118	11366
2624	11367
71	11368
91	11369
23	11370
197	11371
2625	11372
60	11373
43	11374
4	11375
104	11376
2626	11377
4	11378
262	11379
167	11380
2627	11381
111	11382
2628	11383
2629	4672
100	11384
22	11385
163	3125
1863	11386
5	11387
2111	11388
2630	11389
34	11390
11	11391
640	11392
410	11393
77	11394
851	11395
410	11396
2631	11397
602	11398
89	11399
1185	11400
1568	11401
38	2677
1139	11402
23	11403
180	11404
89	11405
16	11406
13	11407
144	11408
339	11409
642	11410
23	11411
9	1554
4	11412
71	11413
486	11414
2061	11415
2502	10707
27	11416
14	11417
483	11419
768	11420
801	11421
2632	11422
2633	11423
63	7441
263	11424
588	11425
4	11426
2634	11427
249	11428
1697	11429
2074	11430
401	11431
24	11432
23	11433
12	11434
2635	11435
158	11436
122	11437
2636	11438
18	11439
2637	11440
491	11441
10	11442
71	11443
4	11444
71	11445
160	4297
80	11446
2638	11447
23	11448
469	1787
9	11449
1503	11450
9	11451
1949	11452
1377	11453
9	11454
534	11455
2639	11456
151	9590
174	11457
115	11458
4	841
8	11459
24	11460
142	1365
24	11461
237	11462
4	11463
2640	11464
223	11465
11	11467
204	11468
11	11469
2641	11470
401	11471
18	11472
1900	11473
113	11474
1780	11475
317	11476
2583	11477
222	641
71	11478
216	11479
597	11480
5	11481
60	11482
100	11483
2642	11484
24	11485
163	11486
2389	11303
160	11487
74	11488
537	11489
100	11490
71	11491
2643	11492
178	11493
79	11494
1061	11495
5	11496
155	11497
27	11498
4	11499
1704	11500
225	11501
77	11502
360	11503
171	11504
602	7457
244	11506
5	11507
4	11508
217	11509
38	11510
9	11512
23	11513
429	11514
1129	11515
63	11516
70	11517
163	11518
23	11519
23	11520
2644	11521
89	11522
10	11523
423	11524
356	11525
4	11526
9	257
11	11527
2645	11528
1591	11529
423	11530
378	11531
2646	11532
512	3182
4	8173
2647	11533
239	11534
46	11535
1129	11536
525	11537
9	11538
163	504
44	11539
13	11540
614	11541
239	11542
11	11543
4	11544
123	11545
1909	11546
2648	11547
23	11548
707	208
34	11549
21	11550
2135	11551
2649	11552
55	11553
24	207
71	11554
2650	11555
397	11556
113	11557
282	3178
155	11559
23	11560
2651	11562
34	11563
216	11564
23	1565
237	11565
23	11566
217	2707
2652	11567
155	231
1129	11568
23	11569
23	11570
10	11571
144	11572
2653	11573
2654	11574
1794	11575
149	11576
115	11577
11	11578
473	11580
2376	11581
111	11582
23	11584
34	11585
24	11586
77	11588
2021	5635
23	11589
2655	11590
38	11591
18	945
2656	11592
1	4787
18	11593
2657	11594
2658	11595
8	11596
11	11597
79	11598
27	11599
171	11600
71	11601
4	11602
2659	11603
347	11604
5	11605
2091	11606
2118	11607
8	11608
4	11609
171	11610
219	11611
18	11612
24	3769
262	8441
483	11613
5	11614
1087	11615
220	11616
132	11617
23	11618
394	11619
4	11620
1086	11621
2660	11622
313	6863
38	11623
24	11624
24	11625
167	11626
34	11627
126	11628
69	11629
5	11630
109	11631
167	11632
4	11633
1422	11634
101	11635
1281	11637
234	11638
2661	2795
4	11639
52	11640
2662	11641
2663	11642
70	11643
122	11644
243	11645
545	598
92	11647
142	11648
22	11649
27	11651
18	11652
13	11653
23	11654
179	11655
24	11656
317	11657
2536	11659
23	11660
16	11661
1938	11662
77	11663
11	2
55	11665
9	11666
572	11668
11	11669
9	11670
2665	11671
2666	11672
2667	11673
24	8515
868	11675
11	11676
217	11677
2668	11678
602	11679
4	11680
2669	11681
13	11682
2606	11683
21	11684
5	11685
5	11686
63	11687
18	11688
1861	11689
70	11690
21	11691
63	11692
416	11693
24	11694
109	11695
144	992
142	11696
27	11697
547	11698
71	3052
18	922
27	11699
317	11700
23	11701
2670	11702
216	11703
2671	11705
2672	11706
142	11707
553	11708
2673	11709
91	11710
2674	11711
2675	11712
306	11713
2676	11714
10	11715
26	11716
11	11717
1150	11718
423	11719
4	11720
89	11721
2677	646
63	11723
217	11724
239	11725
2678	11726
22	11727
410	11540
4	11728
22	11729
24	11730
46	11731
1756	11732
14	11733
23	11734
347	11735
4	11736
512	11737
217	11738
2679	11739
2680	11740
34	11741
423	11742
18	11743
243	11744
26	11745
149	11746
461	11747
34	11748
21	11749
151	11750
1735	11751
4	11752
104	3076
9	11753
23	11754
10	11755
296	11756
38	11757
23	11758
8	11759
2682	11761
2683	11762
9	11763
77	11764
2684	11658
52	11765
2685	11766
2686	11767
18	11768
201	7635
2687	11769
18	11770
263	11771
24	11772
24	11773
2688	11774
101	11775
205	11776
13	1595
2689	10274
5	11777
372	11778
4	11779
89	11780
127	11781
4	11782
2690	11784
12	11785
2691	11786
151	11787
46	7240
262	11788
155	11789
63	11790
286	11791
2692	11793
21	11794
67	11796
2693	9653
39	11797
1369	11798
24	1674
79	11799
151	11800
4	11801
71	11802
89	11804
239	11805
23	11806
130	11807
2694	11808
654	11809
12	11810
401	11811
705	11812
268	11813
808	5438
10	11814
2695	11815
23	11816
242	11817
2696	11818
13	11819
34	11820
126	18
89	7105
142	11822
301	11823
456	11824
77	11825
4	11826
733	11827
4	11828
25	11829
23	11831
115	11832
151	11833
2697	11834
2698	11835
71	11836
2699	11837
456	11838
2700	11839
21	11840
219	11841
2701	11842
1265	11843
1	1708
27	11844
281	464
2702	11845
9	11846
2703	11847
11	11848
70	11849
4	11850
44	11851
23	11852
1312	11853
11	11854
11	11855
38	11856
100	11857
430	11858
1672	11859
416	11860
306	11861
5	11862
982	11864
2705	11866
27	11867
2299	11868
13	11869
18	11870
4	11871
555	7663
23	11872
2706	11873
243	8058
100	11874
16	11875
23	11876
2707	11877
46	11878
11	11879
243	11880
1522	11881
642	11882
71	11883
23	11884
239	11885
217	11265
13	11886
6	11887
9	11888
71	11889
24	11890
24	11891
10	11893
2708	11894
2369	9781
23	11895
92	11896
673	11897
24	457
2709	11898
1375	11899
2710	231
2711	4862
545	11900
9	11901
74	11904
468	11905
4	11906
281	11907
220	11385
1756	11908
31	11909
21	11910
23	11911
24	11912
23	11913
1004	11914
23	11916
163	1933
296	11917
2693	11918
142	11919
2712	11920
24	11921
14	1378
372	11922
23	11923
1505	11924
23	11925
46	11926
8	11927
4	11928
2713	11930
24	11931
12	11932
317	11933
160	11934
65	11935
92	11936
603	6298
23	11937
143	11938
720	11939
24	11940
130	11941
412	8656
1657	11943
725	11944
2715	11945
227	11946
423	11947
149	11948
201	11949
132	11951
2716	11952
23	11953
217	11956
23	11957
2718	11958
339	11959
23	11960
217	11962
5	11963
2719	8378
66	818
89	11964
91	11965
239	11966
34	11967
2720	11968
649	11969
159	11970
23	11971
2721	11972
904	11803
27	11973
2722	11974
1349	11975
1920	11976
410	11977
1129	11978
143	11979
243	11980
115	11981
122	11982
11	11742
9	11983
2723	11984
220	11985
243	11986
217	11987
217	11988
23	11989
468	1787
113	11990
91	11991
2724	11992
954	11993
9	11994
24	11995
317	11996
0	11998
46	11999
317	12000
111	12001
2725	12002
11	12003
71	12004
18	12005
2726	12006
142	12007
24	12008
79	12009
23	1806
144	12010
55	12011
174	12012
1061	12013
111	12015
4	12016
23	12017
23	12019
287	12020
126	12021
4	46
18	12022
46	12024
222	12025
160	12026
167	12027
2727	12028
701	12029
24	12030
1325	12031
1265	12032
2728	12033
13	12034
11	12035
126	12036
46	12037
966	12038
132	12039
949	12040
9	5537
2729	12041
600	12042
63	12043
372	12044
339	12045
2730	12046
504	12047
13	12048
2731	12049
179	12050
2663	12051
23	12052
179	12053
43	12054
410	12055
113	12056
327	12057
814	12058
23	12059
89	12060
249	5669
4	12061
329	12063
21	12064
4	12065
134	12066
2732	12067
14	12068
34	12069
201	212
621	12071
220	12072
2733	12073
4	12074
142	12075
220	12076
24	1562
115	12077
46	12078
113	12079
317	12080
1211	12081
25	12082
5	12083
24	12084
1004	12085
317	12086
148	12087
217	12088
113	12089
21	12090
43	12091
23	12092
2734	12093
123	12094
4	12095
327	12096
91	3701
71	12097
463	12098
134	12099
298	12100
4	12101
24	12103
468	12104
410	12105
155	12106
2735	12107
2736	12109
217	12110
5	12111
24	12112
1129	12113
46	12114
4	12115
967	12116
46	12117
227	4056
401	12118
2737	12120
11	12121
286	12122
1139	12123
79	12124
126	12125
23	12126
10	12127
326	12128
2738	12129
124	12130
101	12131
2739	12133
1668	7245
877	12134
355	12135
478	12136
12	12137
449	12138
39	12139
282	12140
5	12141
13	12143
122	12144
217	12146
481	12147
2740	12148
201	12149
2741	12150
158	12151
63	12152
2742	12153
2743	12154
4	12155
113	12156
212	12158
21	12159
71	12160
705	12161
2744	12162
11	12163
46	12164
2745	12165
204	12166
24	12168
1876	12169
55	12170
112	12171
433	12172
401	12173
23	12174
107	12175
2454	12176
18	12177
4	12178
2746	12179
52	12180
574	12181
4	1005
163	12182
34	12183
2747	12184
133	12185
217	12186
24	12187
2748	12188
2749	12189
16	12190
423	12191
1151	12192
327	12193
77	12194
2750	182
204	12195
262	12196
159	10275
2751	12197
2291	5917
2752	12198
695	4250
71	12199
187	12200
91	12201
486	12203
401	12204
11	5803
423	12206
34	12207
11	12208
34	5856
104	12210
113	12211
70	12212
1836	12214
327	12216
2753	12217
130	12218
18	12219
4	12220
171	5076
184	12221
809	886
63	12069
2754	12222
2755	12223
197	12224
297	12225
220	12226
4	4422
2756	12227
2757	12228
368	12229
2758	12230
171	12231
23	5524
1087	12232
216	12233
2197	12234
217	12235
263	3854
870	12236
77	12237
287	12238
80	12239
71	12240
11	12241
2759	12242
1948	1713
11	12243
368	12244
113	12245
358	12246
46	12247
11	12248
2760	12249
954	12250
43	12251
282	12252
146	435
11	12253
2230	12254
2762	12255
18	12256
1238	12257
282	12258
4	12259
568	4323
229	12260
11	12261
4	12262
171	12263
1884	12264
127	12265
566	12266
113	12267
423	12268
2763	12269
23	12270
2764	12271
372	12272
23	12273
452	12274
163	6474
171	12276
24	12277
2765	12278
2766	12279
179	12280
621	12281
43	12282
287	12283
410	3867
244	12284
410	12285
4	12286
219	12287
442	12288
23	12289
99	12290
2767	12291
2768	12292
1129	12293
151	12295
27	12296
142	12297
11	12298
142	1098
2769	12300
223	12302
179	12303
5	1368
2118	12304
71	12305
317	12306
2771	12307
2772	12308
518	7611
70	12309
2773	12310
1900	12312
70	12313
27	3828
2	12314
23	12315
339	12316
216	12317
1469	12318
4	12319
4	12320
144	12321
5	12322
5	12323
23	12324
259	12325
1857	12326
504	12327
346	12328
163	187
2133	2316
217	12329
281	12330
1350	12331
2775	12332
92	12333
43	12334
5	12335
2776	12336
144	12337
24	12338
13	12339
2777	12340
5	12341
71	12342
913	12343
10	12344
46	12345
88	12346
155	8478
423	4203
101	12347
70	4516
163	12348
144	12349
2778	12350
290	12351
220	6829
43	12352
2779	12353
23	12354
2780	12355
1056	12356
9	12357
2781	803
317	12358
2782	12359
2783	12360
2784	12361
79	85
5	12362
2785	12363
2019	12364
2786	12365
4	12366
360	12367
2787	1403
4	12368
44	12370
249	11647
24	12371
115	12372
244	12373
31	12374
23	12376
423	12377
217	3850
71	12378
77	12379
226	12380
4	12381
46	12382
375	12384
171	12385
4	12386
23	12387
24	12388
2789	12389
155	12390
8	12391
27	12392
239	6483
4	12393
2790	12394
11	12395
154	12396
204	12397
23	12398
12	10409
10	12399
2791	12400
42	11459
71	12401
320	12402
2792	12403
2793	12404
9	12405
2134	12406
34	12407
9	12408
368	12409
237	12410
115	3854
347	6507
4	12411
1215	12412
725	12413
94	12414
602	12415
43	12416
44	12417
89	12419
647	12420
2794	12421
326	12422
13	12423
71	12424
297	12425
2795	12426
44	12427
4	3776
2796	12428
77	12429
2797	12430
4	12431
71	12432
4	12433
44	781
23	12434
67	7872
127	12435
372	12436
2798	12437
1317	12438
550	12439
1322	12440
2799	12441
2454	12442
52	12443
23	12444
11	12445
744	8330
4	12446
25	8057
39	12447
1582	12448
217	12449
4	12450
9	12451
2800	6563
18	12452
5	12453
26	12454
11	12455
1758	12456
36	12457
410	12458
23	12459
10	12460
2801	12461
2802	12462
160	12463
2803	10459
1363	12464
5	12465
104	12466
23	12467
43	241
2804	12468
27	12469
155	12470
34	12471
80	12472
5	12473
985	12474
52	12475
104	1701
101	12476
89	12477
403	3543
2805	12478
243	12479
356	12480
23	12481
2806	12482
568	12483
2540	12484
149	12485
23	12486
4	12487
158	12488
122	12489
77	12491
71	12492
1909	12493
126	12494
2807	12495
486	12496
129	12497
8	2564
24	12498
23	12499
25	12500
154	12501
614	1481
131	12502
454	12503
320	12504
13	12505
24	12506
113	12507
14	2187
34	12508
34	12509
1062	7457
71	12510
2808	12511
2809	12512
123	12513
2810	12514
327	961
80	12515
18	12516
957	12517
18	12518
63	12519
91	1032
18	12520
13	12521
2811	12522
24	12523
27	12524
23	12525
167	12526
159	12527
868	12528
123	12529
184	12530
9	12531
113	12532
43	12533
451	12534
71	12535
10	12536
512	12537
9	12538
2812	12539
360	12540
52	12541
2813	12542
23	12543
5	12544
358	12545
27	4797
92	12547
52	12548
4	12549
2814	12550
212	12551
217	12552
23	12553
326	12554
11	12555
4	12556
2815	12557
1259	464
4	12558
4	12559
4	12560
4	12561
2615	12562
298	12563
34	12564
8	12565
791	12566
2816	12567
2817	12568
2818	12569
4	12570
423	12571
2819	12573
10	12574
2820	12575
1884	12576
23	12577
407	12578
71	12579
112	12580
23	12581
2821	12582
43	12583
764	7955
71	12584
71	12585
5	12586
63	12587
583	12588
27	12589
654	12590
24	12591
23	644
23	12592
762	12593
262	12594
423	12595
9	12596
9	12597
423	12598
4	12599
2822	12601
982	12602
2823	12603
23	8378
27	12604
24	12605
23	12606
4	12607
24	12608
18	12609
11	5281
339	12610
10	12611
2824	12612
27	12613
2825	12614
23	12615
2826	12617
2827	12619
360	257
27	12620
2828	12621
4	12622
242	12623
503	1787
2829	12624
102	12625
2830	12626
2831	12627
27	12628
11	12629
327	12630
18	12631
71	532
204	12632
104	12634
5	12635
1375	12636
24	12637
167	12638
46	12639
127	12640
4	12641
46	12642
11	12643
91	12644
2832	12645
204	12646
37	12647
14	12648
4	12649
43	12650
223	12651
71	12652
2833	12653
46	12654
18	12655
23	12657
187	2660
13	12658
39	12659
5	12660
1547	12662
347	12663
290	12664
4	12666
70	12667
18	6162
25	12668
2834	12669
2835	12670
63	12671
34	12672
463	12673
795	12674
179	12675
34	12676
2836	6040
2837	12677
46	12678
52	12679
2201	12680
34	12681
77	12682
1	12683
142	12684
77	12686
1892	12687
42	12688
132	12689
2838	793
966	12690
2135	12691
113	12693
2047	12695
2839	12696
201	12697
827	12698
262	12699
46	12700
486	23
2840	12701
243	12702
1817	12703
46	12704
2841	12705
2842	12706
34	12707
306	12708
2843	12710
4	12711
34	4219
2844	11003
1262	12712
23	12713
4	12714
101	12716
23	12717
5	12719
4	12720
2845	464
46	12721
43	12722
34	12723
18	12724
2846	12725
149	12726
2337	12727
536	12728
91	12729
100	12730
281	12731
155	12732
77	12733
9	12735
2005	12736
829	12737
39	12738
2847	12739
101	12740
355	12741
23	12742
23	12743
2848	12744
2849	12745
2850	12746
2851	12747
22	12748
486	12749
91	12750
2852	12751
317	12752
43	254
11	12753
216	12754
553	12755
2853	12756
1322	12757
4	12758
9	12733
2854	12760
628	12761
112	36
167	12762
366	12763
2855	12764
18	12765
5	12766
122	12768
148	12769
11	207
326	12770
163	12771
2856	12772
2857	12773
80	12774
4	12775
2858	12776
2859	12778
297	464
242	12780
297	12781
1831	12782
91	12783
126	12784
574	12785
339	12786
43	12787
265	12788
13	4961
2860	12789
71	3927
71	3692
23	12791
2286	12792
2861	12793
4	12795
24	12796
101	12797
111	12798
144	12799
602	12800
39	12801
8	12802
298	12803
800	12804
2385	12805
2862	12807
18	60
151	12808
1015	12809
123	12810
151	12812
126	12813
142	12814
18	12815
2863	12816
155	12817
44	12818
4	12819
4	12820
2864	12821
4	12822
2865	12823
91	12824
959	12825
89	12826
115	12827
339	12828
9	12829
2866	12830
13	12831
23	12832
16	767
2867	12833
24	12834
2868	12835
2086	12836
1381	12837
71	12838
144	12839
171	38
9	3921
18	12840
297	12841
46	12842
339	12843
151	12844
2869	12845
24	12846
2870	12847
10	12848
38	12849
1093	923
982	12850
18	12851
158	12852
24	12853
115	5060
306	12854
4	12855
11	10319
2871	12856
124	12857
27	12858
4	12859
326	12860
466	12861
127	12862
2872	12863
864	12864
123	12865
23	12866
2873	278
2874	12867
46	12869
4	12870
1484	12871
79	12872
70	12873
11	12874
2875	12875
2876	12876
122	12877
2528	646
13	12878
91	12879
46	12880
13	12881
113	12882
13	12883
4	12884
151	12885
2877	12886
4	12887
2878	1365
94	464
318	12888
63	12889
2704	12890
768	12891
568	12892
442	12893
23	12894
65	12895
244	12896
96	12897
187	12898
23	12899
336	12900
2879	12902
23	12903
2880	12904
101	12905
2881	12906
42	4775
13	12907
23	12908
101	12909
24	12910
100	12912
649	12913
34	11937
2882	12914
317	12915
5	12916
23	12917
18	12918
22	12919
144	12920
451	12921
367	12922
90	12923
23	12924
101	12925
2883	12926
5	12927
204	12928
2884	12929
204	12930
1010	12931
178	207
24	12932
2885	12933
423	12934
1303	12935
23	12936
4	12937
180	12938
46	12939
2886	12940
4	3615
77	12941
217	12942
115	2764
151	12943
1129	12944
163	12945
2887	12946
92	3642
318	12947
24	12948
23	12949
21	12950
1216	12951
13	12952
339	5448
1319	12953
4	12954
204	12955
1434	12956
77	12957
2888	12958
17	12959
71	12960
4	12961
2292	12962
297	12963
2889	9308
23	12964
486	12965
111	12966
113	12967
132	12968
2890	12969
23	12970
4	12971
77	12972
1449	923
243	5922
5	12973
112	12974
2891	12975
55	12976
13	12977
60	12978
875	12979
77	12980
2240	12981
2892	12982
92	12984
2893	12985
360	12987
2894	12988
13	12989
12	678
111	12990
2895	12991
185	12992
2896	12993
111	12994
38	12996
317	4865
5	12997
268	12998
481	12999
46	13000
707	13001
24	1273
11	13002
111	13003
2898	13004
2899	13005
4	13006
512	13007
4	13008
160	13009
2900	13011
204	13012
4	13013
22	7441
2901	13014
23	13015
92	13016
243	13017
46	13018
985	13019
591	13020
25	13022
65	2536
2902	13023
23	13024
91	92
34	13025
2903	13026
11	13027
2904	13028
2905	13029
2906	13030
89	13031
5	13032
22	13033
13	13034
294	13035
8	13036
2907	13037
43	13038
201	13039
802	13040
2908	13041
18	13042
282	12
104	13043
113	13044
2909	13045
104	13046
1407	13047
741	13048
2910	13049
1728	13050
11	13051
2018	13052
23	13053
24	13054
37	13055
113	13056
52	13057
2911	13058
326	13059
155	13060
174	13061
950	13062
463	923
2461	13063
316	13064
74	13065
351	616
77	13066
10	13067
71	13068
4	212
725	13069
204	13070
2912	13072
1163	13074
63	13075
11	13076
2913	13077
2914	13078
423	10348
766	13079
2057	13080
24	13081
4	3849
396	13082
23	13083
244	13084
142	13085
2035	13086
2915	13087
2916	13088
327	13089
70	13090
9	13091
2917	13092
2918	13093
25	13094
12	13095
2919	13096
469	13098
83	13099
642	13100
23	13101
9	13103
2920	13104
2275	13105
212	13106
18	13107
317	13108
107	13109
597	13110
2921	13111
52	13112
550	13113
268	13114
21	5750
23	13115
123	13116
5	13117
2922	8173
4	13118
71	13119
320	13120
23	13121
375	13122
23	13123
11	13124
2923	13125
217	7636
707	13126
127	13127
151	13128
283	13129
12	4787
27	13130
18	13131
217	13132
326	13133
27	13134
1529	13135
603	7198
155	13137
23	13138
70	13139
1135	13140
149	923
298	13141
0	13142
336	13143
2924	13144
24	13145
1129	13121
43	13146
2925	13147
124	13148
4	13149
525	13150
2926	13151
16	13152
298	13153
2927	13154
242	13155
204	13156
9	13157
184	13158
77	13159
2929	13160
1939	13161
77	13162
71	13163
2930	13164
158	13165
4	4300
71	13166
11	13167
89	13168
9	1713
63	13169
24	827
0	13170
2931	13171
282	9862
281	13172
126	13173
4	13174
1045	13175
91	13176
27	13177
2606	13178
42	13179
11	13180
5	13181
282	767
701	13182
142	2696
23	13183
2932	13184
46	13185
2933	13186
2934	13187
89	1474
23	13188
387	13190
327	13191
46	13192
2935	10348
23	13193
11	13194
4	10467
77	10275
17	13195
144	13196
158	1991
1909	13197
13	1025
290	13199
249	13200
430	13201
1672	13202
2936	13203
807	13204
1271	13205
1805	13206
17	13207
2937	13208
553	13209
13	13210
16	562
4	6035
71	13211
23	13212
18	3867
115	1032
4	13213
2656	13214
296	6947
22	13215
18	13216
27	13217
217	13218
4	13219
77	13220
2938	13221
216	13222
2939	13223
374	13224
282	13225
237	13226
96	13227
171	13228
469	13229
2940	13231
70	13232
532	13233
1945	13234
1292	2604
55	13235
600	13237
63	13238
23	13239
18	13240
2089	13241
77	13242
2941	13243
25	13244
9	13245
2942	13246
568	3076
23	13247
155	9638
25	13248
4	13249
23	13250
2943	13251
282	13252
2944	13253
132	13254
16	13255
423	13256
70	13257
14	13258
4	13259
483	13260
23	13261
13	13263
2945	13264
31	13265
447	13267
18	13268
2947	13269
34	13270
88	13271
204	13272
2948	13273
34	10901
2949	923
2950	13274
11	13275
2951	10536
2952	9388
2953	13276
149	13277
243	13278
89	13279
77	13280
11	13281
23	13282
144	18
1407	13284
167	13285
2827	7635
111	13287
163	13289
422	13290
345	13291
24	13292
43	13293
23	13294
148	8425
11	13296
286	13297
345	13298
24	13299
113	13300
16	13301
23	13302
159	13303
23	13304
158	13305
46	13306
104	13307
800	13308
151	11803
204	13309
23	13310
163	6507
18	11937
155	13311
1396	13312
43	13313
23	13314
2956	6898
1711	13315
11	13316
4	13317
9	13318
23	13319
27	13320
142	13321
282	13322
1892	13323
2957	13324
44	206
296	13325
46	13326
12	13327
34	13328
24	13329
163	10383
34	542
5	13330
2958	13331
1163	13332
2959	13333
410	2758
24	13334
74	13335
401	13336
339	13338
327	13339
18	13340
2960	13341
159	13342
217	7005
23	13343
4	13344
1132	13345
167	13346
9	13347
167	13348
2961	13349
1147	13350
163	13351
18	13352
645	13353
2962	13354
4	1961
23	13355
217	13356
2963	13357
23	13358
23	7646
52	13359
23	13360
9	13361
320	13362
24	13363
71	8328
23	13364
2964	13365
130	13366
1657	13367
197	13368
2965	13369
52	13370
23	13371
2851	13372
34	13373
4	13374
1805	13375
25	13376
24	13377
219	13378
2966	13379
124	13380
24	13381
1202	13382
368	2337
2967	13383
1139	13384
468	13385
4	13386
163	9565
4	13387
11	13388
71	923
163	13389
23	13390
423	13391
46	13392
205	13393
985	13394
23	13395
133	13396
2968	13397
80	13398
830	13399
25	13400
355	13401
109	13402
2969	13403
827	1553
23	13404
327	13405
2970	13406
107	13407
46	5198
101	13408
179	13409
151	13410
2971	13411
24	13412
2972	13413
13	13414
1522	13415
158	13416
27	13417
23	13418
237	13419
158	13420
38	13421
2973	13422
4	13423
70	13424
130	13425
614	13426
171	13427
21	13428
4	13429
1566	13430
764	13431
212	13432
456	13433
1499	13434
43	13435
643	13436
65	13437
244	13438
239	13439
126	3927
142	13440
184	257
10	13441
982	13442
11	13443
2974	115
12	13444
46	13445
1306	13447
27	13448
159	13449
113	13450
167	13451
237	13452
43	231
11	13453
17	13454
11	13455
71	13456
301	13457
621	13458
46	13459
158	13460
11	13461
13	13462
1799	13463
2975	13464
23	13465
607	13466
1761	13467
52	13468
2976	13469
263	13470
24	13471
2781	13472
46	13473
2977	13474
4	13475
82	13476
23	8983
11	13477
27	10866
113	13478
5	2400
239	13479
27	13480
24	13481
13	13482
4	13483
217	13484
647	13485
52	13486
109	13487
90	268
217	13489
46	13490
92	13491
720	13492
24	13493
1449	13494
142	12960
9	7005
142	13495
43	13496
176	13497
4	13498
220	13499
11	13500
1147	13501
2978	13502
71	13503
239	13504
9	13505
63	13506
163	13507
11	13508
24	13509
101	13511
326	4684
145	13512
410	13513
77	13514
8	13515
151	13516
201	13517
4	13518
4	13519
2979	13520
2980	13521
10	13522
1267	13524
10	13525
111	13526
2981	13527
306	13528
18	13529
201	13530
201	13531
4	13532
1129	13533
890	13534
160	13535
2982	13536
1572	13537
34	12553
23	13538
5	13539
237	13540
46	13541
11	13542
71	13543
2983	13544
2327	13545
142	2795
100	13547
305	13548
2985	13549
2168	13550
88	13551
123	13552
63	13553
410	13554
9	13555
2986	13556
4	13557
520	13558
142	13559
11	257
77	13560
71	13561
102	13562
568	13563
301	13565
180	13566
52	13567
18	10835
1926	13568
18	13569
23	13570
148	13572
11	13573
2987	13574
70	13575
707	13576
2988	13577
1204	13578
1182	10077
1	4297
2989	13579
2990	13580
167	13581
2991	5616
317	13582
4	13583
101	13584
27	13585
23	13586
42	13587
23	13588
317	13589
2757	13590
6	13591
71	13592
2992	13593
2993	923
2994	13594
4	13595
1602	13596
134	2324
104	6638
2782	13597
27	13599
217	13600
46	13601
307	13602
24	13603
18	13604
201	13605
2995	13606
89	13607
23	13608
4	13609
339	13610
25	13611
13	13612
1147	13613
4	3773
286	13614
0	13615
452	270
401	13616
21	13617
144	13618
92	13619
43	13620
449	13621
52	13622
167	13623
2996	13624
2997	13625
2998	13626
167	13627
90	13628
158	13629
247	13630
23	13631
294	13632
52	13633
23	13634
397	13635
46	1838
100	13636
720	13637
2724	13638
91	13639
2999	13640
155	13641
9	3752
179	13642
77	13643
43	1787
148	13644
3000	13645
4	13646
582	13647
11	13649
3002	13650
18	13651
16	13652
11	12543
2014	13653
71	13655
44	13656
167	13657
3003	13658
26	4422
30	13659
43	13660
3004	13661
88	13662
3005	13663
65	13664
1805	13665
3006	13666
151	296
77	13667
4	13668
71	10676
52	13669
5	13670
71	13671
868	13672
34	13673
11	10433
3007	13674
129	13675
4	13676
132	13677
24	13678
317	13679
3008	13680
813	8629
23	13681
283	13682
70	3817
466	13683
52	1602
4	13684
4	13685
3009	3903
155	13686
130	13687
160	13688
201	13689
38	13690
89	13691
149	13692
23	13693
4	13694
239	13695
3010	13696
3011	13697
928	13698
1415	13699
3012	13700
5	13701
216	13702
77	13703
34	13704
2644	13705
126	13706
23	13707
71	13708
71	13709
71	13710
18	13711
11	13712
3013	13307
11	13714
3014	13715
126	13716
70	13717
3015	13718
18	13719
145	13720
13	13721
3016	13722
66	13723
3017	13724
16	13725
3018	13726
18	13727
16	464
112	13728
9	13729
77	13730
128	13731
18	13732
3019	13733
317	13734
4	13735
38	13736
5	13737
1415	13738
71	13739
327	9273
11	13740
422	13741
18	13742
24	13743
23	13744
102	13745
3020	13746
11	13747
23	13748
46	13749
5	13750
112	13751
46	13753
1	13754
126	13755
23	13756
39	13757
1711	13758
2505	13759
10	13760
38	13761
684	13762
24	13763
11	13764
3021	13765
23	13766
112	13767
23	11007
24	13768
44	13769
115	13770
149	13771
4	13772
23	13773
63	13774
4	13775
286	13776
24	13777
71	13778
201	231
360	13779
18	13780
46	13781
2456	13782
1322	13783
38	13785
11	13786
469	13787
11	2895
2942	13788
24	13789
94	13790
3022	13791
126	13792
10	13793
3023	13794
3024	1292
1422	13795
101	13796
3025	13797
3026	13798
167	5580
466	13799
4	1301
43	13800
18	13801
10	13802
17	91
44	13803
3027	13804
217	13805
178	13806
143	13807
112	13809
11	13810
451	13811
3028	13812
94	13813
23	13814
34	13815
3029	13816
3030	13817
71	13818
237	13821
1196	1806
11	13822
18	13823
113	13824
1626	13825
3031	22
179	13826
268	7761
23	13827
391	13828
24	13829
34	13830
171	13831
23	13832
43	13833
23	13834
239	13835
246	3284
411	13836
34	13837
34	13838
142	13839
23	11834
3032	13840
18	13841
451	13842
3033	13843
306	13844
92	5124
52	13845
23	13846
24	13847
104	13850
1511	13851
518	13852
1297	13853
18	22
3034	13854
23	13855
2416	13856
10	13857
1609	8284
79	13858
9	13859
91	13860
11	13861
294	13862
3035	13863
65	13865
216	3828
77	13866
23	13867
4	767
11	13868
2704	13869
155	13870
163	13871
201	13872
1157	13873
23	13874
23	13876
23	13877
2942	13878
1093	13879
1052	13880
391	460
3036	13881
23	13882
3037	13883
23	13884
89	13885
3038	13886
9	13887
71	13888
3039	13889
21	13890
8	9644
3040	13891
2403	13892
3041	13893
1836	13894
46	13896
71	13897
52	13898
52	13899
216	6827
3042	13900
44	13901
18	13902
1184	13903
222	13904
23	13905
129	13906
431	13907
456	13908
23	13909
13	13910
23	13912
63	12949
126	13913
10	13914
3043	13915
216	13916
44	13917
39	13918
151	13919
204	13920
410	13921
23	13922
71	13923
100	13924
115	13925
23	961
300	13926
79	13927
71	13928
13	13929
151	13930
23	13931
111	13932
18	13933
100	13934
298	13935
112	13936
764	13937
46	13938
23	13939
92	13940
3044	13941
123	13942
113	1961
24	13944
3045	13945
71	13946
101	13947
243	13948
3046	13949
6	13950
3047	13951
91	13952
3048	13953
10	13954
25	13955
423	13956
219	13957
23	13958
23	13959
4	13960
3049	13961
130	13962
4	13963
27	13849
9	13964
143	13966
142	13969
281	13970
4	13971
23	13972
11	13973
252	12039
70	13975
4	13163
126	2600
2876	13977
23	13979
1638	13980
574	13981
23	13983
450	13984
39	13985
242	13986
201	13987
4	13988
71	13989
13	13990
46	13991
2886	13992
63	13993
23	13994
4	13995
8	13996
11	13997
23	13998
71	13999
94	14000
227	14001
88	14003
1051	14004
23	14005
38	14006
323	14007
281	14008
44	14009
14	14010
739	14011
1846	14012
4	14013
155	841
3052	8629
23	14014
223	14015
4	14016
574	14017
23	14018
1	8362
329	14019
70	14020
132	1787
101	14021
327	14022
327	14023
323	4142
13	14024
197	13224
786	14025
1844	14026
532	14027
24	521
11	14028
71	14029
43	14031
4	12413
3053	14032
92	14033
71	14034
91	14035
23	14036
281	14038
23	14039
800	14040
4	14041
23	14042
1037	14043
179	14044
281	14045
9	14046
123	14047
27	14048
3054	4545
1201	14049
3055	14050
3056	14051
163	147
244	4491
827	14052
104	13936
43	14053
171	13668
3057	14054
23	8271
13	14055
24	1179
2314	14056
11	14057
18	14058
21	14059
483	14060
132	14061
3059	14062
2126	14063
9	14065
163	14066
3060	14067
327	14068
34	14070
249	14071
356	14072
21	14073
2827	14074
71	14075
223	14076
77	14077
204	14078
71	14079
151	89
89	2789
18	14081
124	14082
151	11574
1712	14083
23	14084
126	14085
1433	14086
217	14087
122	3725
3062	14088
46	14089
3063	4747
23	14090
4	3784
410	14091
149	14092
18	14093
4	14094
23	14095
77	14096
158	14097
3064	14098
184	715
2290	14100
13	14101
239	14102
486	14103
27	14104
366	14105
3066	14106
163	14107
3067	14108
23	14109
31	2497
1506	1713
52	14110
3068	14111
4	14112
71	14113
102	1434
27	14115
34	14116
9	14117
507	14118
24	14119
3069	14120
3070	14121
3071	14122
1583	14123
326	14124
111	14125
43	9335
111	14126
23	14127
113	14128
23	6942
3072	14129
24	14130
324	14132
71	14133
220	14134
77	14135
3073	14136
761	14137
24	2559
77	14138
550	14139
575	14140
3074	14141
227	14142
52	1554
591	14143
24	14144
23	241
21	14145
5	14146
3075	14147
23	14148
4	14149
263	1032
429	14151
11	14152
23	2189
92	14153
79	14154
281	14156
23	14157
204	14158
4	14159
3077	14160
687	14161
71	3125
3078	14162
320	14163
17	14164
11	14165
307	14166
91	14167
223	14168
115	14169
2791	14170
654	14171
1801	14172
1129	14173
14	14175
23	14176
23	14177
2547	14178
543	2891
42	14179
3079	14180
204	14181
17	14182
2327	10316
0	14183
3080	14184
9	14185
3081	14186
4	464
4	14187
23	14188
1469	14189
24	14190
9	14191
184	1141
2606	14192
31	14193
2	14194
144	1329
486	14195
179	14196
9	14197
79	14198
3082	14199
217	14200
179	14201
24	14202
52	14203
11	14204
282	14205
5	14206
52	14207
3083	14208
18	14209
3084	14210
216	14211
3085	14212
219	14213
71	14214
122	14215
3086	14216
23	14217
144	14218
149	14219
1703	14220
31	9301
1964	14221
9	14222
345	14223
4	14224
4	14225
4	821
4	6638
308	14226
302	14227
91	14228
3087	14229
4	14230
463	14231
77	14232
3088	14233
363	14234
13	14236
27	14237
220	14238
950	14239
184	14240
24	14241
477	14242
1422	14244
3089	14245
3090	14247
21	14248
65	14249
339	14250
9	11787
2104	14251
66	14252
603	14253
2886	14254
24	14255
112	14256
63	14257
96	2497
151	14258
672	1701
163	14259
104	14260
397	14261
228	14262
52	14263
4	14264
9	14265
151	14266
9	2702
46	14267
303	14268
4	14269
336	14270
34	14271
52	14273
23	14274
3091	14275
144	14276
217	338
3092	14277
23	14278
23	14279
52	14280
122	14281
46	14282
77	14283
1909	11787
3093	13352
11	14285
55	14286
24	14287
680	14288
5	14289
142	14290
3094	923
113	14291
80	14292
222	14293
151	3635
144	14294
8	14295
220	14296
345	14297
3095	1191
23	14298
13	14299
3096	91
126	14300
27	14301
3097	4216
262	14008
31	14302
39	14303
227	14304
52	14305
868	14306
219	14307
212	14308
368	14309
3098	14310
3099	14311
70	14313
3100	14314
3101	14315
263	1005
43	14316
12	14317
158	14318
70	14320
1249	14321
71	14322
2038	14323
3102	14324
34	14325
3103	14326
603	14327
39	14328
11	14329
368	14330
4	14331
11	14332
3104	14333
303	14335
982	14336
410	767
179	14337
100	14338
1226	14339
2018	14340
3106	14341
104	14342
77	14343
151	14344
3107	14345
101	14347
483	14348
101	14349
3108	14350
11	14351
71	10632
10	516
301	14352
113	14353
4	14354
43	14356
155	14357
23	14358
1619	14359
263	14360
13	14361
1732	14362
216	14363
160	14364
220	10143
187	14365
21	6298
55	14367
3109	257
4	14368
92	14369
800	14370
360	231
77	14371
982	14372
1176	14373
144	14374
3110	14375
23	14376
3111	14377
3112	14378
249	14379
3113	14381
217	14382
80	767
223	14383
34	14385
3114	14386
23	14387
282	14388
23	14389
4	14390
3115	14391
468	14392
13	14393
410	14394
3116	1365
217	2630
44	14395
3117	14396
11	14397
27	14398
71	14399
123	14400
23	14401
23	14402
315	14403
3118	14404
3119	14405
18	14406
100	14407
9	14408
23	14409
77	14410
46	14411
24	14413
3120	14414
23	14415
3121	14416
3122	14417
11	10951
11	14418
52	187
155	14420
89	14421
10	4142
127	14422
1176	14423
23	14424
89	14425
24	14131
46	14426
46	14427
4	14428
486	14429
24	14430
287	14431
111	14432
11	14433
11	14434
63	14435
4	14436
163	14437
30	8671
3123	14438
1058	14439
134	14440
4	14441
378	14442
91	14443
4	14444
24	14445
11	14446
24	14447
115	14448
4	14449
18	14450
226	542
345	14451
88	14452
3124	14453
3125	14454
24	14455
155	14456
42	14457
204	14458
149	14459
110	8124
92	14461
71	14462
5	14463
126	14464
124	14465
109	14466
13	827
23	14467
11	14468
31	14470
149	14471
1751	14472
3126	14473
3127	6848
115	14474
868	14475
4	14476
187	14477
861	14478
3128	14479
3129	2937
112	14480
3117	14481
9	14482
410	13482
3130	14483
3131	14484
1449	14485
142	231
3132	14486
23	14487
239	14488
79	14489
142	14490
11	14491
263	923
3133	14492
3134	14493
3135	14494
26	14495
601	14496
1091	14497
163	14498
46	14499
77	14500
4	231
3136	14501
243	14502
9	3712
13	14504
3137	14505
1139	14506
159	14507
614	14508
27	3125
159	14509
322	14510
282	14511
550	14512
2112	14513
5	14514
327	14515
327	14516
3138	14517
184	14518
100	4237
34	14519
239	14520
217	14521
5	14522
27	14523
71	14524
212	14525
43	14526
71	14527
13	14528
63	14529
807	14530
23	14531
797	14532
707	14533
18	14534
391	14535
39	14536
12	1005
12	14537
13	14538
21	14539
11	14540
451	14541
79	14542
1585	6638
23	14543
4	14544
378	14545
142	14546
167	14547
52	14548
56	14549
18	14550
3139	1933
179	14551
3140	14552
39	14553
109	14554
219	14555
3141	14556
23	14557
3142	14558
176	685
151	13482
3143	14559
3144	14560
13	464
391	14561
3144	14562
11	14563
212	14564
23	14565
34	3791
326	14566
3145	14567
102	12
356	2517
24	14569
3146	14570
160	14571
3147	14572
22	14573
296	14574
23	14575
142	14576
11	14577
71	14578
25	14579
442	14580
3148	14581
25	14582
11	14583
360	14584
3149	14585
4	14586
3150	14587
877	14588
34	14589
11	14590
327	14591
18	14592
217	14593
1805	14594
63	14595
1761	14596
3151	14597
11	14598
345	14599
9	14600
3152	14601
3153	8583
122	14602
77	14603
109	2653
122	14604
9	14605
46	14606
34	14607
800	14608
262	14609
3154	14610
14	14611
3155	14612
1410	14613
14	14614
3156	14615
3157	14616
4	14617
13	14618
133	14619
4	14620
3158	3929
43	14621
71	14622
1134	14623
3159	14624
3160	14625
3161	14626
24	14627
148	14628
71	14629
3162	14630
23	14631
327	14632
3163	14633
1533	14634
27	14635
11	14636
129	14637
5	14638
2556	11937
9	14639
807	14640
24	14641
23	14642
23	14643
3164	14644
23	14645
63	14646
244	3373
3165	14647
543	14648
24	14649
23	14650
34	14651
320	14652
550	14653
27	14654
46	14655
498	14656
101	14657
3166	14658
5	14659
102	6364
148	7663
4	14660
23	14661
171	14662
111	14663
9	14664
316	14665
23	14666
243	14667
2562	14668
303	14669
601	1005
317	14670
63	14671
92	14672
13	4494
3167	14673
17	14674
17	14675
360	14676
282	14677
79	14678
9	923
163	14679
0	14680
394	464
1407	13243
113	14682
603	14683
178	14684
3169	14685
46	14686
1927	14687
537	14688
3170	14689
4	14691
4	14692
575	14693
179	14694
52	14695
18	14696
18	14697
216	14698
23	14699
3171	14700
237	14701
25	14702
4	14703
1163	14704
89	14705
4	14706
3029	14707
126	6170
3172	14708
243	14709
601	14710
4	14711
63	14713
216	14714
378	14715
52	14716
3173	14717
407	14718
3127	14719
70	14720
52	14721
155	14722
16	715
3174	14723
3175	14724
122	14725
2754	14726
89	14727
94	14728
39	14729
429	14730
3176	14731
171	14732
43	14733
287	14734
3177	14735
1672	14736
100	14737
877	14738
142	14739
1606	14740
12	14741
926	14742
4	14743
450	14744
71	14745
8	14746
21	14747
25	14748
24	14749
3178	14750
1563	14751
18	14752
204	12
24	14753
1861	14754
1	14755
23	14756
4	14757
43	14758
52	14759
3179	14760
43	14761
4	14762
327	14763
74	14764
46	14765
23	14766
43	14767
3180	14768
14	7874
151	14769
212	14770
3181	14771
771	14772
79	14773
24	1032
3182	14774
122	14775
720	14776
155	14777
3183	14778
80	14779
9	14780
4	14781
113	14782
401	14783
3184	14784
468	14785
34	1933
46	14786
71	14787
3185	14788
11	14789
112	14790
115	14791
282	3103
3186	14792
126	14793
3187	14794
4	14795
167	14796
71	14797
222	14798
3188	14799
3189	14800
3190	14801
127	14802
451	14803
327	14804
3191	14805
3192	14806
211	14807
9	14808
297	1329
829	14809
71	14810
3193	100
151	6827
3194	14811
5	14812
204	14813
3195	14814
34	14815
955	14816
3196	14817
1244	14818
2386	14819
364	14820
356	33
23	14821
34	14822
63	14823
128	14824
3197	231
23	14825
797	14827
24	14828
155	14829
800	14830
1512	14831
2136	14832
8	14833
145	14834
71	14835
3198	14836
142	14837
91	14838
18	14839
301	1806
3199	14840
110	14841
220	14842
24	14843
21	14844
282	14845
3200	14846
92	14847
71	14848
580	14849
18	14850
3201	2775
401	14851
217	14852
23	14853
647	14854
142	14855
483	14856
378	14858
227	10368
355	14859
42	10275
11	14860
1884	14861
70	14862
55	12534
34	14863
3202	14864
3203	14865
3204	5950
204	14866
171	14867
46	14868
5	14869
89	14871
1176	14872
91	14873
212	14874
401	14875
13	14876
91	14877
0	14878
217	14879
101	12069
23	14880
23	14881
3205	14882
71	14883
3206	14884
14	14885
9	14886
217	14887
56	14888
3207	14889
3208	14890
71	14891
55	14892
27	14893
3209	3465
3210	12151
4	14894
220	14895
23	14896
176	827
17	14898
3	14899
24	14900
313	14901
339	14902
63	14903
111	14904
18	14905
149	14906
142	14907
24	14908
3211	14909
690	8414
167	14910
1143	14911
10	14912
179	14913
52	14914
100	14915
2278	14916
71	14917
1129	906
55	14918
23	14919
89	14920
263	91
507	14921
34	14922
94	14923
5	14924
216	14925
71	14926
124	14927
216	14929
142	14930
705	14931
71	14932
220	14933
345	14934
24	14935
3212	14936
3213	14937
449	14938
34	14939
44	14940
378	14941
143	14942
6	14943
1322	9017
11	14944
24	14945
14	18
124	14946
18	14947
13	14948
22	14949
281	14950
24	14951
23	14952
3214	14953
2291	401
2769	14954
126	14955
3215	14956
3216	14957
423	14958
423	14960
3217	614
602	14961
71	14962
261	14963
3218	1146
11	14964
184	14965
18	9113
11	14966
1215	14967
11	14968
167	14969
3086	14970
39	14971
197	14972
46	14973
52	14974
423	14975
11	14976
5	14977
3219	3662
843	14978
3220	961
159	14979
77	14980
38	14981
472	14982
23	14983
77	14984
124	14985
11	14986
574	14987
220	14988
171	14989
71	14990
2488	14991
3221	14992
2364	14993
34	14994
237	14995
3222	14996
401	14997
179	14998
18	14999
38	15000
38	15001
3223	15002
3224	15003
3225	15004
3226	15005
4	15006
34	15007
23	15008
3227	15009
18	15010
21	15011
160	15012
327	15013
3228	15014
4	15015
34	15016
217	15017
70	15018
65	15019
126	15020
10	15021
800	15022
9	15023
451	15024
101	15026
111	841
22	15027
18	15028
329	15029
201	15030
4	15031
23	15032
24	15033
25	15034
2006	1991
483	15035
8	15036
3142	15037
18	15038
13	15039
174	15040
201	15041
219	15042
91	15043
3229	15044
134	15046
323	15047
4	15048
1727	15049
142	15050
222	15052
3230	15053
71	15054
43	15055
167	15056
3165	15057
1	15058
327	15059
13	15060
327	15061
4	15062
18	15063
1856	15064
38	15065
34	15066
46	15067
4	15068
18	15069
9	15070
151	2475
4	15071
18	15072
24	15073
1	15074
23	15075
3231	15076
3232	15077
4	15078
101	15079
23	15080
63	15081
243	15082
24	15083
1375	15084
184	15085
69	15086
372	15087
46	15088
163	15089
4	15090
3233	15091
282	15092
23	15093
1011	1787
191	15094
23	13614
23	15095
163	685
204	15096
1061	15097
244	15098
607	15099
219	15100
34	15101
3235	15103
13	15104
5	15105
345	15106
217	15107
345	15108
854	15109
220	15110
113	15111
204	15112
167	15113
294	15114
534	15115
320	15116
44	15117
12	15118
4	15119
11	15120
407	15121
423	15122
13	15123
3236	15124
13	15125
317	15126
163	15127
4	15128
11	91
27	15129
813	15130
317	15131
1129	5829
469	15132
197	15133
217	15134
113	15135
13	15136
1852	7496
2881	15137
149	15138
3237	15139
24	15140
111	15141
10	15142
115	15143
3238	15144
163	15145
242	15146
339	15147
5	4055
70	15148
959	15149
1445	15150
101	15151
52	15152
111	15153
18	15155
123	15156
104	15157
9	15158
126	15159
306	2503
10	15160
3239	15161
23	15163
2983	15164
3240	15165
239	15166
71	15167
219	15168
77	15169
149	15170
239	6554
27	15171
21	15172
3241	15173
43	15174
470	15175
27	15176
3242	15177
163	11787
5	15178
2233	15179
149	15180
31	15181
24	15182
3243	15183
1495	15184
23	15185
111	15186
3244	15187
18	15188
327	15189
23	15190
297	15191
1863	15192
69	15193
23	15194
3245	15195
11	15197
38	15198
549	15199
242	15200
11	15201
13	15202
4	15203
46	15204
201	15205
422	15206
143	15207
1313	15208
151	15209
532	15210
3246	15211
320	12105
315	1991
63	15212
18	10275
4	15213
3092	15214
144	15215
9	7874
4	15216
23	15217
1135	15218
316	15219
34	15220
4	15221
71	15222
71	15223
11	15224
184	15225
3247	15226
3248	15227
249	15229
401	15230
1975	15231
187	15232
412	15233
4	15234
3223	15235
112	15236
468	13012
4	15237
3249	15238
66	15239
2140	15240
3250	15241
3251	9136
111	15242
591	15243
2764	15244
124	15245
1204	15246
3252	15247
71	15248
1129	15249
204	15250
1203	15251
46	15252
2122	15254
38	15255
23	15256
4	15257
339	15258
3253	15259
317	10780
179	15260
3254	2213
71	15261
1185	15262
77	15263
46	15264
71	15265
1513	15266
71	15267
11	15268
46	7611
1761	15269
306	15270
249	15271
1602	15272
11	15273
111	15274
1139	124
4	15275
5	15276
46	15277
543	15278
1629	15279
3255	15280
46	15281
23	15282
24	15283
65	15284
10	15286
3256	15287
707	15288
23	15289
113	524
23	15290
24	15291
23	15292
111	15294
101	15295
23	15296
3119	15297
1375	9358
151	15298
217	15299
326	15300
2181	15301
34	15302
3257	15303
327	15304
1089	15305
2782	15307
23	15308
4	15309
24	14933
4	15310
127	15311
297	767
468	15312
3258	15313
364	15314
3259	15315
281	15316
320	15317
12	8362
159	15318
317	15319
23	15320
1129	15321
4	15322
3261	15324
197	464
63	2
364	15325
13	13583
358	15326
91	15327
3262	15328
4	15329
4	15330
237	15331
389	15332
3263	15333
2516	15334
2526	15335
77	767
13	15336
23	15337
1330	15339
11	15340
25	15341
71	15342
730	15343
13	15344
3264	15345
102	1991
497	15347
262	15348
24	15349
111	15350
201	15351
3266	15352
43	15353
532	15354
297	15355
4	15356
821	15357
481	15358
649	15359
326	15360
151	15361
2886	15362
158	15363
4	15364
3267	15365
360	15366
244	12061
23	15368
77	15369
178	15370
281	15371
27	15372
628	15373
18	15374
96	15375
223	15376
24	18
71	15377
3268	15378
4	15379
3269	14408
23	15380
649	15381
468	15382
27	15383
46	15385
242	15386
1950	15387
550	15388
80	15389
3270	15390
18	15391
1010	715
5	15392
4	5526
378	15393
3271	15394
13	15395
11	15396
113	15397
401	15398
786	15399
801	12039
329	15400
1856	15401
197	15402
24	15403
23	15404
71	15405
89	15406
4	15407
219	15408
163	15409
24	15410
466	15411
102	15412
4	15413
329	15414
3272	15415
297	1988
179	15416
18	15417
3273	15418
233	15419
24	187
4	15420
23	15421
154	15422
89	15423
46	15424
13	15425
10	15426
3274	15427
21	15428
3275	15429
401	15430
9	100
4	15431
16	15432
17	15433
3276	15434
18	15435
3277	15437
4	15438
23	15439
13	15440
44	15442
22	15443
764	15444
10	15445
23	15446
401	15447
298	15449
71	15450
38	15451
4	15452
1048	15453
163	15454
463	15455
42	15456
3278	15457
24	15458
77	994
14	15459
13	15460
13	15461
339	15462
23	15463
74	15464
263	15465
71	15466
43	15467
18	15468
11	15469
77	15470
24	15471
71	1760
249	235
43	15472
3279	15473
3032	15474
720	15475
27	15476
155	15477
163	15478
18	10911
313	15479
66	15480
1022	5047
5	15481
1449	15482
112	15483
21	15484
868	15485
5	15486
11	15487
3280	15488
568	15489
38	15490
104	15491
171	15492
327	15493
27	15494
3281	15495
9	15496
112	15497
4	15498
112	15499
38	15500
281	15502
346	15503
4	15504
101	15505
179	1146
201	15506
24	15507
11	15508
851	15509
178	12208
31	15510
3282	1554
17	15511
268	15512
24	15513
3283	15514
160	15515
473	15516
69	15517
326	15518
111	15519
3284	15520
3285	15521
3286	15522
179	15523
155	15525
23	15526
184	15527
217	15528
201	15529
91	15530
11	15531
3287	15532
13	15533
43	1360
12	15534
442	15535
877	15536
5	1554
2825	15537
23	15539
39	15540
24	15541
11	15542
77	15543
3288	15544
326	15545
112	1787
368	14184
34	15546
46	15547
10	206
70	1336
3289	15548
151	15549
204	15550
9	15551
24	15552
34	15553
46	15554
1219	1743
4	1329
649	15555
4	15556
24	15557
360	6947
23	15558
8	15559
197	15560
163	10275
262	15561
24	15562
46	15563
71	15564
4	15565
11	15566
23	15567
23	15568
637	15569
3290	15570
327	1136
801	5147
23	15571
79	15572
3291	3569
101	821
3292	15574
2126	15575
163	15576
2009	15577
25	15578
23	15579
272	15580
1061	15581
5	15582
18	15583
89	1743
126	15584
1799	15585
3293	573
3294	15586
158	15587
4	3569
23	15588
158	15589
158	15590
38	15591
3295	15592
23	15593
27	15594
2364	15595
167	15596
23	15597
244	15598
142	15599
3296	15600
71	15601
123	9747
23	15602
3297	15603
9	15604
89	15605
43	15606
167	15607
43	15608
24	11476
1951	15609
23	15610
115	15611
55	15612
1431	1141
4	15613
339	6700
3298	15614
79	15615
167	15616
3015	15617
3299	15618
2695	15619
31	15620
3300	15621
301	15622
243	15623
113	464
393	15624
239	15625
423	15626
9	15627
39	15628
9	15629
149	15630
249	15631
282	15632
4	15633
3301	15635
347	1212
101	15636
163	15637
223	15638
23	15639
3302	15640
46	5115
3303	15641
3304	15642
3305	15643
180	15644
3306	15645
1909	15646
24	15647
71	15648
2403	3125
11	15649
3307	15650
216	12534
22	15651
3308	15652
179	15653
9	15654
44	15655
219	15656
27	15657
739	15658
1045	15659
3309	15660
2208	15661
3310	15662
2881	15663
3311	15664
3312	15665
339	15666
13	15667
179	3052
3313	15668
665	15669
5	15670
4	15671
3314	15672
4	15673
731	15674
23	15676
1445	1991
3315	15677
217	15678
3316	15679
3177	15680
327	15681
142	15682
4	15683
12	15684
1516	15685
3317	15686
13	13886
4	15687
1388	9692
10	994
2401	15688
226	15689
27	15690
1139	15691
167	13254
205	15692
2089	15693
356	15694
555	15695
142	15696
23	15697
1897	15698
3110	15699
1129	15700
38	15701
163	15702
176	15703
65	15705
4	15706
44	15707
1257	15708
3319	15709
46	15710
2073	15711
142	15712
2019	15713
3320	15714
3321	15715
531	15716
3322	15717
11	15719
18	15720
355	15721
23	15722
360	15723
71	15725
13	15726
34	15727
77	15728
77	15729
602	15730
451	15731
477	15732
21	923
38	5624
23	3825
4	15733
23	15734
225	15735
89	1698
13	15736
3325	15737
220	15738
2300	15739
11	15740
77	15741
11	15742
23	15743
74	15744
226	15745
184	15746
22	15747
18	15748
4	15749
3326	15750
3327	15751
13	15752
3171	15753
725	15754
5	15755
4	15756
242	15757
39	15758
2548	15759
179	15760
249	15761
112	15762
2704	15763
52	15764
339	11287
155	15765
3157	15766
13	15767
3328	15768
422	10901
12	1698
302	15770
91	1553
201	5388
814	15771
159	15772
1407	15773
4	15774
18	15775
3329	15777
104	15778
24	15779
126	15781
3330	15782
326	15783
4	15785
23	15786
217	15787
111	15788
317	15789
21	15790
55	15791
3331	3867
3332	15792
24	10901
4	15793
11	15794
71	15795
3333	15796
3154	616
176	923
38	15799
327	5629
55	15800
52	15801
44	15802
786	15803
368	15804
115	15805
4	15806
2109	15807
271	15808
2764	15809
356	15810
3317	15811
9	15812
4	15813
226	15814
92	15815
497	15816
4	15817
27	15818
3335	15819
4	15820
313	15821
92	15822
432	15823
18	15824
151	15825
262	15826
12	15827
204	15828
3336	15829
89	3052
3337	15830
483	15831
13	15832
3338	15833
4	15834
9	15835
3339	15836
4	15837
3340	15838
149	15839
23	15840
282	15841
287	15842
603	1806
46	15843
27	15844
71	15845
63	15846
244	15847
27	15848
167	15849
4	2497
4	15850
430	15851
4	15852
3172	15853
574	15854
3341	15855
11	15856
3342	15857
11	15858
24	15859
1125	15860
13	15861
201	15862
3343	15863
163	15864
23	15865
1155	15866
43	2630
34	15867
920	15868
23	15869
24	15870
220	15871
3165	15872
22	15873
1	268
5	15874
239	15875
163	15876
160	15877
34	15878
134	15879
1335	15880
43	15881
327	15882
3344	15883
179	15884
63	15885
880	15886
5	15887
407	15888
3345	15889
287	15890
3346	15891
3347	15892
2327	15893
854	15894
42	15895
21	15896
2867	15897
3348	3671
23	15898
101	15899
3349	15900
18	15901
3350	15902
1887	15903
27	15904
355	15905
1286	15906
3351	15907
300	15908
705	15909
1543	8516
11	15910
9	15911
3352	15912
167	15913
71	15914
829	15915
2300	15916
294	15917
79	15919
5	15920
34	15921
10	15922
895	5796
52	15924
155	15925
429	15926
4	15927
5	15928
24	15929
3353	15930
52	1053
3354	15931
4	15932
466	15933
423	15934
13	14111
239	15936
179	15938
2454	9458
115	15939
25	15940
1275	15941
3355	15942
23	15943
3356	15944
326	15945
11	15946
8	15947
24	15948
1238	15949
219	15950
423	15951
345	15952
360	15953
34	15954
24	15955
123	15956
442	15957
3357	15958
23	139
56	9
2138	15959
3358	841
798	6273
25	15962
21	15963
18	15964
654	11342
1135	15965
1269	15966
3359	15967
113	15968
71	11075
101	46
124	15969
4	15359
104	15970
23	15971
1223	15972
13	15973
144	15974
316	15975
134	1524
282	15976
23	15977
228	6741
9	15978
158	15979
368	15980
142	15981
329	15982
46	15983
113	15984
34	15985
24	15986
216	15987
148	15988
1786	15989
11	15990
71	15991
466	8629
10	15992
1791	15993
3360	15994
91	15995
3361	15996
23	15997
122	1743
410	15998
1312	15999
339	16000
9	2268
34	16001
1058	16002
184	13091
9	16003
23	16004
397	16005
327	16006
79	16007
870	16008
504	16009
63	16010
327	13353
3362	16011
71	207
355	1740
63	16012
297	16013
23	16014
16	16015
46	16016
23	16017
3363	16018
2548	16019
142	16020
326	16021
31	231
23	16022
65	16023
23	16024
999	16025
1237	16026
3364	16027
18	16028
70	16029
321	16030
959	16031
3365	16032
11	16033
1581	16034
122	13092
201	16035
3118	16036
24	2536
409	16037
498	16038
401	16039
115	16040
5	16041
101	16042
23	16043
2258	16044
101	16045
13	16046
13	16047
3024	10230
23	1933
101	16048
1799	16049
18	10811
167	6170
204	16050
77	16051
3366	16052
204	16053
3367	16054
329	16055
1330	16056
101	16057
401	16058
100	16059
3368	16060
23	16061
1589	16062
44	16063
71	16064
25	16065
1385	16066
3369	2449
142	16067
11	16068
3370	16069
226	16070
96	16071
3371	16072
3372	16073
26	16074
217	16075
4	16076
327	16077
22	16078
2089	16079
4	16080
3373	16081
326	16082
4	573
12	16083
364	16084
167	16085
23	16086
13	16087
71	16088
707	269
249	16089
800	16090
27	16091
155	16092
1747	16093
4	16094
739	16095
24	16096
9	16097
220	304
1602	16098
179	263
24	16099
42	16100
313	16101
34	16102
3374	16104
23	16105
34	16106
0	16107
63	16108
130	16109
155	16110
486	16111
39	16112
23	16113
3375	16114
243	7301
34	10967
25	16115
5	16116
216	16117
9	16118
786	14550
8	16119
242	16120
422	187
282	16121
3360	16122
3376	16123
2933	16124
23	16125
24	16126
470	16127
407	16128
24	16129
160	16130
23	16131
226	16132
155	16133
4	16134
4	16135
3377	2497
9	16136
220	16137
290	16138
4	16139
243	16140
320	16141
38	16142
10	16143
25	16144
23	16145
4	16146
197	16147
46	16148
12	16149
3378	16150
12	16151
13	16152
216	16153
3379	5198
27	16155
174	16156
23	16157
18	16159
24	14448
3380	16160
328	16161
568	16162
217	16163
226	16164
125	16165
38	16166
65	16167
23	16168
481	16169
244	8554
74	16170
5	16171
126	16172
151	16173
160	16174
159	16175
3346	16176
410	16177
430	16178
2084	16179
5	16181
3381	16182
219	464
180	16183
4	16184
831	16185
2703	16186
316	16187
23	16188
787	16189
126	16190
12	16191
4	16192
3382	16193
1593	16194
3383	16195
423	16196
4	16197
851	16198
3384	16199
24	16200
542	16201
3385	16202
469	16203
23	16204
99	16205
46	1581
3386	16206
112	16207
197	16208
4	16210
95	16211
23	16212
155	16213
3387	16214
3388	16215
3389	16216
89	16217
52	16218
23	16219
3390	16220
3391	8381
13	16221
827	16222
481	16223
954	16224
975	16225
204	16226
102	16227
3392	16228
4	16229
281	5269
24	16230
159	16231
3393	9333
423	922
34	16233
22	818
3394	1032
212	16234
1045	16235
1045	16236
3395	16237
21	16238
5	16239
12	16240
243	923
244	16241
356	1301
852	16242
3396	16243
3397	10536
2155	16244
423	16245
8	16246
1884	16247
160	16248
3398	13072
44	16249
363	16250
27	16251
11	16252
870	16253
3399	16254
63	13147
3400	16255
3401	14552
345	16256
10	14210
5	16259
63	16260
77	16261
65	2475
24	16262
1303	16263
12	16266
320	16267
617	16268
466	16269
77	16270
423	16271
3403	16272
807	16273
79	139
3404	16274
24	16275
933	16276
43	3927
112	16277
23	16279
486	16280
222	16281
423	16282
1672	16283
239	16284
272	16285
3405	16286
3244	16287
217	16288
92	16289
71	16290
66	10901
1883	16291
39	16292
3406	16293
151	15769
23	16294
1312	16295
10	16296
3407	13352
71	16297
3408	16298
18	16300
23	16301
158	2758
2479	16302
3409	16303
461	14828
3410	16304
3411	16305
17	16306
155	16307
8	16308
27	16309
3412	9
1124	16310
4	16311
11	16312
71	16313
17	16314
5	16315
42	16316
63	16317
327	16319
3413	1552
9	16321
327	1005
1920	16322
151	16323
2230	16324
396	16325
372	16327
3415	16328
23	16329
11	16330
3416	16331
347	16332
4	16334
2816	516
3417	16335
23	16336
470	1
38	16337
27	16338
163	16339
142	16340
3418	1256
126	841
204	16341
308	16342
329	16343
268	16344
31	16345
179	16346
9	16347
2456	16348
14	16350
564	16351
24	16352
69	16353
1922	16354
10	16355
24	16356
403	16357
3419	10676
3420	16358
5	16359
5	16360
4	16361
477	16363
163	16364
645	16365
4	16366
3421	16367
4	16368
1061	16369
34	16370
18	16371
23	16372
11	16373
179	16374
38	16375
281	207
3422	16376
178	16377
3423	16378
607	639
1163	16379
3424	16380
2524	16381
1385	16382
3425	16383
4	16384
654	16385
320	16386
23	1686
1415	16387
80	16388
160	16389
34	16390
163	16391
24	14153
287	1806
100	16392
423	16393
91	16394
217	16395
220	16396
430	16397
24	16398
24	16399
1184	16400
23	16401
163	16402
23	16403
1	16404
46	16405
3426	16406
34	16407
1703	4432
1087	16408
34	16409
18	16410
3427	16411
449	16412
24	16413
27	16414
3428	16415
100	16416
52	16417
3429	16418
24	6805
23	16419
24	16420
303	16421
1511	16423
144	16424
2994	16425
3430	16426
11	16427
67	16428
1591	16429
1576	16430
4	16431
155	16432
3431	16433
637	644
3265	16434
16	16435
113	16436
3432	16437
23	10409
23	16438
3433	7106
4	16439
3434	16440
43	16441
9	16442
52	16443
77	16444
3435	16445
2154	16446
320	16447
70	16448
237	16449
158	16450
3436	16451
786	16452
27	16453
584	16454
3437	16455
1370	16456
1758	10842
46	16457
228	803
204	16458
1045	16459
3165	16461
3438	4152
410	16462
24	16463
3439	16464
8	16465
23	16467
2454	16468
23	14701
3440	2688
23	16469
151	1032
1306	16470
3441	16471
148	3867
1973	16472
24	16473
4	16474
484	16476
410	16477
34	16478
167	16479
3442	16480
18	16481
101	841
451	16482
46	16483
46	16484
13	16485
126	16486
23	16487
66	16488
2387	16489
381	1329
71	16490
468	16491
11	460
159	16492
89	16493
4	16494
71	16495
234	16496
280	16497
3443	16498
243	16499
77	16500
145	16501
1003	16502
18	16503
38	16504
96	100
125	16505
13	16506
23	16507
391	16508
17	16509
23	16510
113	16512
360	5669
0	16513
201	16514
9	16515
3444	16516
3445	16517
486	4787
96	16519
429	16521
423	16522
4	16523
512	16524
21	16525
111	16526
3447	16527
3448	16528
163	16529
601	16530
10	16531
13	16532
9	16533
3449	16534
416	16536
568	16537
308	16538
1267	16539
4	16540
1045	16541
243	464
1469	16542
24	16543
23	16544
16	16545
3450	16546
854	16548
3451	16549
638	646
27	16550
9	16551
25	16552
63	16553
91	16554
4	678
423	16555
104	16556
71	16557
1497	16558
9	7457
3452	16559
46	16560
100	16561
222	841
24	16562
10	16563
5	5428
39	16564
27	16565
327	16566
320	16567
14	9396
1064	16568
3453	16569
23	16570
3454	16571
113	16572
163	16574
249	16575
23	16576
3455	16577
23	16578
308	16579
1786	16581
151	16582
24	16583
308	16584
382	16585
1631	16586
10	16587
602	16588
4	13369
163	16589
219	16590
3456	16591
3457	16592
144	16593
159	16594
88	16595
23	4053
228	16596
100	16597
107	16598
151	16600
171	16601
201	16602
3458	16603
201	16604
5	16605
449	16606
63	16607
113	16608
791	16609
17	16611
3459	16612
3460	16613
38	16614
126	16615
100	16616
46	16617
160	16618
167	16619
24	16620
3461	16622
1929	16623
4	16624
52	2316
4	16625
4	16626
18	16627
18	992
3462	16628
3463	16629
158	16630
163	16631
23	16632
3464	16633
23	16634
23	16635
364	16636
71	16637
11	16638
239	16639
4	16640
3465	16641
6	16642
3466	16643
559	16645
4	16646
27	16647
91	16650
9	16651
24	16652
111	16653
282	187
26	16654
4	16655
301	16656
77	16657
3467	16658
307	16659
327	16660
3468	16661
11	16662
463	16663
31	16664
123	16665
65	16666
5	16668
126	8958
24	16669
124	16670
66	16671
401	16672
18	7105
11	212
13	16673
23	7872
3469	16674
11	10156
3470	16675
976	124
367	16676
443	16677
507	16678
873	16679
23	1005
11	16680
94	16681
71	16682
3471	16683
952	16684
1861	13076
38	16685
1162	16686
12	16687
3472	16688
24	16689
4	16690
3473	16691
9	16692
124	16693
320	16694
217	16695
1004	16696
3474	16697
798	16698
201	16699
88	16700
176	16701
1835	187
160	16702
317	16703
34	16704
115	16705
4	16706
3475	16707
24	16708
3476	16709
9	16710
46	16711
2822	16712
3477	16713
3478	16714
3479	16715
167	16716
46	16717
18	16718
18	16719
396	16721
71	16722
3331	7105
23	16723
3481	16724
46	16725
74	16726
113	7188
3482	16727
23	16728
308	16729
219	16730
10	16732
23	16733
18	16734
9	16735
4	16736
24	16737
281	16738
3483	16739
24	16740
13	16741
83	961
25	16742
1449	16743
1188	16744
92	16745
18	641
39	16746
5	16747
3484	12295
614	614
308	16748
16	16749
113	16750
4	8629
3485	16751
71	16752
326	16753
92	16754
243	16755
469	16756
67	16757
470	16758
44	16759
3486	16760
88	16761
3487	16762
367	207
23	16763
3488	752
52	33
184	16764
158	16765
24	16766
113	16767
217	16768
3489	9232
21	16769
23	16770
43	16771
24	16772
101	16773
24	13307
591	16774
5	16775
4	16776
3490	16777
220	16778
24	5295
3491	13066
55	16779
449	16780
695	16781
71	1329
11	4516
429	16782
104	16783
23	16784
88	16785
159	16786
378	16787
167	16788
3492	16789
3493	16790
63	16791
9	16792
11	16793
242	16794
3494	16795
23	16796
23	16797
2362	16798
3495	16799
18	16800
3496	16801
543	16802
24	16803
69	16804
410	16805
466	16806
3497	16807
201	16808
466	16809
25	16810
27	16811
9	91
22	16812
18	16813
3498	16814
44	16815
1648	16816
2819	16817
3499	16819
39	16820
4	16821
64	16822
171	16823
167	16824
9	16825
10	16826
4	16827
13	16828
163	16829
16	16831
1163	16832
3500	16833
239	16834
113	16835
4	16836
451	16837
11	16838
16	16839
23	16840
3501	16841
3503	5559
69	16843
1699	16844
8	16846
179	16847
71	16848
101	15299
24	16849
2182	16850
287	16851
1455	338
3504	16852
219	16853
1037	16854
11	16855
3505	16856
23	16857
3506	16858
707	16859
1312	16861
13	16862
1077	16863
3507	16864
2027	16865
3508	16866
158	16867
262	16868
27	16869
24	16870
3509	16872
1795	16873
868	16874
21	16875
110	33
163	4747
430	16876
4	16877
720	16878
22	16879
3510	16880
223	16881
159	16882
1237	16883
356	16884
152	12495
163	16885
237	16886
63	16887
1732	16888
34	16889
220	16890
155	16891
1892	16892
101	8629
3511	16893
71	16894
423	16895
442	16896
222	16897
3512	16898
142	16899
27	16900
410	16901
13	16902
1951	16903
126	16904
179	16905
24	16906
507	16907
113	16908
602	16909
24	16910
63	16911
23	16912
249	16913
18	16914
4	16915
13	1788
79	16916
4	16917
1602	16918
23	16919
142	16920
34	16921
3513	11777
1909	16922
3514	16923
4	16924
4	16925
1445	803
1262	231
77	16926
24	16927
4	16928
3515	16929
46	16930
568	10476
71	10481
9	13805
44	12598
11	16931
43	16932
931	16933
24	16934
92	16935
243	16936
38	16937
23	16938
91	16939
42	16940
10	16941
4	16942
3516	16943
16	16944
13	16945
327	16946
3517	16947
71	1806
219	3485
101	16948
2454	16949
22	16950
2135	16951
410	16952
69	16954
3518	16955
1974	16956
525	16957
23	16958
126	231
142	16961
3519	16962
71	16963
709	16964
24	16965
38	16966
24	16967
46	3052
23	16968
4	16969
24	4422
163	16970
159	16971
4	16972
3520	16973
18	16974
18	16977
23	16978
3521	1320
71	16979
13	16980
11	16981
23	16982
12	16983
1322	10884
327	6740
23	16984
372	16985
3522	16986
126	16987
1288	16988
16	16989
23	16990
4	16991
27	16992
1846	16993
244	16994
3523	16995
197	16996
3524	16997
14	14855
5	1787
3525	16999
5	17000
70	17001
469	17002
3526	17003
1032	17004
568	17005
2084	17006
66	17007
44	17009
1824	17010
23	17011
3527	17012
1056	124
52	17013
707	17015
11	17016
623	17017
27	17018
38	17019
24	17020
244	17021
3528	17022
184	17023
16	17024
24	17025
43	17026
1449	17027
204	17028
3529	17029
126	17030
24	17031
11	17032
71	17033
18	17034
3530	17035
768	17036
127	17037
31	11529
389	17038
5	945
11	17040
3531	17041
184	17042
2769	17043
3532	17044
24	1005
63	17045
3091	2812
13	17046
91	17047
3533	17048
3534	17049
263	17050
219	17051
113	17052
3535	17053
1129	17054
9	17055
89	17056
144	17057
263	17058
3536	13486
46	17059
317	17060
11	6503
91	4748
163	17061
158	17062
18	17063
65	17064
308	17065
63	17066
24	17067
52	17068
163	17069
89	17070
3537	17071
326	13525
24	17072
648	17073
3538	17074
171	17075
3539	17076
3540	17077
4	17079
113	17080
89	17081
126	17082
327	17083
3541	17084
14	17085
268	17086
38	17087
27	17088
593	17089
39	17090
174	17091
217	17092
23	17093
228	17094
9	17095
1747	12659
2197	17096
12	17097
24	17098
326	17099
11	3285
1406	10420
184	17100
4	17101
225	3784
23	17102
705	17103
803	17104
13	17105
23	17106
3542	17107
24	17108
18	17109
69	17110
393	17111
55	17112
755	1036
101	17113
3543	17114
3544	17115
130	17116
326	17117
262	17118
115	17119
0	17120
124	17121
239	17122
5	17123
5	17124
27	17125
3545	2449
23	17126
23	17127
46	17129
3546	17130
13	17131
2825	516
23	17132
11	17133
326	17134
3547	17135
71	17136
91	17137
24	17138
574	17019
63	17139
11	17140
4	17141
23	231
3548	17142
4	17143
55	17144
100	17145
3549	17146
23	17147
1275	17148
18	17149
27	17150
3550	17151
179	4422
130	17152
327	17153
27	17154
829	17155
23	17156
1558	8938
71	17157
9	17158
13	17159
934	17160
692	17161
38	17162
685	17163
3551	17164
216	17165
297	17166
144	17167
3552	16681
23	17168
24	147
1297	17169
39	17170
398	17171
3553	17172
5	17173
1662	17174
34	17175
4	17177
3554	17178
24	17179
4	302
281	2564
158	17180
3555	17181
3556	17182
283	17183
123	17184
204	17185
1637	1745
747	17186
4	17187
13	17188
4	17189
89	17190
8	17191
3557	17192
3558	10467
13	17193
13	17194
142	17195
10	17196
23	17197
4	17200
18	17201
1185	17202
3	17203
112	91
23	17204
3559	767
239	17205
23	17206
46	17207
3560	17208
3561	17209
24	17210
3562	17211
1369	17212
3563	17213
22	17214
70	17215
3564	17216
3565	17217
880	17218
24	17219
412	17220
25	17221
410	17222
217	17224
167	17225
13	17226
18	17227
24	17228
12	17229
498	17230
18	17231
71	17232
3566	17233
243	5269
24	17234
3567	17235
204	17237
3568	17238
184	17239
1056	17240
23	17242
112	17243
55	17244
851	17246
607	231
16	17247
65	17248
3570	17249
122	6231
24	17250
77	17251
23	17252
3571	17253
355	17254
5	17255
3572	17256
43	17257
5	17258
71	7597
23	17259
9	440
18	17260
144	17261
113	17262
4	17263
155	17264
1196	17265
71	17266
2461	17268
323	17269
3573	17270
1386	17271
77	17272
24	17273
3574	17274
46	17275
204	17276
3575	17277
17	17278
23	17279
212	17280
17	17281
13	17282
91	17283
11	17284
281	17285
16	17286
23	17287
77	17288
3576	17290
3577	17291
745	17292
3578	17293
24	17294
10	17295
401	17296
23	17297
3579	17298
149	17299
24	1006
100	17300
113	17301
3580	17302
151	2812
107	17304
4	17305
1204	17306
71	17307
3581	17308
412	17309
387	17310
4	17311
423	17312
63	17313
990	17314
52	17315
3582	17316
217	17317
9	1702
46	17318
91	17319
21	17320
10	17321
637	17322
219	17323
242	464
217	17324
3583	17325
27	17326
12	17327
23	17328
115	17329
11	17330
167	17331
282	17332
65	17333
184	1005
123	17334
23	17335
3584	17336
31	17337
91	17338
23	17339
262	17341
43	17342
4	17343
102	17344
13	6695
3585	8211
171	17345
3586	17346
3587	17347
71	17348
3588	13783
3589	17349
46	17350
126	17352
297	17353
23	1760
649	17354
747	17355
242	17356
597	17357
23	17358
3590	17359
71	1809
27	17360
3591	17361
92	17362
167	17363
151	17364
142	17365
5	17366
9	17367
5	17368
3592	17369
4	17370
4	17371
46	17372
2968	17373
13	17374
94	17375
142	15170
11	17376
829	17377
143	17378
3593	17379
13	17380
91	516
18	17381
217	17382
52	9827
109	13004
71	17383
2447	17384
44	17385
1529	17386
296	17387
327	4056
27	17388
3594	17389
220	17390
11	17391
484	17392
360	10742
18	464
34	17393
11	17394
46	17395
3	17396
906	2187
34	17397
3595	17398
223	17399
242	17400
1563	17401
24	17402
807	17403
43	17404
11	17405
3596	17406
1887	17408
3597	17409
91	573
18	17410
393	6503
483	17411
1467	91
55	17412
23	17413
100	17414
23	17415
222	17416
151	17417
3598	17418
2250	17419
1487	17420
77	13649
11	17421
123	637
24	17422
3421	17423
71	17424
3599	17425
63	17426
24	17427
52	17428
11	17429
1238	17430
268	17431
276	17432
603	17433
126	17434
4	17435
154	17436
142	17437
176	17438
52	17439
92	17440
55	17441
70	17442
243	17443
23	17444
9	17445
339	17446
5	17447
92	17448
591	17449
4	17450
999	17451
3601	17453
1259	17454
3602	17455
423	17456
23	17457
137	17458
3603	17459
4	17460
113	17461
88	17462
23	17463
163	33
9	2802
226	17464
71	17465
3604	17466
1445	17467
142	17468
10	17469
3605	17470
4	17471
6	17472
24	17473
38	17474
27	15679
3606	17477
11	17478
90	17479
4	17481
3607	17482
124	17483
830	12298
512	17484
77	17485
3608	17486
94	17487
23	17488
5	17489
2827	17490
4	4219
244	17491
364	2233
113	17492
11	17493
10	2267
222	17494
3609	17495
246	17496
201	17498
24	1170
3610	17501
4	17502
3611	17503
26	17504
220	17505
31	17506
329	17507
111	17508
14	17509
9	1787
12	17510
2808	17511
3612	17512
5	17514
3613	17515
3614	17516
11	17517
9	17518
607	17519
23	17520
226	17521
469	17522
5	17523
21	17524
37	17526
3615	17527
100	17528
1445	715
3616	17529
327	17530
917	17531
518	17532
113	17533
23	17534
607	17535
3617	17536
3618	17537
11	17538
201	17539
1758	17540
574	3083
4	17541
1158	17542
4	17543
1926	12167
222	17544
79	17545
18	17546
119	17547
4	17548
160	17549
23	17550
113	23
126	4542
178	17551
1857	17552
23	7240
239	17553
3619	17554
69	17555
25	6774
2994	17557
91	17558
134	17559
3620	17560
451	17561
3621	17562
23	17563
4	17564
22	4203
3622	17565
212	17566
27	17567
21	17568
8	11542
23	17569
242	17570
155	17571
397	17572
553	17573
24	7998
9	17574
368	17575
720	17576
2019	17577
1864	17578
827	17579
219	17580
18	17581
63	17582
326	17583
111	17584
654	17585
25	17587
22	17588
24	17589
3623	17590
201	17591
100	17592
602	17593
219	17594
378	17595
74	17596
217	17597
104	17598
4	17599
3624	17600
27	17601
163	17602
167	440
23	17603
3625	17604
378	17605
148	17606
3626	17607
71	17608
219	1
739	17609
21	17610
23	18
220	17611
23	17613
21	16891
3628	17614
44	17615
422	17616
217	17617
71	17618
263	17619
24	17620
2230	17621
24	17622
4	17623
243	17624
27	5905
52	17625
13	1177
201	17627
410	17628
282	17629
99	4414
163	17630
5	17631
3630	17633
2748	17634
466	17635
24	17636
457	17637
104	17638
607	17639
18	3569
3631	17641
91	17642
568	17643
3317	17644
24	17645
3632	17646
2547	17647
18	17648
219	17650
124	17651
3634	257
113	17652
23	17653
23	17654
127	17655
243	17656
63	17657
341	17658
185	17659
3635	17661
16	7516
111	17662
3636	17663
469	17664
155	17665
71	17666
223	17667
18	17668
205	17669
13	17670
2943	17671
1630	17672
24	17673
92	17674
13	17675
1434	17676
243	17678
163	17679
5	17681
46	901
242	17682
217	17683
5	17684
282	8058
163	17685
430	17686
217	4212
111	17687
1631	17688
345	17689
27	5829
5	17690
127	2
320	17691
74	17692
705	17693
2184	17694
16	17695
23	17696
217	304
1643	616
21	5428
223	6040
24	17697
3637	17698
23	17699
2754	17700
1745	17701
101	10529
217	17702
184	17703
4	17704
91	17705
3638	17706
3408	17707
155	17708
24	17709
3639	17710
77	17711
3640	17712
4	17713
3641	17714
23	17715
854	17716
5	17717
142	17719
89	17720
96	11303
4	17721
3642	17722
91	17723
34	17724
3643	10842
360	17725
2471	17726
24	17727
362	17728
12	17729
308	17730
1516	17732
77	17733
96	17734
22	17735
18	268
3644	17736
4	7556
18	17738
3645	1005
23	17739
1819	7176
1382	17740
5	17741
11	6721
2389	17742
4	17743
217	17744
306	17745
70	17746
23	17747
34	17748
504	17749
4	17750
11	17751
237	17752
179	17753
129	17755
2615	17756
401	17757
2302	17759
1657	4555
3646	17760
23	17761
4	17762
23	10922
46	17763
223	17764
242	17765
239	17766
101	17767
317	17768
3647	17769
3648	17770
201	17771
4	17772
222	17773
94	17774
4	13540
113	17775
649	17776
3649	17777
242	17778
46	17780
301	923
132	17781
99	17782
3650	3125
18	17783
43	17784
11	17785
468	17786
9	17787
851	17788
24	17789
149	17791
306	421
18	8425
112	17792
77	10811
410	17794
102	17795
296	17796
3652	17797
3653	17798
2416	17799
5	17800
104	17802
3654	17803
1	2657
339	17804
155	17805
217	17806
42	17807
4	17808
77	17810
23	17811
2587	17812
23	17813
101	17814
327	17815
23	17816
4	17817
297	12626
101	6
851	1005
63	17818
9	17819
52	17820
11	17821
566	17822
18	17823
243	17824
43	17825
3655	17826
242	17827
4	17828
574	17829
3656	17830
242	17831
360	17832
301	4156
201	17833
23	17834
158	17835
2242	17836
220	2193
63	17837
3657	17838
3658	17839
94	17840
574	17841
3659	17842
13	17843
3660	17844
423	17845
23	17846
3661	17847
3662	15636
3663	2394
3664	17848
3665	17849
4	17850
3666	17851
222	17852
3667	17853
1089	17854
9	17855
18	17857
90	6465
3668	17858
14	9
3669	17859
3670	17860
217	17861
3671	17862
3672	17863
3673	17864
171	17865
423	17866
25	17867
14	17868
568	17869
113	17871
23	17872
249	17873
130	17874
23	17875
243	17876
2622	17877
71	17878
104	17879
3674	17880
3360	17881
481	17882
179	9304
2702	17883
959	17884
217	17885
132	4142
184	17886
27	17887
149	17888
3675	17889
367	17891
71	17892
24	17893
456	17895
23	17896
4	17897
4	17898
3676	17899
63	17900
12	17901
779	17902
3677	17903
326	17904
326	17905
10	17906
46	17907
3678	158
123	17908
243	17909
149	17910
80	17911
1754	17912
457	17913
27	17914
71	17915
9	4152
3679	17916
4	17917
410	17918
11	17919
1449	17920
3249	17921
301	17922
126	17923
130	395
3680	17924
3681	17925
1	17926
396	17927
216	17928
282	17929
23	17930
3682	3784
415	17931
24	17932
155	923
4	17933
327	17934
27	17935
313	17936
3683	17937
23	17938
16	1279
23	17939
151	17940
3684	17941
1317	17942
3409	17943
339	17944
3685	17945
23	17946
23	17947
220	17948
923	17949
9	17951
71	17952
112	17953
24	17954
1711	17955
159	17956
23	4055
77	17958
24	17960
77	17961
70	2480
1611	17962
179	7755
23	17963
18	16386
1259	17965
23	17966
3686	3236
3687	17967
1238	17968
55	17969
550	17970
11	17971
27	17972
303	17973
9	2
11	17975
115	17976
44	8318
24	17977
94	17978
3689	17979
77	17980
3690	17981
3691	17982
160	17983
3692	17984
160	17985
142	6154
5	17986
5	17987
23	17988
2294	17989
9	17991
1058	17992
3694	17993
11	17994
23	17995
27	17996
112	17997
3695	17998
155	17999
112	18000
4	18001
1415	1279
4	18002
296	18003
18	18004
3696	18005
233	18006
1799	18007
3697	18008
217	18009
389	1809
25	18011
345	18013
23	18014
46	18015
3699	18016
23	18017
23	18018
3700	18019
1483	18020
306	18021
44	18022
4	18023
327	18024
2547	18025
3701	17019
201	18026
23	18027
779	5808
31	18028
34	18030
27	18031
423	18032
327	18033
243	18034
550	18035
401	18036
2113	18037
3703	18038
142	18039
249	18040
163	18041
163	18042
63	18043
1947	18044
4	18045
23	18046
46	10536
162	18047
410	18048
1325	18049
126	18050
3704	18051
3705	18052
326	18053
18	18054
892	906
1065	18055
27	18056
3706	18057
142	18058
65	10842
124	18059
1593	18060
4	18061
34	18063
410	18064
3707	18065
3708	18066
24	18067
5	18068
3709	18069
101	18070
38	18071
23	18072
4	18073
1233	18074
24	18075
663	18077
649	18078
2089	18079
46	18080
327	2536
347	18082
3710	18083
243	18084
3711	18085
63	18086
768	18087
328	18088
282	18089
410	18090
456	18091
9	18092
94	18093
71	18094
3712	18095
282	18096
34	14022
11	18097
115	18098
507	18099
160	18100
308	18101
23	18102
4	18103
23	18104
4	18105
934	18106
1829	18107
2321	18108
155	18109
154	18110
18	18111
217	18112
5	18113
3713	18114
24	18115
3714	18116
3715	18117
71	18118
11	18119
79	18120
88	18121
18	18122
967	18123
126	18124
11	18125
22	18126
3716	18127
24	18129
5	18130
38	18131
410	18133
18	1329
483	18134
24	18135
1	18136
13	18137
18	1474
320	18138
163	9590
3717	11644
3718	18139
16	6827
9	18140
5	18141
163	18142
2671	18143
345	5317
2030	18145
123	18146
24	89
1319	18147
11	18148
297	1301
55	18149
2452	18150
2120	18151
3719	18152
1615	18153
4	18154
11	18155
185	18156
144	18157
159	18158
46	18135
115	18159
339	18160
877	18161
410	18162
294	18163
263	18164
220	18165
201	18166
1289	18167
3720	17870
23	18168
2637	18169
23	18173
144	14408
101	18174
237	18175
18	18176
391	18177
112	18178
34	18179
3722	18180
100	7037
3723	18181
158	18182
144	4032
126	18183
4	18184
24	18185
159	18186
451	18188
11	18191
128	18192
24	18193
24	18194
24	18196
201	18197
3726	18199
18	18200
282	18201
525	18202
18	18203
3445	18204
100	18205
163	18206
282	18207
9	18208
18	18209
34	18210
3727	18211
336	18212
21	18213
4	18214
43	841
25	18215
281	18216
71	18217
294	18218
69	18219
79	18220
11	18221
2369	18222
185	18223
4	18224
0	18225
282	18226
71	18227
71	18228
71	18229
18	18231
201	18232
287	18233
23	18234
4	18235
24	18236
4	18237
144	18238
123	18239
60	18240
42	18241
367	18242
104	18243
23	18244
123	18245
23	18246
1695	18247
23	18248
24	18249
9	18250
281	18251
3728	18252
3729	18253
5	18254
813	18255
71	18257
24	18258
1927	2682
148	18259
1710	18260
3730	18261
3475	18262
3731	18263
281	18264
71	18265
2093	241
298	18266
212	18267
163	18268
77	18269
3732	18270
113	18271
70	18272
868	18273
281	12198
11	18274
3733	18275
4	18276
27	3867
27	18277
71	18278
143	18279
13	18280
163	18282
3734	18283
11	18284
71	18285
4	18286
71	18287
92	18288
5	18289
46	18290
23	18291
720	18292
5	18293
11	16080
326	18294
79	18295
308	18296
11	6045
317	18297
411	18298
52	22
115	158
16	8425
4	18300
8	18301
1022	18302
690	18303
945	18304
23	18305
63	18306
3735	18307
9	18308
1861	18309
3736	257
101	18310
17	18311
39	18312
34	18313
3584	18314
27	18315
77	18316
11	18317
3737	18318
71	1988
23	18319
71	18320
11	158
4	18321
63	18322
223	18323
571	18324
1176	18325
1660	18326
3738	18327
151	18328
24	18329
3739	18330
317	18331
3740	18332
2746	18333
1520	18334
13	18335
71	18336
4	18337
89	18338
3741	18340
5	18341
3742	18342
281	767
397	18343
461	18344
327	18345
124	18346
10	18347
537	18348
327	18349
23	18350
217	18351
4	18352
13	18353
2084	18354
23	18355
423	18356
3743	4378
6	18357
185	18358
23	18359
1892	18360
34	18361
2588	18362
142	11265
112	18363
870	18364
23	18365
13	18366
1166	3342
63	18369
5	18370
3744	18371
104	4328
18	18372
339	18373
614	18374
9	18375
13	18376
23	10274
23	18377
101	18378
851	841
38	18379
484	18380
24	18381
217	18383
3746	18384
1768	18385
142	18386
3747	18387
550	18388
2142	18389
3163	18390
91	18391
100	18392
3748	18393
3749	18394
159	18395
21	18396
21	18397
2204	18398
11	18399
132	18400
92	18401
2695	18402
976	18403
24	18404
23	18405
23	2436
148	18406
504	18407
12	18408
155	18409
2201	18410
112	18411
702	18412
507	18413
3750	18414
3751	18415
124	18417
100	18418
3752	18419
23	18420
8	18421
104	18422
296	18423
4	18424
23	18425
3753	18426
71	18427
401	18428
44	18429
242	18430
94	18431
1835	3124
2116	18433
410	18434
179	18435
3754	18436
11	18437
112	18438
24	18439
9	18440
3755	18441
71	18442
134	18443
808	18444
71	18445
3756	18446
127	18447
547	18448
34	18449
18	18450
24	18451
498	17417
71	1991
70	18452
222	18453
3	18454
91	11075
91	18455
24	18456
514	18457
1306	18458
38	18459
34	10968
123	18460
301	18461
11	18462
123	18463
4	18464
3757	18465
24	18466
326	18467
4	18468
184	18469
112	18470
17	18471
3758	18472
158	803
91	8111
378	18473
121	18474
3759	18475
23	18476
301	3906
323	18477
2301	18478
11	18479
46	18480
602	18481
23	18482
5	10926
217	18483
3760	18484
286	18485
21	4312
4	18486
142	18487
12	18488
10	18489
3761	18490
34	18491
3762	18493
4	18494
38	18495
601	18496
3763	18497
424	18499
13	18500
339	18501
3764	18502
5	18503
113	18504
21	18505
71	364
2505	18506
52	18507
249	18508
378	18509
692	18510
126	8787
18	18511
3552	18513
244	9747
11	2614
55	18514
13	5524
23	18515
110	18517
3765	18518
1301	18519
77	18520
46	18521
690	18522
23	18523
3766	18524
9	18525
4	18526
393	18527
3083	18528
356	2
3767	18529
3768	18530
4	18531
220	18532
216	18533
115	2187
298	18534
179	18535
217	18536
1449	18537
282	16396
30	7088
201	18538
339	18539
617	18540
372	18542
79	18543
21	18544
63	18545
18	18546
38	18547
34	18548
71	1838
220	187
124	18549
77	18550
23	18551
142	18552
201	18553
3769	18554
8	10275
3770	18556
11	18557
24	18560
3771	18561
3772	18562
77	18564
3313	1168
3773	18565
13	18566
70	18500
142	18567
368	18569
176	18570
326	18571
23	14855
829	18572
1536	18573
104	18574
3774	18575
155	18576
3775	18577
4	18578
23	18579
122	18580
3776	18581
10	18582
3777	1158
34	18583
77	5012
71	18584
243	18585
23	18586
4	18587
101	18588
1699	18589
11	18590
23	18591
11	12906
24	8755
4	18592
3778	18593
24	752
339	18594
63	16104
4	18595
155	18596
3779	18597
14	18598
154	12574
3780	1365
63	18599
115	18600
11	18601
12	18602
22	18603
3782	18604
2695	18605
12	18606
10	18607
4	18608
954	18609
327	18610
3783	18611
1417	18612
3784	18613
730	18614
71	18615
829	18616
18	18617
791	18618
11	18619
3346	18620
89	18621
132	18622
602	10168
158	18623
466	18624
486	18625
63	18626
219	18627
5	18628
2952	18629
128	6058
24	18630
23	18631
104	18632
303	2469
451	18633
9	18634
3785	18635
11	18636
149	18637
3786	187
517	18638
3406	18639
3787	18640
38	18641
219	18642
410	18643
216	18644
3788	18645
11	18646
3789	18647
46	18648
101	18649
101	18650
3790	18651
27	18652
3346	18653
23	18654
24	18655
3791	18656
4	18657
3792	18658
113	18659
10	18660
63	18661
24	18662
16	18663
3793	18664
4	18665
112	18666
650	270
4	18667
3794	18668
228	18669
24	18670
3795	18671
18	14933
791	18672
281	18673
197	18674
242	18675
1449	18676
1711	7457
1558	18677
3059	18678
100	18679
2781	12904
3796	18680
3797	18681
22	18682
104	18683
77	18684
4	18685
5	6061
18	18686
3798	18687
2451	18688
9	18689
422	18690
82	18691
3799	18692
104	18693
320	18694
249	18695
868	18696
1331	18697
52	18698
197	18699
430	4422
564	18700
149	18701
23	18702
38	18703
13	18704
8	18705
1618	12270
38	18706
14	18707
3178	18709
9	18710
34	18711
17	18712
77	18713
5	18714
11	1093
3801	4208
70	18715
303	18716
3090	18717
18	18718
18	18719
1901	18720
3802	18721
111	18722
469	18723
3803	18724
360	18725
176	18726
71	18727
167	18728
3804	18729
412	18730
77	18731
159	18732
134	2
242	18733
191	18734
148	18735
359	18736
179	18737
239	18738
219	18739
71	18740
591	18741
167	18742
46	18743
702	18744
5	18745
3805	18746
263	18747
71	18748
18	18749
24	18750
24	18751
3806	18752
410	18753
201	18754
263	18755
23	18756
63	18757
79	18758
603	18759
34	1806
184	1032
101	18761
3807	11967
219	18762
3808	18763
225	18764
112	18765
24	18766
3809	1329
63	10363
774	18767
80	18768
43	18769
17	18770
43	1809
358	18771
5	18772
24	18773
69	18774
43	18775
46	18776
179	18777
3810	18778
16	18779
79	18780
3811	18781
42	18782
151	18783
3812	18784
71	18785
297	18786
11	18787
3813	18788
184	18789
4	18790
3596	18791
3814	18792
9	18793
242	231
517	18794
3815	18795
5	18796
11	18797
401	18798
23	18799
423	14828
10	18800
212	18801
3816	18802
647	18803
25	18804
71	18805
23	18806
262	18808
24	18809
71	18810
268	18811
1746	18812
3817	18813
204	18814
497	18815
868	18816
24	18817
27	18818
115	18819
410	18820
111	18821
31	18822
3818	18823
39	4555
3820	18825
9	18826
44	18827
52	18828
21	18829
1672	18830
123	18831
11	18832
400	18834
707	18835
2230	18836
1602	18837
5	18838
1257	18839
159	18840
1738	18841
3822	18842
468	18843
13	18844
63	18845
216	18846
23	18847
23	18848
126	18849
18	18850
227	18852
77	18853
23	18854
216	18855
204	18857
163	18858
38	18859
8	18860
327	18861
300	18862
23	18863
3823	9301
2791	18864
1087	18865
3824	18866
23	18869
4	18870
3825	18871
92	18872
3826	18873
11	18875
71	18876
808	18877
34	18878
3827	18879
3828	18880
27	18881
9	18882
171	18883
204	18884
889	18885
4	18886
2866	18887
23	18888
167	18889
326	18890
158	18891
3829	18892
144	18893
1343	18894
3025	18896
24	18897
171	18898
24	18899
3830	18900
745	18901
1377	18902
2327	18904
429	18905
115	18906
339	18907
3831	18908
654	18909
423	18910
3832	18911
410	18912
3833	1365
63	18913
2543	18914
11	18915
174	18916
222	18917
39	18918
3834	18919
71	18920
449	17942
3835	18921
3836	1755
18	18923
720	4422
52	18924
2424	6231
4	17855
113	18925
46	18926
3517	18927
13	18928
24	18929
70	18930
1349	18931
18	18932
5	4889
71	16291
5	18933
239	18934
442	4787
13	18935
18	18936
23	18937
23	18939
92	18940
163	18941
3046	18942
2754	18944
559	8342
308	18945
24	18946
320	18947
217	18948
4	18949
101	18950
46	18951
4	18953
1056	18954
2138	18955
1215	18956
220	12936
144	18957
3837	18958
843	18959
208	18960
3838	18961
63	18962
339	18963
4	18964
3839	18965
2091	18966
101	14408
80	18967
197	18968
851	18969
13	18970
23	7256
3840	18971
3841	18972
3842	1336
2137	18973
12	18974
24	18975
4	18976
3843	18977
71	18978
3844	18979
1184	18980
52	18981
3845	18982
18	18984
24	18985
401	18987
4	18988
3846	13804
23	18989
204	18990
167	18991
1045	18993
375	18994
42	7516
3848	18995
27	18996
959	18997
3849	18998
18	18999
34	19000
1015	19001
115	19002
422	19003
77	19004
23	19005
143	19006
79	19007
3850	19008
4	19009
1637	19010
4	19011
13	19012
43	19013
412	19014
1800	19015
281	12
22	19016
397	19017
649	19019
355	19020
3851	158
159	19022
63	19023
31	19025
507	19026
329	19027
263	19028
13	19029
89	19030
205	9093
184	1806
31	19031
111	19032
317	19033
23	19034
326	19035
263	19036
23	19037
409	19038
4	13370
3853	19039
534	19040
3854	19041
2930	19042
3855	19043
142	19044
253	19045
149	19046
3856	19047
574	19048
3857	8101
13	19049
3534	19050
4	19051
174	16396
3858	4470
217	19053
821	9165
179	19054
142	19055
52	19056
13	19057
4	19058
486	19059
416	19060
34	19061
38	19062
4	19063
4	19064
24	9740
242	19065
134	19066
27	19067
798	278
242	19068
9	19069
94	19070
326	19071
2543	19072
88	19073
982	19074
821	19075
2362	19077
326	19078
23	9
12	19079
483	12550
204	7005
2665	19080
163	19081
23	19082
13	19083
71	19084
23	19085
917	19086
43	19087
14	19088
52	19089
43	19090
1723	19091
4	8729
42	19092
3859	19094
24	19095
3860	19096
43	19097
27	16366
11	19098
563	19100
5	19101
603	19102
1129	19103
3861	19104
23	19105
4	19106
216	19107
77	19108
23	19109
3862	19110
24	19111
8	19112
23	19113
3863	19114
142	923
46	19115
242	19116
91	16800
3152	19117
3864	19118
3258	19119
3525	19120
249	19121
555	19122
1100	19123
80	19124
4	19125
2637	19126
237	19127
12	19128
3865	19129
201	19130
197	3867
27	19131
80	19132
2742	19133
46	8285
22	19134
104	19137
1813	19138
223	19139
163	19140
155	19141
271	19142
3866	13635
1532	19143
201	19144
46	19145
151	19146
4	19147
71	19148
422	19149
4	19150
130	10586
142	19151
13	22
101	19152
18	19153
3867	19154
2069	19155
1087	19156
77	19157
132	9831
628	8633
4	19159
4	19160
18	19161
163	19162
1129	19163
111	19164
4	19165
89	19166
920	19167
3868	19168
2074	19169
3869	19171
3870	19172
2512	19173
46	19174
24	19175
4	19176
2578	19177
24	1565
23	19178
185	1329
112	19179
3871	19180
24	19181
23	19183
550	19184
442	19185
1672	19186
294	19187
24	19188
3872	19189
23	19190
239	464
77	19191
179	19192
347	19193
43	19194
3873	19195
46	19197
22	19198
10	19199
163	19200
204	19201
10	19202
22	19203
707	19204
144	19205
3874	19206
34	19208
4	19209
3875	19210
42	19211
364	19212
34	19213
3876	1933
4	19214
23	2234
27	19215
461	1743
18	19216
3877	19217
430	19218
27	19219
13	17805
3878	338
23	19220
24	19222
115	464
3879	19223
3880	19224
11	19225
4	19226
243	19227
142	19228
11	19229
2278	19230
3881	19232
23	19233
401	19236
9	19237
934	19238
71	19239
71	19240
13	7597
705	19241
4	19242
113	19243
34	19244
12	19246
88	19248
179	19249
217	19250
3882	19252
326	19253
602	19254
109	19255
23	19256
282	7831
2142	19257
356	19258
2414	19259
18	19260
142	19261
151	19262
3883	19263
100	19264
44	19265
3884	19266
936	10230
423	19267
732	818
263	19268
4	19269
46	19270
4	19271
327	19272
249	19273
126	19274
24	19275
378	19276
34	19277
9	19278
797	19280
24	19281
11	19282
111	19283
4	13379
24	19285
123	19286
71	19287
10	19288
3845	19289
1856	12567
23	1279
46	19290
3885	19291
326	19292
91	19293
3317	19294
23	19295
481	19296
179	19297
4	19298
1756	19299
410	7457
3886	19300
11	19301
201	18843
3887	19303
3888	19304
742	19305
217	19306
3889	19307
144	19308
3890	19309
11	19310
94	19311
3891	19312
104	841
160	19313
4	19314
201	19315
111	19316
3892	8973
424	19317
1015	19318
4	19319
534	19320
179	4230
515	19321
0	19322
25	19323
574	19324
3893	19325
18	5438
3894	19326
3895	19327
4	19328
3896	19329
52	19330
22	19331
12	19332
242	19333
10	19334
18	19335
77	19336
3897	19337
11	19339
160	19341
2548	19342
71	1477
12	19343
13	19344
807	19345
18	2564
71	19346
126	4146
204	19347
23	3512
71	19348
179	19349
3898	19350
143	19351
486	19352
239	19353
451	19354
4	9301
360	19355
317	19356
1618	19357
244	19358
18	19359
24	19360
11	19361
4	19362
602	18
11	19363
281	19364
261	19365
466	10504
23	19366
112	19367
151	19368
317	19369
100	19370
34	19371
3899	19372
317	19373
91	19374
466	19375
21	19377
550	19378
800	19379
18	19380
71	19381
313	19382
23	19383
237	19384
306	19385
191	19386
602	19387
4	19388
24	19389
327	19390
2471	19391
88	19392
18	19393
3451	19394
9	19395
212	19396
212	19397
11	14361
91	19398
4	19399
151	19400
92	19401
11	19402
34	19403
2846	19404
34	5123
77	19405
179	19406
3900	19407
967	19408
779	17823
151	19409
3901	19410
393	19411
23	19412
22	19413
3902	19414
46	19415
27	19416
23	19417
9	19418
89	19419
3903	19420
71	19421
91	19422
70	19423
9	1005
4	19424
101	19425
163	19426
27	19427
27	19428
100	19429
317	19430
301	187
747	19431
3904	19432
11	19433
63	19434
27	10764
130	2422
1044	16815
3905	19435
327	19436
24	19437
3906	19438
1015	19439
220	19440
11	19441
66	19442
24	19443
3907	19444
3908	19445
372	19446
3909	19447
755	19448
3910	19449
23	19450
18	19451
109	19452
3911	19454
12	1403
34	19455
287	19456
3912	19457
43	19458
294	19459
18	19460
969	19461
148	19462
468	19463
4	19464
3913	19465
3914	19466
4	19467
8	19468
4	19469
9	19470
537	19471
3915	19472
327	19473
99	8378
498	19474
46	19475
356	19476
18	19477
8	19478
11	19479
111	19480
3916	19481
222	19482
3917	19484
9	19485
18	19486
356	19487
3918	19488
101	19489
308	19490
149	19491
71	19492
13	2099
4	19493
71	19494
9	19495
3920	19497
1576	19498
14	19499
3921	19500
3922	19501
216	19502
327	19504
497	19505
142	19506
163	19507
982	19508
179	19509
77	19510
31	19511
3212	19512
71	19513
23	19514
3924	19515
23	19516
1061	7663
18	10368
127	19517
46	19518
91	19519
113	19520
24	15264
3925	18683
151	19521
407	19522
113	19523
323	19524
17	19525
201	19526
3926	19527
42	19528
3132	19529
287	19530
34	19531
3927	19532
65	19533
5	19534
0	19535
4	19536
228	19537
3928	3099
466	19538
281	19539
71	19540
14	19541
550	19542
34	19543
247	19545
5	19546
4	19547
13	2497
242	19548
4	19549
468	19550
79	19551
1129	19552
3929	19553
18	19555
1354	19556
339	19557
23	19559
1816	19560
113	19561
6	19562
79	19563
396	19564
4	19565
9	19566
71	19568
3931	19569
31	19570
3932	19571
59	19572
46	19573
122	19574
23	19575
1937	19576
52	19577
3933	10309
46	19578
1004	19579
1668	19580
3934	19581
1366	19582
89	19583
77	19584
3935	19585
466	19586
602	19587
1708	19588
9	19589
249	19590
24	19591
3936	19592
113	19594
1752	17823
3937	19595
23	19596
26	19597
9	19598
3015	19599
219	19600
46	19601
3938	19602
4	19603
701	19604
3939	19605
142	19606
24	19607
568	9273
3940	19608
25	19609
18	19610
101	19611
220	19612
24	19613
23	19614
3941	19616
9	19617
24	19618
2060	19619
3942	19620
3943	4041
23	19621
77	19622
1100	19623
154	19624
11	19625
959	19626
3944	19627
3521	19628
3251	19629
944	19630
155	19631
43	19632
11	19633
3945	19634
129	19635
71	19636
155	19637
410	19638
91	2795
217	19639
171	19640
1011	19641
155	19642
3946	19643
26	19644
24	19645
89	18156
2827	19646
26	19647
3947	19648
6	19649
45	19650
24	19651
23	19652
201	19653
12	2775
10	19656
3949	19657
23	19658
3950	19659
564	2422
63	19660
23	19661
23	19662
3951	19663
91	19664
4	19665
3952	19666
27	19667
3953	19668
372	16295
3954	19669
24	19670
2002	19671
115	19672
24	19673
537	19674
11	19675
243	19676
1636	19677
23	19678
201	19679
366	19680
101	19681
514	19682
23	19683
23	16695
44	19684
5	19685
39	19686
111	19687
423	19688
144	19689
13	19690
10	19691
287	19692
4	19693
3955	19694
3956	19695
3957	19696
4	19697
43	19699
450	19700
3958	19701
217	19702
244	19703
11	19704
18	3125
184	19705
179	279
5	19706
5	19707
23	19708
326	6827
4	19709
3959	19710
13	19712
4	19713
4	19714
55	19715
132	19716
8	19717
24	19718
326	19719
27	19720
486	19721
24	19722
9	19724
4	19725
154	19726
5	19727
1853	19728
287	19729
71	19730
126	18843
9	19731
71	19732
27	994
3961	19733
31	19734
3018	19735
3962	19736
3963	19738
5	19740
24	19741
3964	19742
217	19743
3965	1477
46	19744
3966	19745
462	19746
24	1365
317	19747
167	19748
423	4312
71	19749
160	19750
216	19751
3967	19752
123	1273
37	19753
3968	19754
271	1644
11	19755
23	19756
220	19757
11	19758
11	19759
18	19760
24	9747
11	19761
94	19762
281	19763
13	19764
142	19765
121	19766
167	19767
23	19768
249	19769
10	19770
13	19771
257	409
3969	19772
42	19773
3970	19774
27	19775
3971	19776
155	19777
55	19778
4	19779
3972	19780
4	19781
34	19782
1946	19783
3973	19784
3216	19785
360	19786
71	19787
1023	19789
308	19790
219	19791
46	19792
155	19793
143	19794
23	19795
217	19796
101	19797
23	19798
249	19799
89	12247
43	19800
55	19801
8	19802
3974	19803
130	19804
3975	19805
79	19806
23	19807
43	19808
115	18
400	19809
518	19810
2106	19811
23	19812
3375	19813
410	19814
24	19815
1296	19816
26	19817
320	19818
160	19819
65	19820
336	19821
889	1925
23	19822
2029	19823
101	19824
329	19825
262	19826
31	7857
91	19827
23	19828
9	19829
3977	19830
44	19831
1602	19832
707	19833
3978	19834
167	19835
69	19836
1056	19837
3979	19838
71	19839
287	19840
11	19841
11	464
129	19842
24	19843
217	19844
23	19845
23	19846
179	17698
468	19847
21	19848
3980	19849
38	19850
4	19851
96	19852
23	19853
256	19854
21	19855
24	19856
69	19858
13	19859
23	19860
155	19861
149	19862
96	19863
23	19864
2699	19865
294	19866
201	19867
1129	19868
3982	1365
126	19870
18	19871
4	19872
163	19873
137	6492
3983	19874
2029	19875
216	19876
3984	19877
504	19878
18	19879
11	19880
3985	19881
23	19882
423	19883
219	19884
3986	19885
101	19887
115	19888
3987	19889
372	19890
317	19891
220	19892
101	19893
89	19894
3988	19895
3989	19896
126	19897
10	152
3990	19898
66	19899
89	19900
24	19901
1631	19902
18	19903
3774	19904
24	19905
378	19906
5	19907
1184	19908
142	19909
23	8234
52	91
223	19910
3991	19911
326	19912
23	19913
24	19914
317	19915
3992	19916
18	19917
3993	19918
324	19919
3994	19920
43	10219
374	19921
3995	19922
604	945
1147	6402
46	19923
94	19682
3996	19924
149	19925
13	19926
702	19927
3570	19928
3997	91
18	19929
3707	19930
27	19931
355	19932
3998	19933
23	19934
3999	19936
104	19937
326	19938
3082	19939
1237	19941
89	19942
4000	5783
89	19943
4001	19944
70	19945
469	19946
4	19947
16	19948
71	6563
4002	19949
77	19950
94	19951
4	19952
4003	19953
18	19954
4	19955
313	19956
112	19957
1585	19958
18	19959
155	19960
242	19961
91	19963
101	19964
16	3773
163	19965
4004	14210
4005	19966
327	19967
27	19968
4006	19969
23	19970
1061	19971
24	19972
55	19973
339	19974
4	19975
4007	19976
37	19977
158	19978
308	19979
77	19980
23	19981
91	19982
410	19983
101	19984
14	19985
24	19987
115	5017
4008	19988
70	19989
2543	19990
101	19991
27	19992
23	19993
1358	19994
101	19995
129	19997
4010	19998
10	19999
4	20000
713	20001
543	20002
332	20003
42	20004
11	20005
159	20006
469	20007
298	20008
2230	20009
4011	20010
1340	20011
23	20012
31	20013
176	20014
46	20015
574	20016
1004	20017
3857	20018
423	20019
286	20020
80	20021
158	1329
77	1662
21	20022
298	20023
4012	20024
71	20025
481	20026
24	20027
217	20028
4013	4516
4	269
24	20029
24	231
142	20030
63	20031
154	20032
23	20033
4014	20034
34	20035
4015	20036
101	1634
243	44
155	20037
300	20038
542	20039
2206	20040
4016	20041
23	20042
4017	20043
504	20044
18	20045
4018	9565
31	20046
4	20047
219	20048
601	20049
301	20050
4	20051
555	20052
55	3701
282	20053
4	20054
9	20055
4019	20056
18	20057
43	20058
2456	20059
1732	20060
368	20061
4020	20062
39	20063
5	20064
100	7841
113	20065
130	20066
23	20067
80	20068
155	20069
263	20070
730	20071
4021	20072
2724	20073
827	20074
4022	20075
2680	20076
1259	18818
243	20077
220	20078
9	18226
143	20079
24	20080
21	20081
23	20082
43	20083
4023	20084
127	19726
1401	9785
21	20086
4024	20087
327	20088
5	6890
4025	20089
247	20090
3527	20091
89	20092
2151	20094
185	20095
217	20096
201	20097
217	20098
517	20099
11	20100
23	20101
1316	20102
158	6018
4026	20103
243	20104
23	20105
132	20106
1508	20107
4027	20108
4028	20109
18	20110
1457	20111
11	20112
11	20113
4029	20114
4030	20115
11	20116
12	20117
24	20118
26	20119
27	20120
31	20121
126	20122
483	17391
22	20123
115	20124
4	20125
442	20126
4	241
423	20127
4031	20128
63	20129
367	20130
4032	20131
13	20132
77	20133
39	20134
16	20135
4033	20136
4	20137
80	20138
982	20139
204	20140
11	1361
220	2630
239	1005
237	20141
23	20142
4	20143
77	20144
212	20145
282	20146
11	20147
197	20148
151	20149
171	20150
2118	20151
4034	7424
71	20153
21	20154
179	818
148	20155
11	20156
179	20157
4035	20107
21	15610
42	20158
4036	516
24	20159
637	20161
1436	20162
34	20163
672	20164
46	20165
179	20166
372	20167
5	20168
71	20170
10	20171
179	20172
216	20173
158	20174
71	20175
18	20176
63	20177
149	20178
242	20179
4037	20180
151	20181
71	20182
90	20183
71	20184
3830	20185
24	20186
155	13984
982	20187
263	4684
27	20188
317	20189
31	17354
290	20190
4038	20191
46	20192
483	20193
1602	20194
410	20195
1795	20196
94	20197
2627	20198
4039	9247
155	20199
31	20200
355	20201
2859	20202
229	20203
1939	20204
327	20205
113	20206
1179	20207
1434	20208
4	20209
16	20210
4040	20211
27	20212
4041	20213
151	20214
144	14131
2427	20215
23	20216
468	17998
702	20217
347	20218
71	20219
52	20220
167	9831
18	20221
104	4056
18	20222
138	18766
1201	1935
25	20223
4	3867
4042	20224
89	20225
132	20226
603	20227
163	20228
13	20229
63	20230
1101	20231
100	2014
71	20232
24	20233
23	20234
4043	20235
92	20236
96	20237
38	20238
27	20239
71	20240
91	1806
4044	7031
113	20241
531	20242
4045	20243
92	20244
290	1634
112	20245
197	20246
34	20247
1711	20248
4046	20249
79	20250
289	20251
52	20253
4047	20254
466	20256
11	20257
1392	20258
4	20259
197	20260
378	20261
1048	20262
4	4516
77	20263
126	961
24	20264
281	20265
220	20266
4048	20267
160	15934
23	20268
23	401
12	20269
13	20270
11	20271
4049	20272
4050	20274
4	20275
113	20276
144	20277
553	20278
94	20279
77	20280
101	20281
4051	20282
52	9335
4052	20283
368	841
2327	20284
113	20285
22	20286
1820	20287
71	20288
4053	20289
791	20290
24	20291
71	7105
2179	20292
4054	20293
38	20294
1951	20295
119	20296
18	20297
4	3921
160	20298
5	20299
8	20300
18	20301
4055	20302
23	7245
4056	20303
398	20304
178	20305
23	20306
4	9051
179	20307
315	20308
4057	20309
4	6090
171	5526
27	20310
4014	20311
216	20312
100	20313
115	4152
4058	20314
34	20315
811	20316
24	20317
416	20318
149	20319
4060	20320
4061	20321
411	20322
2629	20323
2301	20324
286	20325
1024	20326
71	20327
3	20328
46	20329
22	20330
155	20331
23	20333
4062	20334
13	20335
4063	20337
34	20339
4064	20341
11	20343
77	20344
407	20345
38	20346
217	20348
65	20349
179	1743
243	20350
52	20351
4065	20352
71	3585
1110	20353
4	20354
23	20355
77	20356
24	4529
4	20357
63	20358
70	20359
246	20360
12	20361
89	20362
360	20363
4066	20365
23	20366
4067	20367
43	20369
18	20370
23	20371
23	20372
27	2014
484	20373
243	20374
167	20375
216	20376
9	13266
4068	20377
71	20378
77	20379
27	20380
3865	20381
14	20382
24	20383
23	4152
27	20384
151	20385
31	20386
24	7516
1691	20387
263	8067
63	20388
5	20389
4069	20390
9	20391
4070	20392
1	6528
483	20393
23	20394
71	20395
23	20396
92	20397
43	20398
550	20399
201	20400
8	20401
945	20402
115	20403
4071	20404
71	20405
142	20406
113	14754
143	20407
281	20408
39	20409
877	20410
327	20412
113	20413
71	20414
79	20415
18	20416
327	20417
142	20418
1863	4470
34	20419
4073	20420
451	20421
228	20422
24	20423
4074	20424
24	20425
163	1809
184	20426
4075	20427
11	20428
4076	20429
12	20430
101	20431
10	20432
27	20433
326	3120
23	20434
18	1554
4	20435
4077	20436
13	20437
112	923
220	20438
317	20439
4	20440
112	10695
126	20441
1602	4850
702	231
4	20443
71	20444
77	20445
401	20446
227	20447
205	20448
34	231
967	20449
4078	20450
70	14876
4079	20451
18	20452
1275	20453
4080	20454
473	14593
91	3178
63	20455
27	20456
16	20457
2485	20458
217	20459
423	20460
13	20461
410	14239
263	20462
101	20463
1729	20464
4081	20465
9	20466
24	20467
104	4585
23	20468
568	20469
601	20470
3230	20471
249	20472
18	6487
167	64
1219	20473
360	20474
4082	20475
26	20476
393	20477
601	20478
4083	20479
9	18827
113	20480
4	20481
4084	20482
442	20483
1198	20484
3950	20485
4	20486
124	20487
101	20488
928	20489
179	20490
124	20491
167	20492
63	20493
12	20494
113	9373
222	20495
393	20496
690	20497
24	20498
4085	20499
534	20500
217	20155
11	20501
326	20502
5	20503
24	20504
112	20505
4086	20506
217	20507
21	20508
43	20509
5	20510
160	20511
282	20512
16	20513
16	1329
18	7031
346	124
407	20514
24	20515
4087	20516
178	20517
829	20518
268	20519
55	20520
23	20521
4	20522
21	20523
27	14184
212	20524
71	20525
46	231
262	1602
4088	20526
23	20527
71	20528
149	20529
126	15185
43	64
11	20530
142	20531
262	20532
247	20533
1834	20534
282	20535
410	20536
18	20537
868	20538
46	20539
4	20540
13	338
52	20541
46	20542
151	20543
134	20544
1065	20545
100	20546
327	20547
27	20548
113	20549
142	20550
429	20551
27	20552
43	20553
55	20554
5	20555
21	231
52	20556
3646	20558
94	20559
80	20560
63	20561
43	20562
160	20563
23	20564
4	20565
11	20566
144	20567
90	1032
5	20568
3769	20570
263	1805
144	20571
115	20572
959	8120
4089	3103
63	20573
143	20574
647	91
720	20575
549	20576
23	20577
63	20578
4090	20579
11	20580
115	20581
2369	20582
9	20583
63	20584
339	241
11	20585
23	20586
4	20587
24	20588
1863	20589
77	20590
4	20591
4091	20592
179	3125
237	20593
798	10213
9	20594
38	20595
326	20596
282	20597
3082	20598
4092	20599
126	20600
11	20601
11	20602
157	20603
100	20604
707	1005
89	20605
171	20606
1449	20607
24	20608
707	20609
167	20610
31	20611
4	2915
4093	20612
23	20614
4094	20615
714	752
1652	20616
4095	20617
91	20618
3513	20619
24	20620
4096	20621
1728	20622
423	20623
8	20624
4097	20625
4098	20626
23	20627
705	20628
473	20629
77	20631
317	5557
11	20632
27	20633
1306	20634
228	20635
410	20636
11	20637
23	20638
798	20639
63	20640
27	20641
130	20642
1900	10275
197	18231
22	12085
6	3178
104	20643
13	20644
4099	20645
4100	20646
313	20647
271	20648
4	7287
127	20650
119	20651
4	20652
52	20653
4101	20654
11	1141
2089	20655
4102	20656
360	20657
410	20658
131	20659
63	20660
243	20661
1903	20662
326	20663
9	20664
4	20665
151	8378
401	20666
104	20667
2516	20668
244	20669
4103	20670
2069	20671
191	20672
4104	20673
18	13754
3868	20674
4105	20675
4106	4956
11	20676
5	20677
27	20678
4107	20679
4108	20680
4109	20681
2195	18054
4	20682
4110	20683
287	20684
8	20685
2120	20686
4111	20687
2505	20689
4113	20690
3566	5138
2088	20691
4114	20692
13	20693
990	20694
91	20695
4057	20696
442	20697
5	20698
534	5261
144	20699
481	20700
100	20701
4115	20702
4116	20703
16	3951
55	20704
23	20705
4117	20706
52	1857
24	20709
4118	6847
649	20711
143	20712
23	20713
391	20714
24	20715
52	20716
3053	4187
985	20717
3172	20718
555	20719
12	618
24	20720
91	1191
223	20722
467	20723
4039	20724
11	20725
4119	20726
237	20727
71	20728
24	20729
144	20730
163	20731
307	20732
4120	20733
163	20734
4121	20735
2913	20736
4122	20737
92	17363
46	20738
4123	20739
89	2638
11	9431
4124	20741
1233	20743
9	20744
9	20745
212	20746
4125	20747
126	20748
4126	20749
24	20750
184	20751
70	20752
217	20753
4127	20754
151	20755
4	20756
467	20757
242	20758
23	20759
38	20760
11	20761
101	20762
13	20763
23	20764
34	20765
162	20766
483	20767
46	20768
282	20769
282	20770
4128	20772
297	20773
4129	20774
795	20775
24	20776
4130	20777
4131	20778
4132	20779
4133	20780
268	20781
233	20782
149	20783
178	20784
282	20785
1863	20786
144	20787
4134	20788
92	20789
261	20790
