2	1
1	2
3	2
4	3
5	3
6	4
7	5
8	6
9	6
10	7
11	7
12	7
1	7
13	8
9	9
14	10
15	11
16	12
17	13
18	14
17	15
19	16
20	16
21	16
22	16
23	18
24	19
15	19
15	21
26	22
27	22
28	23
29	23
30	23
31	23
32	24
33	25
1	26
0	27
34	28
35	29
36	30
37	31
38	31
39	32
12	32
21	32
40	33
24	33
41	34
1	35
42	36
28	36
28	37
6	37
20	37
22	37
43	38
44	39
45	39
21	39
46	40
17	40
47	41
24	42
2	43
42	44
48	45
7	45
34	45
1	45
7	46
16	46
0	47
49	48
50	49
51	50
52	51
1	51
1	52
53	53
37	54
52	54
54	54
15	55
5	55
55	56
56	56
57	57
15	57
1	57
0	58
15	59
58	59
59	60
1	61
42	63
59	63
15	63
0	63
9	64
53	65
17	66
6	67
43	70
35	71
50	72
6	73
0	74
60	75
61	76
29	76
23	79
60	81
57	82
53	82
66	83
14	83
3	83
0	84
67	84
1	85
68	86
69	87
70	88
71	89
0	89
41	90
6	91
1	91
72	92
16	92
73	92
42	93
55	94
1	94
74	95
60	96
54	97
75	98
55	98
48	98
7	98
76	98
11	98
49	98
77	98
78	98
1	98
68	99
7	99
11	99
79	100
50	101
80	102
81	102
4	103
24	103
17	103
0	103
5	103
14	104
50	105
48	106
44	107
66	107
37	108
1	108
63	109
82	110
41	110
15	110
32	111
83	112
5	112
1	112
6	113
8	114
7	114
0	114
55	115
56	115
24	115
15	115
84	115
67	115
85	116
45	116
86	116
1	116
1	117
6	118
24	119
87	121
0	121
67	121
16	122
37	124
15	124
1	124
88	125
52	126
0	127
1	127
89	129
11	130
55	131
56	131
48	131
83	131
68	131
90	131
7	131
17	131
5	131
91	132
54	133
41	134
92	134
93	135
0	136
15	137
6	138
48	139
17	139
1	139
8	9
61	9
9	9
11	140
49	140
17	141
31	142
37	143
94	144
15	145
36	146
27	146
68	147
40	148
15	149
3	149
36	150
9	151
40	152
95	152
50	152
14	152
43	153
96	154
7	155
50	156
6	157
30	158
1	158
97	159
6	162
25	164
28	165
99	166
9	167
46	169
12	169
0	169
8	170
68	171
90	171
100	171
3	171
28	172
64	172
15	172
70	172
21	172
34	173
94	174
8	175
68	175
90	175
1	175
31	175
101	176
102	177
15	178
17	178
1	178
9	179
1	179
4	180
36	181
15	182
103	183
28	184
17	184
77	185
15	186
85	187
7	188
25	189
16	189
15	190
1	190
38	191
25	192
6	193
4	194
104	195
105	195
6	195
55	196
0	196
48	197
53	198
6	199
86	200
43	201
1	201
15	202
70	202
6	203
48	204
1	205
95	206
4	206
50	206
5	206
8	207
15	208
21	208
106	209
61	209
8	210
68	211
24	211
17	211
14	211
13	212
99	213
68	214
90	214
107	214
27	214
104	215
108	215
30	215
109	216
27	216
84	217
110	218
24	219
1	219
6	220
36	222
58	222
111	223
52	224
17	225
7	226
32	227
27	228
56	229
66	229
83	229
78	229
14	229
5	229
21	229
53	230
21	231
15	232
17	233
6	233
63	234
38	234
11	234
21	234
81	235
53	236
111	237
7	238
0	238
46	239
48	239
83	239
68	239
53	240
18	241
6	241
112	242
112	243
113	244
3	245
55	246
99	246
11	246
1	246
49	247
1	248
66	249
68	249
74	250
59	251
25	252
44	253
44	254
104	255
1	255
113	256
0	257
68	258
34	258
54	259
89	260
56	261
76	261
0	261
32	262
17	263
55	264
27	265
114	265
83	266
45	266
16	267
43	268
12	268
104	269
55	270
1	270
21	270
53	271
99	272
36	272
0	272
1	272
115	273
8	274
16	274
116	275
34	276
59	277
29	278
35	278
70	278
21	278
108	279
13	281
117	282
44	283
118	284
79	285
0	286
15	287
119	288
76	288
117	288
70	288
15	289
120	289
6	289
57	290
7	290
15	290
1	291
46	292
52	293
7	293
99	294
59	295
32	296
1	297
6	298
80	299
12	299
0	299
15	300
121	300
60	301
64	302
30	302
122	304
32	304
79	304
36	306
42	307
103	307
9	308
82	309
74	309
42	310
85	310
89	311
123	311
9	311
16	311
67	311
37	312
65	312
1	312
4	313
5	313
72	314
37	315
78	315
1	315
8	316
17	316
46	317
50	317
20	317
54	318
63	319
67	320
7	321
60	322
66	322
30	322
6	323
32	324
78	324
124	325
36	326
17	327
12	328
1	328
107	329
5	329
44	330
69	330
7	331
24	331
0	332
7	333
54	334
14	335
8	336
50	337
20	337
42	338
99	338
54	338
1	338
34	339
74	340
7	341
50	342
5	342
41	343
56	344
68	345
6	346
1	347
44	348
99	348
5	348
21	348
6	349
57	350
125	350
52	350
32	350
15	350
16	350
6	350
44	351
43	352
126	352
20	353
1	354
16	355
1	356
44	231
63	250
80	357
54	358
17	359
123	12
6	12
83	360
54	361
6	362
59	363
127	364
6	365
83	366
14	366
128	367
19	368
64	369
34	369
129	370
32	371
1	372
28	373
130	374
51	375
17	375
0	376
6	376
99	377
37	378
1	378
22	378
80	379
4	379
15	379
17	379
12	379
0	379
85	380
28	381
24	381
6	381
83	382
11	382
0	382
5	382
52	383
24	384
107	384
15	384
1	385
7	386
99	387
131	388
15	389
25	390
132	392
1	392
53	392
6	393
99	394
112	395
103	396
42	397
125	398
52	398
104	399
6	399
25	400
80	401
53	402
104	403
81	403
125	404
24	405
70	405
36	406
117	406
1	407
14	408
18	409
24	410
80	411
55	412
64	413
105	414
77	415
58	33
50	416
13	417
104	417
1	418
65	419
21	420
77	421
133	422
6	423
32	424
49	424
134	425
7	426
25	427
37	428
25	428
1	428
53	428
77	429
68	430
41	431
84	432
15	433
1	433
1	434
105	435
6	435
93	435
0	436
21	436
135	437
6	438
54	440
1	440
22	440
109	441
27	441
68	442
80	443
25	444
80	445
3	445
125	446
136	447
67	447
80	448
117	158
109	449
18	449
27	449
44	450
80	451
66	451
78	451
64	452
36	452
115	453
23	453
31	455
6	456
108	457
6	457
59	458
84	460
121	461
1	463
74	464
1	465
0	466
37	467
40	468
70	468
101	469
7	470
95	471
68	471
22	471
8	472
37	473
15	474
50	475
0	476
55	477
79	477
0	477
53	478
37	479
82	480
8	481
12	481
42	482
54	482
17	484
54	487
112	488
15	490
94	491
21	492
94	493
112	494
17	231
7	495
0	495
140	496
0	497
41	498
28	499
68	500
18	500
6	500
1	500
20	500
6	501
6	502
19	503
76	503
11	503
17	503
34	503
49	503
141	504
1	504
103	505
0	506
1	506
4	507
12	507
63	508
62	509
31	509
7	510
0	510
44	511
142	511
20	511
48	512
54	512
17	512
9	513
0	514
41	515
107	515
15	515
26	516
25	517
123	518
1	519
24	520
15	520
15	521
8	522
83	523
5	523
48	524
50	524
36	524
21	525
109	526
29	526
27	526
14	527
1	527
6	528
54	529
53	529
42	530
68	530
20	530
7	531
112	532
15	533
31	534
54	535
0	535
43	536
55	537
0	537
1	537
7	538
45	540
121	540
1	541
46	542
70	302
1	543
51	544
14	545
53	545
7	546
0	546
144	548
50	549
37	550
41	551
45	551
104	551
15	551
5	551
1	551
80	552
145	553
123	554
75	124
15	555
0	555
99	556
146	557
63	557
11	557
49	557
147	557
48	558
17	558
73	559
86	560
49	561
78	561
59	562
117	563
19	401
22	401
14	564
25	566
79	567
105	568
80	569
50	570
8	571
9	571
74	572
23	573
148	574
149	574
109	575
27	575
92	576
95	577
53	578
23	579
41	580
1	582
68	584
0	584
125	585
77	586
41	587
150	588
117	589
32	590
7	591
11	591
17	591
151	591
25	592
48	593
49	594
11	595
54	596
32	597
36	598
89	599
124	599
6	600
54	601
44	602
19	602
142	602
134	602
21	602
37	603
33	604
6	604
41	605
24	605
152	607
7	608
86	609
0	610
1	610
153	611
78	612
1	613
123	614
42	187
43	615
6	615
54	616
76	616
17	616
117	616
1	616
154	617
78	618
6	618
68	619
48	621
101	621
53	622
15	457
54	623
1	624
68	625
68	627
57	628
53	628
1	630
42	631
83	632
6	633
54	635
7	636
4	636
121	637
1	637
29	638
66	639
0	640
14	640
113	641
6	642
32	643
0	644
11	645
155	645
138	647
30	647
99	648
24	649
20	649
0	650
6	651
59	652
53	653
7	654
68	655
12	655
156	656
78	656
1	656
64	657
157	658
51	658
0	658
117	659
13	660
1	661
117	662
0	664
1	664
123	665
15	666
125	667
158	667
67	668
50	670
58	670
15	671
6	672
52	673
43	674
26	675
68	676
57	677
66	677
83	677
51	677
30	678
1	679
24	680
107	680
74	680
18	681
110	682
14	683
1	683
0	684
44	685
0	685
112	686
9	687
1	687
1	688
21	689
48	690
8	691
116	692
64	692
0	693
1	694
17	696
67	697
15	100
64	698
0	699
13	700
104	701
68	702
32	703
118	704
80	705
68	705
159	705
99	706
54	707
7	708
0	708
68	709
28	710
15	710
30	710
32	711
109	712
27	712
56	713
6	714
24	715
15	715
54	716
53	716
52	717
68	718
90	718
24	719
0	719
108	720
44	721
14	721
37	722
66	723
63	723
7	723
17	724
26	725
109	725
84	725
27	725
6	725
94	726
33	727
53	728
16	729
104	730
20	730
91	241
121	241
7	731
0	731
21	731
24	732
15	732
0	733
124	734
54	735
52	736
86	738
19	739
21	739
22	739
42	740
109	741
27	741
101	742
30	743
132	744
117	744
59	745
52	746
19	746
6	748
80	749
43	749
67	750
160	751
88	752
11	753
155	753
40	754
41	754
15	755
35	756
15	757
110	758
6	759
32	760
25	761
109	762
27	762
25	763
99	764
37	765
1	765
0	766
52	768
54	768
65	769
24	770
0	770
37	771
80	771
43	771
68	772
89	773
1	774
61	775
20	776
13	777
53	777
6	778
144	779
61	780
112	781
21	782
161	783
0	784
1	784
41	785
24	785
15	785
67	786
1	787
68	788
6	788
112	254
117	789
0	790
6	791
40	792
48	792
11	793
0	794
68	795
6	795
162	796
4	798
42	799
18	800
112	801
1	802
21	802
9	803
40	804
6	805
80	806
15	807
7	808
78	809
83	810
127	811
7	812
54	812
79	813
1	814
7	815
11	815
163	815
6	815
17	816
50	818
9	819
37	820
14	820
1	820
164	821
59	821
74	821
117	821
78	821
70	821
134	822
14	823
10	767
165	824
63	824
166	824
129	824
167	825
1	826
36	827
6	827
127	828
25	829
168	830
6	830
123	831
8	831
169	831
9	831
94	831
1	832
62	833
12	834
6	834
20	834
21	834
32	835
43	836
1	837
6	838
1	839
31	840
0	841
111	842
23	842
0	843
1	843
105	844
74	844
43	845
59	846
6	847
1	848
17	849
170	849
0	849
67	850
83	851
9	851
1	851
85	852
49	853
66	854
54	854
59	855
55	856
1	856
6	857
17	858
55	859
92	860
24	860
51	861
29	862
58	862
8	863
36	865
14	866
66	867
80	868
6	868
82	869
41	869
92	869
1	870
11	871
49	871
0	871
19	872
83	872
64	872
0	873
171	874
37	876
25	877
28	878
118	878
6	878
1	879
25	881
0	882
24	883
25	884
1	885
159	886
110	887
74	887
15	888
97	889
125	889
7	890
53	890
1	891
6	892
6	893
94	894
105	895
25	896
25	897
15	898
41	899
57	900
54	900
117	901
53	901
46	902
74	902
17	231
6	231
172	903
1	904
45	905
2	906
7	907
84	907
53	907
44	908
14	908
1	908
53	208
95	909
54	910
53	911
54	912
127	913
70	914
13	915
78	915
127	916
110	917
127	918
55	919
7	919
11	919
58	919
1	919
173	920
174	920
1	920
68	207
17	207
44	921
1	921
83	922
52	923
55	924
0	924
1	924
37	925
48	925
51	925
15	925
17	925
23	925
66	926
54	927
76	927
83	928
57	929
53	930
50	931
6	932
165	933
166	933
41	934
6	935
6	936
38	937
68	937
32	938
21	938
37	939
32	939
24	940
0	940
6	941
175	942
101	942
52	944
117	945
6	945
43	946
176	948
7	948
17	948
12	948
88	948
125	949
98	950
43	951
48	952
4	952
40	953
80	954
109	955
27	955
170	956
9	957
12	958
28	959
0	960
36	961
1	961
95	962
85	963
54	964
38	965
19	966
22	966
74	967
40	968
50	968
54	969
53	969
55	970
16	971
7	972
9	973
1	973
43	974
44	975
53	976
1	977
27	979
17	980
0	981
61	982
172	983
59	984
77	985
93	985
15	986
57	987
16	987
25	988
83	989
17	989
33	989
1	990
7	991
17	991
177	992
17	993
89	994
51	995
124	996
75	997
178	998
179	999
15	999
180	1000
15	1001
1	1001
123	1002
17	1003
43	1004
63	1005
25	1005
54	1006
66	1007
1	1007
67	1007
6	1008
6	1009
83	1010
3	1010
172	1011
1	1012
130	1013
15	1013
3	1014
48	1016
0	1017
3	1017
27	1018
53	1018
9	1019
49	1020
6	1020
40	1021
80	1021
66	1021
1	1022
44	1023
21	1023
64	1024
5	1024
1	1025
9	1026
59	1027
54	1028
132	1029
80	1029
67	1029
80	1031
177	1031
7	1032
0	1032
7	1033
110	1033
68	1035
17	1035
34	1036
1	1037
6	1038
1	1039
91	1040
121	1040
89	1041
44	1042
14	1042
43	1043
56	1044
49	1044
122	1045
6	1046
57	1047
7	1047
66	1048
54	1049
49	1050
31	1051
44	1052
25	1054
15	1055
25	1056
9	1057
1	1058
150	1059
1	1060
51	1061
1	1062
5	1063
9	1064
1	1065
11	1066
49	1066
0	1066
1	1066
88	1067
24	1068
0	1068
26	1069
127	1070
177	1071
6	1072
0	1073
15	1074
107	1075
48	1076
41	1077
24	1077
1	1078
129	1079
38	1080
15	1081
37	1082
181	1082
32	1082
15	1082
1	1082
124	1083
21	1084
83	1085
17	1086
17	1087
7	1088
15	1088
1	1088
13	1089
182	1089
13	1090
183	1091
124	1092
6	1093
64	1094
1	1094
34	1095
1	1096
6	1097
73	1098
6	1099
42	1100
7	1101
84	1101
48	1102
7	1103
30	1104
1	1105
53	1106
6	1107
77	1109
52	1110
7	1110
57	1111
54	1111
125	1112
158	1112
0	1113
91	1114
121	1114
41	1115
104	1115
15	1115
74	1116
54	1117
95	1118
22	1118
43	1119
1	1119
55	1120
1	1121
1	1122
99	1123
54	1124
157	1125
41	1126
45	1126
15	1126
50	1127
1	1128
89	1129
8	1130
60	1131
24	1132
15	1132
0	1132
7	1133
184	1134
0	1134
0	1135
6	1136
68	1137
149	1137
36	1138
36	1139
1	1140
1	1141
15	1142
6	1142
12	1143
6	1143
0	1144
107	1145
132	1146
7	1147
1	1147
185	1148
43	1149
49	1150
127	1151
54	1152
107	1153
1	1155
1	1156
1	1157
37	1158
7	1158
0	1158
36	1005
104	1159
24	1159
63	1160
15	1161
41	1162
43	1163
59	1163
43	1164
4	1164
15	1164
1	1164
186	1164
37	1165
15	1166
8	1167
43	1167
15	1167
68	1168
17	1168
14	1168
77	1169
17	1170
43	1171
0	1172
6	1173
50	1174
82	1175
41	1175
107	1175
40	1176
8	1177
57	1179
55	1179
43	1179
0	1179
1	1180
124	1181
132	1182
117	1182
13	18
99	1183
15	1183
93	1183
25	1184
11	1185
49	1185
132	1186
123	1187
4	1189
99	1190
1	1190
73	1191
1	1192
7	1193
4	1194
12	1194
21	1194
1	1195
15	1196
12	1197
22	1198
78	1199
21	1199
15	1200
83	1201
68	1201
4	1201
12	1201
69	1202
64	1203
106	1204
37	1205
32	1206
49	1206
170	1206
9	1207
99	1208
170	1209
138	1210
103	1210
30	1210
6	1210
8	1211
9	1211
44	1212
7	1212
24	1213
15	1213
10	1214
187	1214
165	1215
105	1216
6	1216
3	1216
7	1217
1	1218
40	1219
1	1220
66	1221
68	1221
188	1222
36	1223
41	692
99	692
44	1225
150	1225
56	1226
80	1227
17	1227
95	516
18	1228
78	1229
127	614
15	1230
17	1230
1	1231
28	124
1	1232
67	1233
52	1234
19	1235
68	1235
58	1235
1	1236
48	1237
19	1238
169	1238
20	1238
21	1238
89	1239
53	1240
0	1241
6	1241
53	1241
99	1242
40	1243
105	1243
48	1244
6	1245
54	1246
0	1247
85	1248
46	1249
173	1250
1	1250
83	1251
1	1251
125	1252
158	1252
17	1252
48	1253
54	1253
105	1254
42	1255
68	1256
75	1257
15	1256
41	1258
15	1258
54	1259
66	1260
28	1260
54	1261
15	1262
8	1263
15	1263
1	1263
55	1032
1	1264
68	1265
15	1266
43	1267
76	1268
11	1268
17	1268
0	1268
155	1268
89	1269
25	1269
189	1269
34	1269
16	1269
53	1270
157	1271
25	1272
121	1273
9	1274
78	1275
0	1275
54	1276
71	1277
0	1277
0	1278
5	1278
46	1279
79	1280
58	1281
79	1282
100	1283
15	1284
17	1284
73	1286
17	1287
1	1288
80	1289
68	1289
12	1289
68	1290
99	1290
24	1290
4	1291
5	1291
11	1292
17	1292
1	1293
52	1294
66	1295
190	1296
53	1297
12	1298
1	1299
11	1300
118	1300
0	1300
155	1300
9	1301
59	1302
52	1303
7	1303
43	1305
11	1305
54	1306
1	1308
42	1309
0	1310
15	1311
6	1311
36	1312
191	1313
17	1313
12	1313
47	1314
43	1316
71	1317
0	1317
135	1319
15	1319
1	1319
42	1320
43	1320
76	1320
24	1320
0	1320
1	1321
9	1322
14	1323
1	1323
4	1324
176	1325
7	1326
30	1327
25	1328
1	1329
192	1330
54	1330
97	1331
123	1331
181	1331
9	1331
25	1332
56	1333
54	1334
53	1335
55	1337
64	1337
1	1337
70	1338
54	1339
85	1340
66	1341
7	1341
54	1341
15	1341
77	1341
74	1341
117	1342
124	1343
4	1344
43	1345
25	1346
23	1346
1	1347
54	1348
53	1348
13	1349
43	1349
17	1350
1	1350
17	1351
6	1352
44	1353
77	1354
1	1355
23	1356
1	1358
193	1359
101	1360
113	1360
24	1361
194	1362
66	1363
9	1364
163	1365
6	1365
37	1366
1	1366
109	1367
27	1367
94	1368
0	1369
134	1370
44	1371
21	1371
67	1372
95	1373
163	1373
36	1373
6	1373
53	1375
124	1376
154	1377
154	464
93	464
112	1379
15	1379
17	1379
9	1380
18	1381
57	1382
15	1382
0	1382
195	1382
1	1382
42	1383
44	1383
7	1384
17	1384
0	1384
78	1385
99	1386
74	1387
112	1388
80	1389
43	1389
6	1391
99	1392
31	1394
89	18
25	18
25	1395
98	1396
25	1397
14	1398
21	1398
117	1399
159	1400
1	1401
7	1403
15	1403
170	1403
4	1404
0	1404
196	1405
42	1406
17	1406
66	1407
15	1408
1	1408
11	1409
0	1409
157	1410
17	1410
103	1411
7	1412
36	1412
197	1412
43	1413
34	1414
0	1415
37	1416
114	1417
41	1418
104	1418
15	1418
91	1419
121	1419
0	1420
16	1421
17	1422
154	1423
31	1424
40	1425
7	1425
0	1425
198	1426
2	1427
37	1428
7	1429
54	1430
54	1431
54	1432
53	1432
53	1433
44	1434
1	1435
8	1436
42	1437
19	1437
24	1438
15	1438
103	1439
20	1439
6	1440
199	1440
27	1441
9	1442
55	1443
58	1443
44	767
21	767
200	1444
43	1446
6	1446
80	1447
3	1447
1	1448
53	1449
1	922
17	1450
16	1451
37	1452
48	1452
52	1452
54	1452
15	1452
17	1452
23	1452
80	1453
21	1453
42	1454
15	1455
55	1456
6	1457
7	1458
25	1459
7	1460
49	1460
78	1460
0	1460
201	1461
43	1461
36	1462
44	1463
181	6
9	6
48	1465
13	1465
67	1465
12	1466
127	1467
117	1468
53	1468
0	1469
1	1470
54	1471
15	1472
120	1472
17	1473
53	1474
89	311
123	311
123	1475
92	1476
9	1477
91	1478
121	1478
6	1479
1	1480
6	1481
68	1482
90	1482
1	1482
68	1483
90	1483
14	1483
50	1484
24	1485
15	1485
3	1485
17	1486
67	1487
27	1488
43	1489
99	1490
17	1490
128	1491
24	1492
61	1493
18	1493
6	1494
127	18
17	1495
32	1496
17	1496
37	1497
43	1497
104	1497
1	124
25	1499
0	1500
11	1501
54	1502
14	1502
176	1503
1	1504
104	1505
15	1505
105	1505
6	1505
77	1506
53	1507
7	1508
28	1509
6	1509
0	1510
0	1511
114	1512
9	18
99	1513
44	1514
68	1514
90	1514
7	1514
14	1514
15	1515
5	1515
7	1516
125	1517
77	1518
67	1519
1	1520
13	1521
4	1521
19	1522
99	1522
22	1522
6	1523
1	1524
202	1525
125	1526
19	1527
76	1527
0	1527
7	1528
0	1529
22	1529
98	100
86	100
28	1530
25	1531
0	1532
203	1533
67	1534
0	1535
66	1536
71	923
0	923
1	1537
4	1538
0	1539
5	1539
3	1540
204	1541
25	1542
54	1543
11	1544
48	1545
99	1546
127	1547
74	1547
60	1548
0	1549
14	1549
186	1550
57	1551
54	1551
117	1551
0	1552
2	1553
6	1554
9	1555
82	1556
41	1556
6	1556
27	1557
15	1558
37	1559
59	1559
205	1560
82	1561
6	1561
206	1562
17	1563
44	1564
1	1564
48	1565
54	1565
14	1565
57	1566
36	1566
73	1566
25	1567
15	1568
120	1568
64	1569
83	1570
12	1570
4	1571
5	1571
37	1572
1	1573
207	1574
6	1575
59	1576
80	1577
76	1578
181	1579
15	1580
208	1581
41	1582
11	1583
0	1583
176	1585
68	1585
15	1586
15	1587
111	1588
37	1589
7	1590
0	1590
103	1591
52	1592
62	1593
80	1594
17	1594
0	1595
45	1596
108	1596
81	1596
6	1596
6	1597
24	1598
0	1599
15	1600
6	1601
24	1602
6	1602
6	1603
156	1604
1	1604
31	1604
36	1605
186	1606
61	1607
80	1608
17	1608
0	1609
37	1610
24	1610
15	1610
17	1610
1	1610
66	1612
117	1613
14	1613
132	1614
117	1614
6	1615
44	1616
116	1617
107	1618
6	1619
124	1620
17	1621
209	1622
24	1623
5	1623
1	1623
70	923
95	1624
108	1625
67	1626
78	1627
6	1628
82	1629
17	1630
5	1630
199	1631
119	1632
170	1632
84	1633
117	1634
1	1635
123	1636
95	1637
78	1637
132	1638
36	1639
15	1640
36	1641
17	1642
79	1642
44	1643
45	1643
14	1643
49	324
117	324
78	324
54	1644
73	1645
123	1647
15	1648
6	1648
68	1649
7	1649
25	1650
27	1651
74	1652
11	1653
49	1653
6	1654
59	1655
113	1656
0	1657
116	1658
15	1659
1	1660
11	1661
18	1662
55	1663
48	1663
24	1663
1	1663
210	1664
15	1665
121	1665
59	1666
9	1666
54	1667
11	1668
15	1668
70	1668
13	1669
7	1670
1	1671
1	1672
21	1673
43	1675
211	1676
54	1677
44	1679
212	1680
7	1681
0	1681
1	1681
69	1682
9	1683
36	1684
25	1685
77	1685
0	1685
111	1685
1	1685
67	1685
11	1686
213	1686
155	1686
37	1687
54	1688
95	1689
45	1689
17	1690
9	1691
24	1692
0	1692
85	1693
10	1693
48	1693
7	1693
24	1693
0	1693
0	1695
5	1695
15	1696
83	1697
11	1697
88	1697
21	91
25	1698
91	1699
92	1699
15	1699
68	1700
90	1700
107	1700
146	1701
123	1702
9	1702
29	1702
131	1703
77	1703
170	1704
9	1705
9	1706
199	1706
165	1707
68	1707
181	1707
12	1707
1	1707
184	1708
68	1709
21	1709
127	1710
7	1711
54	1711
51	1711
183	1711
1	1711
66	1712
59	1712
134	1713
27	1713
174	1714
9	1716
1	1716
1	1717
132	1718
62	1719
1	1719
54	1720
0	1721
44	1722
14	1722
41	1723
15	1723
195	1724
14	1725
24	1726
0	1726
75	1727
6	1729
53	1730
56	1731
11	1731
0	1731
124	1732
77	1733
7	1734
34	1734
132	1735
53	1736
59	1737
6	1738
9	1739
43	1740
83	1742
142	1742
0	1742
5	1742
20	1742
54	1743
21	1744
55	1745
7	1745
0	1745
1	1745
17	1746
12	1746
65	1747
68	1747
11	1747
50	1747
49	1747
170	1747
0	1747
36	1748
104	1749
6	1749
7	1750
0	1751
20	1752
4	1753
5	1753
25	618
29	1754
3	1754
36	1755
105	1755
30	1756
93	1757
70	1758
11	1759
77	1760
123	1761
44	1761
66	1761
83	1761
99	1761
1	1762
11	1763
36	1764
60	1765
55	1765
1	1765
36	1766
214	1767
79	1768
190	1768
15	923
157	1769
22	1769
103	1770
24	1771
15	1771
29	1772
6	1773
43	1774
6	1775
34	1776
29	1777
0	1778
63	1779
7	1779
57	1780
0	1780
117	1781
78	1781
2	1782
99	1783
18	1783
9	1783
0	1784
44	1785
68	1785
129	1785
21	1785
76	1786
121	1787
1	1787
66	1788
4	1788
7	1790
67	1792
28	1793
1	1794
64	1795
9	1796
1	1797
21	1798
19	1799
51	1800
54	1801
25	1802
16	1802
9	1803
70	1804
132	1805
215	1806
28	1807
64	1807
15	1807
70	1807
21	1807
24	1808
0	1808
63	1809
216	1809
21	1811
1	1812
17	637
1	1813
85	1814
0	1816
54	1817
7	1818
0	1818
217	1819
6	1819
10	1820
55	1820
11	1820
0	1820
218	1821
88	1821
68	1822
0	1822
1	1823
54	1824
135	1825
0	1825
58	1826
6	1826
25	1827
7	1828
54	1828
6	1830
8	1831
68	1831
169	1831
12	1831
104	1832
15	1832
15	1833
43	1834
104	1835
91	1836
15	1837
6	743
113	1838
9	1840
77	1841
3	1842
7	1843
54	1843
99	1844
37	1845
1	1845
22	1845
6	1846
1	1847
45	1848
110	1848
48	1849
55	91
15	91
121	91
0	91
6	91
57	1850
7	1851
0	1851
132	1852
79	1852
67	1852
6	1853
40	1854
82	1856
7	1858
54	1859
6	1860
104	1861
6	1861
15	1862
0	1862
10	1863
49	1863
80	1864
17	1864
13	1865
104	1866
1	1868
11	1869
49	1869
0	1869
155	1869
48	1870
0	1871
54	1873
66	1874
99	1875
78	1876
1	1877
42	1878
48	1878
4	1878
17	1878
5	1878
54	1879
7	1880
54	1880
44	1881
24	1882
74	1882
6	1883
113	1884
83	1885
12	1885
1	1885
50	1886
36	1886
210	1886
1	1887
97	1888
54	1889
54	1890
1	1891
68	1892
44	1893
188	1894
6	1894
70	1894
22	1894
0	1895
48	1896
59	1897
219	1897
7	1898
49	1899
0	1900
0	1901
15	1902
107	1903
79	1904
7	1905
105	1906
66	1907
41	1908
7	1909
0	1909
1	1910
43	1911
101	1911
154	1911
94	1911
15	1912
63	1913
7	1914
1	1915
54	1916
50	524
36	524
15	213
42	1917
37	1919
109	1920
27	1920
6	1921
1	1922
15	1923
125	1924
15	1925
220	1925
27	1925
31	1925
55	1926
99	1927
17	1927
1	1927
36	1928
127	1929
6	1930
134	1931
46	1932
83	1933
64	1933
50	1934
80	1935
99	1935
15	1935
146	1936
95	1936
53	1937
186	1938
44	1939
132	1940
221	1940
77	1941
28	1942
22	1942
153	1944
6	1946
80	767
6	767
24	923
21	1948
15	1949
171	1950
36	1951
1	1952
17	1953
105	1954
77	1955
37	1956
99	1957
25	1958
51	250
14	250
77	1960
52	1961
54	1961
36	1962
76	1963
117	1963
117	1964
80	1965
95	1965
83	1966
66	1967
52	1968
117	1968
6	1969
112	1970
54	1970
95	1971
62	1972
32	1973
1	1973
6	1974
0	1975
0	1976
0	1977
38	1978
22	1979
54	1980
59	1032
176	1981
33	1981
105	1982
6	1982
124	1983
201	1984
43	1984
6	1986
6	1987
19	1988
54	1988
89	1989
16	1989
27	1990
70	1993
42	1994
44	1994
19	1994
7	1994
17	1994
0	1994
3	1994
80	1995
62	1995
1	1997
125	1998
17	1998
68	1999
15	1999
12	1999
0	2000
35	2001
43	2002
24	2002
105	2002
74	2002
193	2004
1	2005
6	2006
116	2007
87	2007
20	2007
4	2008
24	2008
1	2009
0	2010
1	2010
15	2012
1	2013
50	2
6	2014
31	2014
81	2015
117	2016
110	2017
1	2017
53	2017
0	2018
95	2019
59	2020
31	2021
78	2023
44	2024
59	2025
15	2025
43	2026
64	2026
62	2026
6	2026
11	2027
0	2027
55	2028
83	2028
223	2029
6	2029
174	2030
16	2031
9	2032
25	2033
59	2034
17	2035
17	2036
105	2036
6	2036
62	2037
0	2038
1	2039
30	2040
195	2041
103	2042
48	2043
15	2043
1	2043
67	2043
37	2044
1	2044
25	2045
123	2046
55	2046
7	2046
76	2046
0	2046
36	2047
6	2048
127	2049
74	2049
145	2050
89	2051
6	2052
48	2053
68	2053
44	2054
1	2054
48	2055
24	2055
17	2056
31	2058
53	2059
6	2060
113	2061
117	2062
17	2063
104	2064
15	2064
121	2064
224	2065
54	2065
24	268
15	268
26	2066
64	2067
21	2067
6	2068
68	2069
6	2070
6	2071
37	2072
123	2072
160	2072
93	2072
80	2073
66	2074
25	2075
157	2076
4	2076
5	2076
3	2076
66	2077
24	2077
4	2079
42	2080
27	2081
53	2082
1	2083
41	1050
64	1050
17	1050
6	2084
7	2085
109	2086
27	2086
80	2087
18	2088
62	2088
54	2089
45	2090
80	2091
41	2092
107	2092
6	2093
7	2094
91	2095
121	2095
15	2096
0	2096
53	2097
6	2098
7	2099
57	2100
104	2100
64	2100
17	2100
21	2100
63	2102
7	2103
36	2104
88	2104
152	2105
64	2106
25	2107
16	2107
54	2108
105	2109
48	2110
45	2110
42	2111
113	2112
28	2113
118	2113
0	2113
57	2114
67	2114
14	2115
6	2115
117	2116
0	2116
43	1403
37	2117
1	2117
123	1005
140	1005
36	2118
71	2119
0	2119
44	2120
109	2120
127	2120
18	2120
50	2120
103	2120
29	2120
27	2120
6	2120
95	2121
6	2121
124	2122
75	2123
99	2124
1	2124
6	516
24	2125
15	2125
195	2125
44	2126
83	2126
68	2126
45	2126
90	2126
14	2126
1	2126
21	2127
7	2128
15	2128
17	2128
32	2129
17	2129
117	2129
6	2129
31	2130
54	2131
13	2132
1	2134
132	2135
17	2136
64	2137
52	1806
55	2139
0	2139
1	2139
36	2140
80	2141
0	2141
64	2142
32	2143
1	752
1	2144
6	2145
182	2146
99	2147
0	2147
112	2148
15	2149
113	2150
6	2151
98	2152
225	2152
1	2154
36	2155
51	2156
17	2156
7	2157
87	2158
109	2159
27	2159
15	2160
17	2160
200	124
14	2161
9	2162
6	2163
16	2164
15	2165
120	2165
24	2166
26	2167
9	2168
1	2168
9	516
24	2170
15	2170
77	2171
167	2172
43	2173
6	2173
1	2174
87	2175
58	2175
68	2176
59	2176
14	2176
111	2177
84	2179
122	2180
15	2181
207	2182
95	2183
0	2184
169	2185
48	2186
34	2186
123	2187
9	2187
94	2187
15	2188
123	2189
14	2190
1	2190
36	2191
50	2192
123	2193
112	2194
17	2194
12	2194
6	2194
14	2195
12	2196
0	2196
28	2197
127	2199
117	2200
55	2201
48	2201
83	2201
15	2201
0	2201
95	2202
83	2202
5	2202
37	2203
1	2203
68	2204
56	2205
25	2206
9	2208
15	2209
70	2210
201	2211
43	2211
17	213
37	1005
15	2212
80	2214
83	2215
54	2215
0	2216
89	2217
16	2217
77	2217
67	2217
78	2218
0	2218
44	2219
68	2219
1	2220
1	2221
133	2222
48	2222
20	2222
195	2223
15	2224
25	2225
41	2226
104	2226
6	2227
183	2228
54	2229
28	2230
129	2230
220	2231
226	2232
153	2233
15	2234
1	2234
11	2235
58	2235
24	2236
227	2236
15	2236
51	2237
184	2237
55	2238
77	2238
0	2238
20	2238
43	2239
1	2240
183	189
93	2241
134	2242
1	2243
1	2244
20	2245
25	2246
7	2247
54	2247
76	2248
49	2248
78	2248
0	2248
80	2249
105	2249
228	2250
229	2251
107	2252
1	2253
1	2254
22	2255
44	2256
25	2256
54	2256
0	2256
4	2257
51	2258
53	2259
188	2260
6	2260
70	2260
22	2260
20	2261
42	2262
6	2263
25	2264
0	2264
4	2265
110	2266
7	2267
91	2268
45	2268
121	2268
17	2269
54	2270
25	2271
52	2272
53	2272
7	2273
0	2273
43	2274
123	2275
64	2275
11	2276
155	2276
51	2277
113	2278
15	2279
6	2279
68	2280
90	2280
78	2281
0	2281
80	2282
74	2282
6	2283
114	2286
55	2287
156	2287
1	2287
25	2288
99	2289
6	2289
6	2290
10	2291
95	2291
15	2291
0	2291
44	2292
10	1933
74	2293
43	2294
87	2295
11	2296
40	2297
32	2298
4	2299
1	2299
1	2300
55	2301
0	2301
44	2302
14	2302
6	2303
17	2304
0	2304
1	2305
121	2306
58	2307
6	2307
23	2307
1	2308
32	2309
32	2310
21	2311
230	2312
43	2313
0	2313
43	1602
13	2314
32	2315
37	2316
54	2317
44	2318
7	2318
224	2319
67	2319
57	2320
20	2320
66	2321
83	2321
21	2321
46	1005
38	1005
62	2322
231	2323
43	2324
95	2325
232	2326
54	2327
6	2328
112	1279
51	1279
45	2329
15	2330
0	2330
3	2330
80	1686
56	1686
50	1686
12	1686
0	1686
55	2331
76	2331
0	2331
15	2332
6	2332
25	2333
105	2334
0	2335
25	2336
21	2337
15	2338
1	2338
7	2339
1	2339
89	2340
53	2341
68	2342
78	2342
0	2342
233	2344
17	2345
7	2346
6	2347
228	2349
14	2350
57	2351
62	2352
0	2352
1	2353
57	2354
135	2354
52	2354
37	2355
53	2356
119	2357
85	2358
234	2358
228	2358
2	2359
53	2360
15	2361
34	2361
44	2362
5	2362
1	2362
3	2362
83	2363
113	2364
137	2365
11	2365
134	2365
103	2365
35	2365
59	2366
17	2366
51	2367
17	2367
43	2369
1	2369
44	2370
68	2370
90	2370
17	2370
14	2370
208	767
235	767
32	2371
68	2372
17	2372
1	2372
83	2373
12	2373
1	2373
50	2374
25	2375
53	2376
12	2377
236	2377
4	2378
1	2379
13	2380
117	2381
45	2382
15	2382
237	2383
53	2384
25	2385
16	2385
41	2386
29	2387
51	2388
15	2388
6	2390
236	2391
24	2392
43	2393
21	2394
54	2395
43	2396
59	2397
29	2398
110	2399
27	2400
0	2401
6	2402
3	2402
14	2403
93	2404
0	2405
5	2405
16	2406
50	2407
0	2408
44	2409
32	2410
37	2411
55	2411
1	2411
66	2413
18	2413
124	2414
210	2415
83	2416
83	2417
25	2418
6	2419
110	2420
66	2421
81	2421
43	2422
9	2423
40	2424
38	2424
68	2424
46	2425
53	2426
54	2427
1	2428
59	2430
219	2430
33	2431
1	2431
15	2432
7	2433
0	2434
53	2434
21	2434
105	2435
24	2436
15	2436
0	2436
20	2436
67	2436
72	2437
83	2437
50	2438
37	2439
1	2439
38	2440
105	2441
83	2442
12	2442
66	2443
36	2443
6	2443
3	2443
99	2444
7	1032
132	2445
13	2445
54	2445
76	2445
117	2445
0	2445
17	2446
0	2446
44	2447
50	2448
17	2449
15	2450
6	2451
13	2452
53	2453
8	2454
68	2455
5	2455
20	2455
91	2456
80	2457
6	2457
4	2458
195	2459
55	2460
11	2460
49	2460
1	2460
17	2461
31	2462
238	2463
149	2464
6	2464
59	2465
64	2466
42	2467
43	2467
109	2467
104	2467
27	2467
35	2467
1	2468
6	2469
1	2469
91	2470
83	2471
14	2471
5	2471
21	2471
4	2472
24	2472
5	2472
11	2473
155	2473
7	2474
0	2474
109	2475
171	2475
27	2475
1	2476
60	2477
25	2478
0	2479
63	2480
36	2481
23	2482
111	2483
7	2484
170	2484
0	2484
9	2485
1	2486
43	2487
1	2487
80	2488
48	2488
9	2489
57	2490
125	2491
48	2492
68	2493
0	2493
21	2494
80	2495
168	2496
75	2497
1	2498
15	2499
52	2500
59	573
6	2501
50	2502
74	2503
6	2503
15	2504
25	2505
24	2506
95	2507
89	2508
83	2509
50	2510
23	2511
62	2512
239	2513
1	2515
123	2516
75	2517
75	2518
25	2519
15	2520
6	2521
0	2522
14	2523
104	2524
6	2524
1	2524
50	2525
37	2526
54	2527
6	2527
68	2528
177	2528
15	2528
78	2528
6	2528
21	2528
25	2529
7	2530
0	2530
91	2532
25	1240
139	2533
54	2534
6	2534
1	2535
53	2536
9	2537
1	2537
17	2538
15	2539
76	2540
15	2541
125	2542
91	2543
121	2543
53	2544
6	2545
43	2546
41	351
24	351
121	351
5	351
44	2547
109	2547
27	2547
1	2548
1	2549
36	2550
77	2550
0	2550
6	2550
1	2550
23	2550
0	2551
1	2551
76	2552
0	2552
1	2552
25	2554
42	2555
0	2555
20	2555
0	2556
15	2557
120	2557
80	2558
62	2559
82	2560
41	2560
107	2560
61	2561
1	2562
9	767
44	2563
54	2564
62	2565
41	2566
107	2566
31	2567
24	1787
154	2568
25	2570
15	2571
68	91
7	91
17	91
4	2572
8	2573
0	2573
15	2574
7	2575
104	2576
72	2577
109	2578
27	2578
91	2579
80	2580
43	2580
1	2581
117	2582
77	2415
33	2583
193	2584
54	2585
80	2586
43	2586
11	2586
17	2587
8	1961
36	2588
124	2589
12	2590
207	2590
22	2590
74	2591
159	2592
153	2593
59	2594
24	2595
15	2595
173	2596
1	2596
22	2596
110	2597
1	2598
53	2599
43	2600
83	2601
12	2601
0	2602
108	2603
6	2603
80	2604
43	2604
1	2605
30	2606
48	2607
80	2608
136	2609
62	2610
54	2611
53	2611
59	2612
74	2612
44	2613
17	2613
14	2613
1	2613
70	2614
240	2615
63	2616
36	2617
91	91
127	2618
61	2619
18	2619
94	2620
89	2621
6	2622
17	2623
55	2624
207	2624
57	2625
54	2625
51	2625
241	2625
132	2626
6	2627
7	2628
0	2628
74	2629
17	2630
242	2631
25	2632
14	2632
1	2632
6	2633
15	2634
48	2635
24	2635
1	2635
36	2636
6	2636
6	2637
9	2638
52	2639
53	2639
44	2640
9	2641
36	2642
191	2643
16	2644
109	2645
27	2645
109	2646
27	2646
6	2646
6	2647
18	2648
55	2649
7	2649
11	2649
17	2649
49	2649
0	2649
7	2650
4	2650
5	2650
62	2651
1	2651
66	2652
25	2653
176	2654
122	2655
50	2656
6	2657
41	2658
5	2658
36	2660
6	2661
117	2662
83	2663
127	2663
64	2664
100	2664
31	2665
52	2666
1	2667
66	2668
77	2668
0	2668
243	2668
1	2669
51	2670
15	2670
82	2671
0	2672
36	2673
37	2674
127	2674
3	2674
105	268
66	2675
93	464
24	2676
0	1855
48	2677
24	2677
15	2678
1	2678
70	2680
31	2680
76	2681
11	2681
0	2681
21	2681
95	2682
68	2682
5	2682
67	2683
24	2684
18	2684
6	2684
20	2684
88	2685
29	2686
44	2687
25	2688
53	2689
15	2690
127	2691
14	2692
1	2693
68	2694
7	2695
244	2696
134	2696
37	2697
1	2697
24	2699
15	2699
48	2701
43	2701
7	2702
16	2703
91	2704
44	2705
104	2706
0	2707
18	2708
48	2709
11	2709
155	2709
6	2710
66	2711
89	2712
25	2712
2	2712
24	2713
167	2714
91	2715
27	2716
6	2716
122	2717
29	2717
20	2717
115	2718
0	2719
21	2719
0	2720
89	2721
34	2722
17	2723
11	2724
146	2725
41	2726
43	2727
0	2727
44	2728
0	2729
111	2730
23	2730
125	2731
125	2732
245	2733
6	2734
109	2735
27	2735
29	2736
43	2737
1	2737
108	2738
6	2739
30	2740
17	2741
72	2742
64	2743
94	2744
9	2745
135	2746
17	2747
57	2748
6	2748
68	2749
17	2749
55	2750
7	2751
57	2752
7	2753
117	2754
17	2755
44	2756
68	2756
83	2757
43	2758
1	2759
49	2760
49	2761
21	2761
23	2762
53	2763
54	2764
11	2765
14	2765
155	2765
136	2766
114	2766
105	2767
46	2768
43	2768
22	2769
134	2770
11	2771
50	2772
41	2773
15	2773
121	2773
57	2774
63	2774
54	2774
11	2774
51	2774
12	2774
5	2775
66	2776
55	2777
66	2777
76	2777
17	2778
12	2778
89	2779
10	2780
62	2781
30	2781
53	2782
15	2783
0	2783
177	2784
36	2784
0	2785
1	2786
24	91
43	2787
53	2788
53	2789
48	2790
62	2791
50	2792
80	2793
48	2794
9	2795
1	2795
0	2796
48	2797
19	2797
15	2799
59	2800
193	2801
33	2802
110	2804
55	2805
104	2806
66	2807
123	2808
94	2808
7	2809
99	2809
7	2810
95	2811
0	2812
21	2812
55	1032
11	1032
59	1032
0	1032
6	1032
92	2813
74	2813
154	2814
97	2815
6	2816
6	2817
3	2818
12	2819
42	2820
36	2821
17	2822
19	2823
15	2823
66	2824
43	2824
59	2824
10	2825
11	2825
49	2825
40	2826
27	2827
58	2827
167	2828
135	2829
246	2829
52	2830
11	2831
1	2832
54	2833
117	2834
1	2835
41	2836
107	2836
200	2837
54	2838
123	2744
95	2839
50	2839
5	2839
54	2840
44	2841
43	2842
57	2843
53	2843
70	2843
14	2844
61	2845
29	2845
37	2846
1	2846
21	2846
35	2847
141	2848
104	2849
6	2849
1	2850
52	2851
54	2851
0	2852
85	2853
66	2853
41	2853
28	2853
24	2853
163	2853
15	2853
6	2853
77	2854
43	2856
48	2857
17	2857
1	2857
49	2858
124	1329
74	2859
56	2860
24	2861
127	1
52	2862
0	2864
45	2865
1	2866
7	2867
0	2867
1	2868
70	2868
111	2869
25	2870
80	2871
19	2871
159	2871
24	2872
15	2872
6	2873
77	2874
63	2875
66	2876
7	2876
24	2877
15	2877
18	2878
6	2879
54	2880
54	254
46	2881
24	2881
15	2881
54	2882
128	2883
1	2884
27	2885
7	2886
0	2886
124	2887
7	2888
43	2889
6	2890
153	2891
88	2891
0	2892
15	2893
7	2894
0	2894
112	2895
48	2896
1	2897
44	2898
175	2899
78	2900
80	2901
43	2902
107	2903
61	2904
38	2904
54	2904
11	2904
55	2905
1	2905
0	2906
1	2907
110	2908
76	2909
49	2909
78	2909
0	2909
0	2910
1	2911
217	2912
6	2912
37	2913
17	2913
1	2914
36	2915
128	2916
40	2917
38	2917
110	2918
68	2919
90	2919
129	2920
1	2921
41	2922
107	2922
15	2922
75	2923
36	2924
16	2925
6	2926
68	2927
44	2928
40	2929
44	2929
109	2929
68	2929
90	2929
24	2929
163	2929
15	2929
27	2929
6	2929
64	2930
15	2930
25	2931
181	2932
6	2933
43	2934
110	2934
138	2934
60	2935
36	2937
91	2938
52	2939
7	2939
68	2940
15	2940
120	2940
15	904
107	2941
247	2942
68	2943
117	2944
6	2944
70	2944
21	2944
18	2945
34	2946
51	2947
32	2947
17	2947
80	2948
19	2949
14	2950
58	2950
11	2951
155	2951
230	2952
94	2953
111	2955
109	2958
27	2958
104	2959
6	2959
61	2960
18	2960
6	2960
0	2962
17	2963
52	2964
117	2965
15	2966
6	2967
19	2968
178	2968
7	2969
0	2969
12	2970
200	2970
6	2971
15	2972
6	2972
184	2973
68	2974
0	2974
28	2975
17	2975
12	2975
83	2976
165	2978
46	2978
166	2978
6	2978
41	2979
104	2979
24	2979
54	2980
45	2981
68	2982
7	2982
0	2982
34	2983
1	2984
21	2985
4	2986
5	2986
21	2986
4	2987
59	2987
207	2987
17	2988
88	2989
37	2990
57	2990
82	2990
54	2990
70	2991
36	2992
56	2993
24	2993
66	2994
20	2995
165	2996
166	2996
6	2997
77	2998
9	2999
17	2999
1	3000
59	3001
24	3002
62	3003
99	3004
109	3005
27	3005
43	3006
66	3007
73	3008
7	3009
117	3010
24	3011
57	3012
52	3012
19	3012
54	3012
17	3012
37	3013
24	3013
33	3014
79	3015
37	3016
109	3016
9	3016
27	3016
1	3016
1	3017
54	3020
17	3021
53	3022
16	3023
85	3024
27	3024
20	3024
59	3025
75	3026
59	3027
53	3028
25	3029
6	3030
37	3031
9	3031
248	3032
14	3033
59	846
17	846
45	3034
45	3035
109	3036
27	3036
30	3036
14	2128
7	3037
6	3037
118	91
123	752
37	3038
1	3038
163	3040
6	3040
25	3041
59	3042
89	3043
16	3043
0	3043
6	3043
1	3043
4	3044
51	3044
33	3044
6	3045
112	3046
17	3046
36	3047
6	3048
7	3049
55	3050
123	3051
123	516
68	2160
12	2160
0	2160
129	2160
15	3053
1	3053
77	1553
14	3054
56	3055
1	3055
249	3056
36	3056
104	3057
24	3057
19	3058
142	3058
105	3059
6	3059
43	3060
109	3061
27	3061
123	3062
0	3063
49	3064
0	3064
46	3065
7	3065
32	3065
1	3065
0	2482
46	3066
17	3066
6	3066
6	3067
43	3068
0	3069
69	3070
2	3071
28	3072
12	3072
6	3072
17	3074
5	3075
15	3076
38	3077
40	3078
68	3079
63	3080
7	3080
62	509
1	3081
153	3082
24	3083
104	3084
6	3084
46	3085
43	3086
123	3087
64	3088
21	3088
1	3089
1	3090
177	3091
36	3091
37	3092
1	3092
109	3093
14	3093
27	3093
6	3093
20	3093
110	3094
81	3094
223	3095
109	3095
169	3095
27	3095
6	3095
44	3096
19	3097
68	3097
64	3097
142	3097
0	3097
58	3097
22	3097
250	3099
54	3100
1	3101
17	3102
61	3103
29	3103
0	3104
106	3105
66	3106
6	3106
48	3107
44	3108
83	3108
68	3108
45	3108
90	3108
14	3108
1	3108
28	3109
118	3109
0	3109
6	3110
1	3111
99	3112
29	3113
31	3114
35	3115
67	3115
52	1743
77	1743
6	1743
37	3116
78	18
17	3117
63	3118
109	3120
27	3120
70	3121
127	3122
12	3123
30	3124
138	3125
8	3126
17	3126
109	3127
27	3127
1	3128
64	3129
153	3129
36	3131
80	3132
43	3132
99	3133
50	3134
125	3135
117	3136
127	3137
85	3138
0	3138
1	3138
66	3139
6	3139
37	3140
43	3140
50	3141
117	3141
9	3142
15	3143
33	3144
217	3145
6	3145
15	3146
251	3146
1	3147
36	3148
197	3148
68	3149
36	3150
72	3151
12	3152
3	3152
7	3153
54	3153
17	3154
95	2660
57	3156
9	3158
37	3159
11	3159
21	3159
59	3160
54	3161
40	3162
14	3163
1	3164
7	3165
50	3166
57	3167
7	3168
15	3169
74	3170
4	3171
28	3172
0	3172
6	3172
104	3173
13	3174
0	3174
9	3175
6	3175
20	3175
59	3176
83	3177
68	3177
5	3177
150	3177
44	3178
44	3179
14	3179
25	3180
86	3181
62	3181
56	3182
21	3182
99	3183
1	3184
6	3185
177	3186
9	3187
121	3188
30	642
24	3189
15	3189
57	3190
37	3191
32	3192
1	3192
53	3193
21	3194
28	3195
17	3196
54	3197
7	3198
1	3198
74	3199
15	221
37	3200
1	3200
7	3202
50	3203
25	3204
81	3205
21	3205
32	3206
109	3207
15	3207
27	3207
1	3207
6	3208
128	3209
54	3210
123	1005
105	1005
6	1005
19	3211
83	3211
17	3211
24	3212
7	3213
253	3214
1	3215
6	3216
28	3217
105	2764
53	1743
52	3218
92	3218
77	3218
6	3218
53	3219
6	3220
3	3221
46	3222
6	3223
1	3224
60	3225
14	3226
1	3226
20	3226
68	3227
61	3228
16	3228
67	3228
63	3229
43	3229
1	3230
110	3231
22	3232
1	3233
6	3234
46	3235
7	3236
0	3238
1	3238
58	3239
55	3240
48	3240
9	3241
1	3241
91	18
121	18
37	3242
77	3243
105	3244
34	3245
15	3246
26	3247
28	3248
118	3248
6	3248
44	3249
81	3250
30	3250
48	3251
44	3252
80	3253
43	3253
15	3253
94	3254
1	3255
3	3255
105	3256
37	3257
1	3257
24	3259
11	3259
15	3259
6	3260
6	3262
17	3263
12	3263
19	3264
68	3264
142	3264
238	3264
67	3265
99	187
21	187
54	3266
43	3267
54	3268
53	3268
15	3269
62	3270
83	3271
17	3271
34	3272
32	3274
15	3274
28	3276
1	3277
15	3278
43	3279
58	3279
132	3280
54	3280
117	3280
1	3281
6	3282
27	3283
6	3283
54	3284
66	3285
6	3285
17	3286
12	3286
104	3289
94	3290
77	3291
80	3292
125	3292
68	3292
15	3292
12	3292
23	3292
74	3293
82	3294
24	3294
15	3294
1	3295
43	3296
45	3296
12	3296
43	3297
24	3298
103	3299
48	212
89	3300
240	3302
50	3302
48	3303
113	532
1	3304
43	3305
38	3305
99	3305
11	3305
59	3305
74	3305
0	3305
55	3306
11	3306
49	3306
0	3306
1	3306
1	1262
99	3307
25	3308
40	3309
25	3310
91	3311
45	3311
121	3311
109	3312
27	3312
104	3313
28	3314
118	3314
57	3315
105	3316
6	3316
59	3317
15	3319
254	3320
92	3321
25	3322
6	3323
0	3324
68	3325
77	3327
0	3327
1	3329
10	3330
91	3331
1	3331
78	3332
21	3332
43	3333
6	3333
54	3334
89	3336
55	3337
50	3337
6	3338
44	3339
75	3340
1	3340
8	3341
36	3342
68	3343
9	3343
252	3343
142	3343
254	3343
93	3343
24	3344
1	3344
54	1032
146	3345
6	3346
41	3347
24	3347
182	3347
1	3348
64	3349
6	3349
99	3350
6	3350
44	3351
6	3352
0	3353
11	3354
48	3355
17	3355
114	3356
60	922
181	922
15	922
1	922
99	3357
115	961
121	3358
1	3359
108	3360
195	3360
48	3361
68	3361
67	3361
54	3362
6	3363
19	2233
22	2233
116	3364
238	3364
1	3365
170	3366
159	3367
0	3367
1	3368
48	3369
125	3370
158	3370
79	3370
55	3371
24	3372
0	3372
42	3373
20	3373
50	3374
0	3375
57	3376
51	3376
21	3376
167	3377
146	3378
20	3379
68	3380
64	3380
100	3380
54	3381
44	3382
7	3382
14	3382
125	3383
2	3384
13	3385
50	3385
41	3386
182	3386
53	3387
66	3388
15	3389
34	3390
1	3391
0	3392
20	3393
29	3394
105	3395
6	3396
83	3397
24	3397
0	3397
6	3398
9	3399
6	3399
9	3400
68	3401
12	3401
80	3402
17	3402
11	3403
0	3403
255	3404
56	3405
24	3405
0	3405
28	3406
6	3406
1	3407
7	3408
99	3409
42	3410
133	3410
19	3410
58	3410
19	3411
20	3411
16	3412
41	3413
68	3413
12	3413
0	3413
55	3414
25	3415
7	3415
24	3415
15	3415
124	3415
6	3416
1	3417
1	3418
15	3419
6	3419
70	3419
14	3420
1	3420
21	3420
98	3422
146	3423
223	3424
6	3424
144	3425
54	3426
53	3427
111	3429
7	3430
18	3431
95	3432
181	3433
0	3434
15	3435
80	2488
15	2488
88	2488
11	3437
155	3437
77	3438
59	3439
11	3440
1	3440
13	3441
77	3442
83	3443
42	3444
85	3445
92	3446
37	3447
56	3447
1	3447
18	308
192	3448
7	3449
8	3450
0	3451
110	3452
55	3453
0	3453
43	3454
6	3455
28	3456
59	3457
6	3457
1	3458
236	3459
95	3460
195	3461
48	3462
11	3462
149	3463
1	3464
66	3465
59	3465
1	3466
1	3467
6	3468
110	3469
15	3470
108	3471
25	3472
35	3473
55	3474
1	3474
19	3477
21	3477
22	3477
199	3477
132	3478
117	3478
68	3479
0	3479
109	3480
27	3480
114	3480
177	3481
85	3482
78	3483
0	3483
41	3484
15	3484
5	3484
1	3485
63	3486
80	3487
49	3487
6	3488
15	3489
25	3490
23	3490
0	3491
1	3491
18	3492
30	3492
43	3493
82	3494
41	3494
11	3494
0	3494
155	3494
6	3494
1	3494
53	3494
32	3495
1	3495
4	3496
9	3496
223	3497
6	3497
9	3498
14	3498
117	3499
67	3500
43	3501
32	3503
154	3504
1	3505
15	3506
203	6
195	6
17	3507
0	3508
6	3509
15	3510
49	3510
170	3510
56	3512
24	3512
0	3513
44	3514
195	3514
1	3514
83	3515
51	3515
50	3515
154	3515
30	3516
0	3517
7	3518
0	3519
54	3520
57	3521
24	3522
6	3522
54	3523
53	3524
83	3525
9	3525
1	3525
45	3526
7	3526
1	3527
0	3528
37	3529
40	3529
66	3529
30	3529
104	3530
127	3530
6	3530
25	3531
15	3532
54	3533
9	3534
181	3535
14	3535
257	3536
17	3536
33	3536
125	3537
25	3537
7	3537
11	3537
0	3537
25	3538
9	3539
15	3539
105	3539
12	3539
74	3539
11	3540
0	3540
127	3541
9	2564
80	3542
83	3542
12	3542
44	3543
7	3543
97	3544
89	2775
66	3545
48	3546
11	3546
41	3547
24	3547
15	3547
81	3547
28	3548
163	3548
117	3548
6	3548
46	3549
26	3550
57	3551
64	3551
21	3551
25	3552
34	3523
30	3523
44	3553
21	3553
37	3173
80	3173
15	3554
17	3555
9	3558
195	3559
11	3560
17	3560
155	3560
116	3561
55	3561
1	3561
40	3562
24	3562
85	3563
104	3563
6	3563
29	2795
80	3564
7	3564
54	3565
57	3566
17	3566
78	3566
21	3566
67	3566
1	3567
15	3568
6	3568
89	3569
35	3570
93	3571
28	1993
30	1993
0	3572
14	3572
7	3573
0	3573
144	3574
6	3575
59	3576
89	3577
49	3578
48	521
9	521
1	521
53	521
53	3579
89	3580
80	3581
201	3581
43	3581
1	3582
67	1054
46	3583
83	3583
15	3583
5	3583
6	3584
52	3585
84	3585
84	3586
6	3587
50	3589
12	3590
0	3590
33	3592
50	3593
1	3595
117	3596
30	3598
21	3598
57	3599
51	2267
8	3600
46	3601
48	3602
7	3602
1	91
64	3603
32	3604
95	3605
20	3606
78	3607
0	3607
17	3608
36	3609
104	3610
99	3610
112	3611
57	3612
258	3613
1	3614
29	3615
32	3616
10	3617
11	3617
155	3617
23	803
36	3618
60	3619
42	2067
44	2067
21	2067
21	3620
37	3621
55	3621
24	3621
50	3621
183	841
46	3622
207	3623
15	3624
1	3625
75	3626
21	3627
107	3628
57	3629
49	3630
78	3630
42	3631
0	3632
0	923
55	3633
11	3633
12	3633
1	3633
218	3634
88	3634
54	1179
0	1179
53	3635
7	3636
54	3636
11	3638
60	3639
41	3639
68	3640
6	3641
44	64
141	64
6	3642
94	3643
1	3644
1	3645
9	3646
2	3647
11	3648
49	3648
0	3648
1	3648
62	3649
77	457
17	3650
49	3651
66	3652
66	3653
77	3654
1	3655
32	3657
76	3658
50	3658
32	3659
11	3661
0	3661
135	3662
25	3663
21	3665
14	3666
40	3667
48	3668
50	44
67	3669
37	3670
1	3671
25	3672
4	3673
59	3674
53	3675
70	3676
183	3677
116	158
104	3678
36	3678
42	3679
19	3679
37	3680
11	3680
17	3680
49	3680
78	3680
0	3680
1	3680
59	3681
53	3682
117	3683
23	3684
37	3685
206	3685
1	3685
22	3685
68	3686
15	3687
74	3688
113	3689
99	3690
12	3691
7	3692
20	3694
6	3695
46	3696
83	3696
17	3696
58	3696
5	3696
6	3697
99	3698
6	3698
80	3699
66	3699
107	3699
12	3699
21	3699
1	3700
1	3701
6	3702
34	3703
114	3704
55	3705
99	3705
0	3705
50	3706
9	3707
84	3708
15	3709
17	3710
78	3710
0	3710
21	3710
74	3711
181	3712
9	3712
45	3713
14	3713
66	3714
14	3715
48	3717
6	3718
123	3719
68	3720
90	3720
37	3721
15	3722
0	3722
89	841
41	3723
24	3723
15	3723
105	3723
70	3723
38	3724
1	3725
97	3726
37	3727
74	3728
0	3729
1	3730
85	3731
53	3732
132	3733
28	3734
25	3735
14	3735
54	3736
0	3736
48	3737
3	3738
58	3739
45	3740
23	3741
19	3742
7	3743
7	3744
0	3744
30	3745
230	3746
119	3747
76	3747
117	3747
60	3748
89	3749
7	3750
77	3751
6	3752
4	3753
36	3753
79	3753
5	3753
67	3753
29	3754
1	3755
41	3756
15	3756
121	3756
82	3758
66	3759
132	3760
125	3761
158	3761
12	3762
207	3762
22	3762
62	3763
89	3764
16	3764
14	2129
55	3765
48	3765
79	3765
0	3765
9	3766
24	3767
6	3767
1	3768
94	3769
17	3770
5	3770
41	3771
0	3772
48	3773
11	3773
42	3774
125	3775
158	3775
23	3776
4	3778
6	3779
9	3780
21	3781
25	3782
259	3783
25	3783
66	3784
6	3784
7	3785
44	3786
19	3786
96	3786
21	3786
13	3787
6	3788
38	3789
1	3790
50	3791
260	3793
68	3794
0	3794
5	3795
37	3796
1	3796
91	3797
43	3797
6	3798
55	3799
0	3799
1	2543
14	3800
81	3800
7	3801
0	3801
62	3802
80	562
33	3803
14	3803
17	3805
53	3806
37	3807
57	3807
52	3807
17	3807
24	3808
15	3808
6	3809
9	1177
154	3810
25	3811
1	3812
20	3813
48	3814
89	3815
1	3816
6	3817
53	3818
9	3819
127	3820
50	2503
1	3821
104	3822
7	3822
15	3822
6	3822
51	3823
12	3823
112	1806
54	1806
14	1806
1	3824
57	923
57	3825
7	3825
23	3826
58	3828
91	3829
25	3830
6	3831
6	3832
1	3833
8	3834
109	3835
27	3835
4	3836
55	3837
0	3837
31	3838
92	3839
11	3840
153	3840
30	3841
125	3842
98	3843
7	3844
54	3844
64	3845
1	3845
21	3845
54	3846
6	3848
1	3849
6	3850
54	3851
1	3851
43	3852
30	3853
54	3854
53	3854
105	685
6	685
6	3855
12	3856
117	641
65	3857
44	3858
104	3858
1	3858
51	3859
15	3859
17	3859
53	3860
1	3861
121	3862
54	3863
15	3864
44	3865
63	3866
28	3867
36	3867
19	3868
64	3868
7	3869
199	3870
11	3871
0	3871
44	3872
48	3873
24	3873
16	3875
110	3876
1	3877
109	3878
27	3878
53	3879
44	3880
7	3880
17	3880
9	3881
117	3882
15	3883
6	3883
37	3884
1	3884
49	3885
132	3886
21	3887
9	3888
34	3889
59	3890
44	3891
60	3892
41	3892
107	3892
99	3893
66	3894
25	3895
261	3896
68	3897
9	1329
37	3898
17	3899
105	3900
72	3902
7	3903
0	3903
44	3904
29	3904
73	3905
89	3906
113	3907
24	3908
10	3909
6	3910
0	3911
1	3912
54	3913
121	3913
37	3915
1	3915
19	3916
87	3916
20	3916
44	3917
72	3918
6	3919
1	3920
26	3921
9	3921
15	3922
17	3922
7	3923
1	3923
0	3924
49	3925
12	3925
0	3925
21	3925
3	3925
146	3926
38	3926
15	3926
121	3926
59	3927
104	3928
56	3929
21	3929
6	3930
54	3931
80	3932
43	3932
24	3933
15	3933
6	3934
127	3935
9	3936
31	3937
1	3938
9	3939
59	3940
52	3941
59	3941
6	3941
64	3942
73	3943
7	3944
40	3945
44	3947
7	3947
4	3947
24	3947
14	3947
5	3947
17	3948
58	3949
25	3950
89	3951
1	3952
74	3953
25	1191
0	3954
1	3954
1	3955
50	3956
37	3957
53	3958
67	3959
109	1554
27	1554
43	3960
0	3961
58	3961
42	3962
57	3962
112	3962
54	3962
8	257
132	3963
117	3963
99	3964
50	3965
1	3966
74	3967
36	3968
5	3969
35	3969
50	3970
25	3971
15	3972
1	3973
223	3974
6	3974
25	3975
53	3976
48	3978
7	3978
17	3979
15	3980
63	3981
53	3982
15	3983
50	3984
32	3985
24	3986
0	3986
79	3987
19	3988
45	3988
130	3989
41	3989
157	3989
0	3989
14	3990
7	3991
11	3991
1	3173
32	3992
37	3993
1	3993
76	3994
80	3995
24	3995
15	3995
36	3995
195	3995
3	3996
6	3997
44	3998
1	3998
0	3999
50	4000
61	4001
6	4002
68	4003
17	4003
80	4004
82	4005
27	4005
6	4005
117	231
30	4006
15	4007
117	4008
0	4009
1	4009
168	4010
36	4010
0	2436
24	4011
44	4012
36	4012
35	4012
95	4013
101	4013
104	4013
11	4014
159	4014
155	4014
121	4015
49	4016
40	4017
44	4017
37	4018
40	4018
68	4018
99	4018
262	4018
1	4018
127	4019
53	254
68	4020
33	4020
12	4020
1	4021
1	4022
7	4023
0	4023
43	4024
25	4026
50	4026
0	4026
1	4026
52	4027
17	4027
14	4027
53	4027
9	4028
15	4028
17	4028
1	4029
0	4030
15	4032
0	4033
14	4033
54	4034
7	4035
217	767
6	767
68	4036
0	4036
123	4037
9	4037
77	9
20	9
50	4038
36	4038
103	4038
20	4038
36	4039
7	4040
8	158
68	158
0	4041
6	4043
45	4044
64	4044
195	4044
9	464
54	4045
6	4046
15	4047
42	4048
11	4049
1	4049
21	4050
48	4051
80	4052
15	4052
6	4052
20	4053
22	4053
95	4054
123	4055
3	4056
0	4057
236	4057
23	4058
263	92
6	4059
32	4060
80	4061
50	4062
48	4063
1	4063
127	4064
68	4065
15	4065
78	4065
6	4065
72	4066
17	4066
99	4067
78	4067
83	4068
24	4068
11	4068
155	4068
1	4068
91	2516
34	4069
10	4070
113	4071
46	257
17	257
63	4072
54	3769
15	4073
7	4074
58	4075
0	4076
261	4077
43	521
67	4078
1	4079
54	4080
9	1991
15	4081
133	4082
103	4082
177	4083
101	4084
37	4086
1	4086
6	4087
7	4088
0	4088
104	4089
4	4089
24	4089
0	4089
5	4089
6	4089
44	4090
1	4090
68	4091
0	4091
48	4092
99	4093
117	4093
105	4094
11	4095
9	4098
37	4099
74	4100
181	4101
27	4102
92	4103
54	4104
24	4105
36	4106
15	4107
6	4107
74	4108
0	4109
48	4110
12	4111
1	4111
82	4112
19	4112
81	4112
20	4112
22	4112
128	4113
68	4114
90	4114
6	4115
48	4116
16	4116
9	4117
46	4118
17	4118
44	4119
50	4119
89	4120
73	4120
27	4121
36	4122
6	4122
61	4123
109	4123
24	4123
248	4123
74	4123
0	4123
27	4123
1	4123
36	4124
43	4125
44	4126
12	4126
1	4126
109	4127
27	4127
25	4128
68	4129
17	4129
264	4129
15	4130
6	4131
6	4132
15	4133
6	4134
76	4135
34	4136
77	4137
44	4138
37	4139
83	4140
17	4140
5	4140
40	4141
0	4141
89	4142
25	4142
17	4143
0	4143
104	4144
6	4144
6	4145
89	4146
8	33
125	4147
1	4148
54	4149
57	4150
45	4150
54	4151
123	4152
105	4153
1	4154
36	4155
89	4156
78	4157
9	1760
25	4158
43	4159
37	4160
68	4160
44	4161
68	4161
90	4161
42	4162
44	4162
17	4162
14	4162
43	4163
0	464
15	4165
6	4166
6	4167
14	4168
32	4169
42	4170
19	4170
142	4170
20	4170
68	4171
3	4171
32	4172
54	4173
7	4174
6	4175
6	4176
123	269
44	269
4	269
110	269
5	269
1	269
124	4177
91	4178
1	4179
160	4180
61	4181
29	4181
53	4182
0	4183
1	4183
54	4184
63	4185
108	4186
67	4187
109	4188
27	4188
80	4189
10	4189
11	4189
41	4190
107	4190
37	4191
9	4192
6	4193
28	4194
265	4196
15	4197
6	4197
37	2001
9	2001
1	2001
23	4198
15	4199
1	4199
117	4200
40	4201
41	4201
15	4201
34	4202
68	4203
266	4204
46	4204
7	4204
17	4204
1	4204
70	4205
0	4206
21	4207
7	1330
206	4208
59	4209
6	4209
12	4210
1	4210
40	4211
1	4212
117	4213
99	4214
41	4215
43	4215
121	4215
54	4216
15	4217
11	4218
155	4218
37	4219
68	4220
36	4221
37	4222
7	2224
11	2224
0	2224
57	4223
117	4223
94	4225
1	4227
55	4228
83	4229
112	4231
17	4231
44	4232
68	4232
90	4232
58	4232
5	4232
1	4232
3	4232
132	4233
76	4233
49	4233
0	4233
80	4234
9	4235
15	4235
23	3769
7	4236
17	4236
0	4236
70	4236
6	4237
13	4238
27	4239
7	4240
11	4240
0	4240
112	4241
6	3084
80	4242
171	4242
81	4242
22	4242
25	4243
29	4244
31	4245
15	4246
49	4247
29	4248
23	4248
9	4249
154	4250
66	4251
42	4252
19	4252
68	4252
82	4253
107	4253
15	4253
40	4254
21	4255
41	4256
15	4256
109	3615
68	3615
27	3615
5	3615
22	3615
6	4257
2	4258
12	4259
124	4260
60	4261
82	4261
12	4262
1	4264
238	4265
7	4266
27	4267
19	4268
22	4268
6	4269
55	4270
25	4270
76	4270
6	4270
50	2604
117	2604
256	2604
55	4272
11	4272
49	4272
0	4272
1	4272
22	4272
68	4273
9	4274
54	4275
13	4276
109	4276
27	4276
12	4277
22	4277
25	4278
107	4279
154	4280
37	4281
15	4281
1	4281
8	4282
12	4282
6	4282
25	4283
114	4284
68	4285
90	4285
6	4286
37	4287
1	4287
48	4288
109	4289
27	4289
24	4290
42	4291
25	4292
8	4293
16	4294
11	4295
44	4296
1	4296
267	4297
104	4298
99	4298
6	4298
83	4299
5	4299
129	4300
10	4301
78	4301
7	4302
0	4304
113	4304
32	4305
66	4306
32	4307
80	4308
68	4309
7	4310
28	4311
7	4312
44	4313
21	4313
268	4314
50	4315
112	4316
51	4316
61	2475
7	4317
52	4318
1	4319
89	4320
21	4321
106	4322
6	4322
62	4323
15	4324
6	4325
223	4326
6	4326
110	4327
6	4327
104	4328
24	4328
15	4328
6	4328
7	4329
4	4329
0	4329
6	4330
7	4331
6	158
116	4332
32	4333
6	4333
1	4333
127	4334
6	4335
77	4336
142	4337
150	4337
54	4338
63	3452
6	4339
0	4340
17	4341
78	4342
7	4343
6	4345
20	4345
22	4345
28	4346
1	4347
24	4348
15	4348
7	4349
17	4349
0	4349
97	4350
125	4350
209	4351
37	4352
12	4353
7	1329
54	4354
109	4356
27	4356
63	4357
68	4357
90	4357
0	4358
16	1662
36	4360
44	4361
141	4361
15	4362
80	4363
11	4363
6	4363
34	4364
99	124
21	124
10	4365
32	4365
128	4366
55	4367
79	4368
7	4370
11	4370
170	4370
1	4370
127	4371
260	4372
6	4373
23	4373
25	4374
16	4375
34	4376
83	4377
1	4377
68	4378
0	4378
0	4379
101	4380
64	4380
170	4380
238	4380
57	4381
1	4382
44	4383
66	4383
17	4383
17	158
4	4384
34	4385
77	4386
55	4387
28	4387
58	4387
72	841
183	4388
5	4389
57	4390
52	4390
11	4391
15	4391
155	4391
14	4392
269	4392
270	2536
111	4393
1	4394
15	4395
74	4395
4	4396
36	4397
51	4398
6	4399
54	4400
53	4400
223	4401
64	4401
6	4401
15	4402
154	4403
68	4404
0	4405
24	4406
15	4406
7	4407
54	4407
7	4408
80	4409
1	4409
83	4410
7	4410
76	4410
11	4410
84	4410
0	4410
66	4411
99	4411
62	4411
0	4412
54	4413
11	4414
49	4414
0	4414
117	4415
7	4416
0	4416
1	4416
146	4417
42	4418
9	4419
80	3854
1	4420
91	4421
15	4421
200	4422
67	4423
55	4424
24	4424
74	4424
0	4424
24	4425
0	4425
58	4425
6	4425
80	4426
59	4427
238	4429
271	4430
109	4430
27	4430
1	1213
2	4431
54	4432
15	4432
6	4433
80	4434
117	235
54	4435
11	4436
252	4436
14	4436
272	4437
6	4438
1	4439
41	4440
6	4441
55	4442
145	4443
15	1991
17	1991
132	4444
67	4444
9	4445
7	4446
0	4446
127	3125
59	4447
6	4449
112	4450
48	4451
54	187
1	4453
55	4454
0	4454
40	4455
25	4456
1	4457
75	4458
68	4459
17	4459
11	4460
155	4460
3	4462
82	4463
24	4463
107	4463
0	4464
83	4465
51	4465
125	4466
158	4466
121	4467
19	4468
24	4468
0	4468
148	4469
1	4470
42	4471
19	4471
142	4471
87	4471
0	4471
20	4471
127	4472
62	4473
35	4473
55	2415
15	4474
88	4474
31	4474
17	4475
117	4476
19	4477
53	4478
1	4479
68	4480
90	4480
0	4481
1	4481
7	4482
1	4483
49	4484
0	4484
76	4485
6	4485
32	4486
57	4487
124	4488
146	4490
24	4490
11	4490
1	4490
58	4491
35	4491
1	4492
125	464
158	464
36	4493
197	4493
15	4494
0	4494
99	4495
1	4495
1	4496
1	4497
63	4498
7	4498
51	4498
42	4499
25	4500
0	4501
67	4502
38	4503
104	4503
6	4503
0	4504
7	4505
67	4505
48	4507
177	4507
25	4508
15	1403
64	4509
6	4509
236	4510
32	4511
105	4511
15	4512
94	4513
173	4514
273	4514
1	4514
22	4514
21	4515
22	4516
9	4517
20	4518
43	4519
99	4519
123	4520
1	4521
91	4522
142	4523
30	4523
43	4524
44	4525
25	4526
133	4527
54	4528
101	4529
17	4530
74	4531
6	4532
171	4533
66	4534
104	4534
6	4534
1	4535
9	4536
1	4536
25	4537
5	4538
123	4152
68	4152
9	4152
29	4152
31	4152
6	4539
6	4540
83	4541
1	4541
71	4542
0	4542
1	4543
19	4544
32	4545
99	4546
78	4546
1	4546
0	4547
30	4548
9	4549
6	4550
46	4551
89	2639
9	4552
193	4553
7	4554
54	4555
117	4556
6	4556
6	4557
20	4558
247	4559
37	4560
66	4561
48	4561
15	4561
41	4562
25	1191
0	1191
37	4563
44	4563
61	4563
18	4563
32	4564
24	4565
107	4565
15	4565
16	4566
99	4567
30	4568
20	4569
99	646
9	646
7	4570
0	4570
15	4571
54	4572
80	4573
17	4573
15	302
6	4574
1	4575
82	4576
22	4576
36	4577
12	4577
19	4578
22	4578
57	4579
165	4580
46	4580
166	4580
6	4580
79	4581
58	4581
55	4582
37	4583
30	4584
124	18
260	4585
56	4585
24	4585
0	4585
1	4585
123	4586
0	4587
6	4588
83	4589
124	4590
25	4591
274	4592
69	4592
7	4592
9	4592
51	4592
17	4592
94	4592
275	4593
9	4595
1	4595
1	4596
15	4597
55	4598
1	4598
37	4599
43	4599
195	4599
43	4600
11	4601
0	4601
6	4602
17	4603
25	4604
36	4605
43	4606
71	4607
0	4607
103	4608
33	4609
103	147
6	147
41	4610
0	4611
1	4612
7	4613
0	4613
29	4614
154	4615
15	4616
0	4617
15	4618
0	4620
9	4621
124	4622
43	4623
104	4624
6	4624
24	4625
9	3724
77	4626
1	4627
113	4628
68	516
44	4629
1	4629
21	4629
63	4630
124	4631
10	4632
49	4632
6	4633
1	4633
9	4634
6	4634
22	4635
125	4636
54	4637
59	4638
149	4639
28	207
148	4640
15	4641
52	4643
7	4643
50	4644
44	4645
50	4645
68	4647
12	4647
58	4648
110	4649
70	4650
0	4651
21	4651
1	4652
127	4653
19	4654
1	4654
66	4655
15	4655
48	4656
0	4656
1	4656
15	4657
55	4658
78	4658
20	4658
1	4659
12	4660
200	4661
35	4662
24	4664
1	4664
41	4665
104	4665
15	4665
51	4666
27	4667
53	4667
127	715
2	4668
15	4669
55	4670
0	4670
1	4670
7	4671
127	1301
4	3290
22	3290
117	4672
78	4672
40	4673
55	4673
41	4673
24	4673
0	4673
6	4673
8	4674
181	4674
169	4674
9	4674
42	4675
128	4676
1	4677
66	4678
44	4679
68	4679
1	4680
131	4681
53	4682
23	4683
127	4684
216	4685
56	4686
49	4687
78	4687
53	4688
50	4689
99	4690
44	4691
20	4691
125	4692
255	4693
154	4694
25	4695
9	4696
95	4697
11	4697
0	4697
14	4697
83	4698
0	4698
5	4698
1	735
1	4699
17	4700
111	4700
6	4701
133	4702
122	4702
77	4703
13	4704
36	4704
67	4704
24	4705
15	4705
40	2265
17	4706
67	4707
276	2326
45	4708
21	4708
3	4708
59	4709
121	4710
28	4711
54	4711
24	4712
80	4713
189	4714
25	4715
7	4716
24	4716
0	4716
1	4716
1	4717
84	4718
0	4719
83	4720
7	3867
82	4721
1	4721
48	4722
9	4723
1	4723
109	4724
27	4724
80	4725
36	4725
59	4726
54	4727
54	4728
80	4729
56	4729
48	4729
144	4729
11	4729
78	4729
81	4729
73	4730
10	2657
12	2657
6	4731
43	4732
50	2271
9	4733
83	4735
44	4736
64	4737
25	4738
132	4739
119	4739
76	4739
107	4740
15	4740
74	4740
22	4740
17	4741
11	4742
0	4742
155	4742
1	4742
61	4743
37	4744
15	4744
6	4744
1	4744
33	4745
40	4746
11	4746
34	4746
80	994
43	994
44	4747
45	4747
99	4747
14	4747
21	4747
124	4748
7	4749
0	4750
1	4750
91	4751
36	4753
29	4753
27	4753
6	4753
67	4753
72	4754
12	3615
68	4755
90	4755
5	4756
260	4757
83	4758
15	4758
12	4758
1	4758
1	4759
52	4760
40	4761
66	4762
59	806
109	241
27	241
37	4763
80	4763
60	4764
104	4764
6	4764
7	4765
11	4766
6	4767
11	4768
49	4768
6	4768
25	4769
15	4769
16	4769
206	4769
68	4770
0	4770
59	821
30	4771
17	4772
78	4772
0	4772
15	4773
80	3795
216	3795
44	4774
80	4775
99	4775
88	4775
78	4775
1	4776
92	4777
24	4777
6	4777
60	4778
8	4779
7	4779
0	4779
263	4780
77	4781
1	4782
0	4783
7	4784
0	4784
1	4784
50	923
6	4785
20	4785
27	4786
1	4787
25	4788
25	4789
70	4790
124	4791
59	4792
1	4792
54	4793
222	4794
12	4795
124	4796
6	4797
36	4799
116	4800
19	4800
21	4800
95	4801
6	4801
25	4802
3	4802
50	4804
15	4805
1	4805
129	4805
54	4806
45	4807
13	4808
11	4810
146	4811
27	4811
147	4811
67	4812
28	4813
37	4814
17	4814
1	4814
7	4815
61	4816
109	4816
27	4816
24	4817
17	4817
0	4817
7	4818
80	4819
66	4820
49	4820
48	4823
0	4824
53	4824
154	4825
80	4826
28	4827
6	4828
19	4829
41	1403
40	4830
68	4830
4	4831
5	4831
0	4832
7	4833
0	4833
53	4834
15	4835
6	4835
76	4836
150	4838
19	4839
20	4839
31	4839
37	4840
1	4840
64	4841
36	4841
38	4842
7	4843
210	4844
48	4845
199	4845
17	4846
1	4848
95	4849
1	4849
17	4850
12	4850
32	4851
1	4852
16	4853
117	4854
54	4855
130	4856
7	4856
54	4857
54	4858
12	4860
252	4861
1	4862
125	4863
145	4863
37	4864
1	4864
14	4865
21	4865
103	4866
0	4867
63	4868
64	4869
28	4870
116	4871
40	4874
105	4874
6	4874
217	4875
6	4875
54	4876
67	4877
43	4878
11	4879
109	4880
27	4880
35	4880
123	4881
15	4882
31	4883
80	22
260	4884
44	4885
132	4886
1	4887
7	4889
0	4889
1	4890
6	4891
60	4892
7	4893
6	4893
25	4894
55	4895
0	4895
22	4895
66	4896
51	4896
0	4897
75	4898
103	4899
125	4900
7	4900
195	4901
22	4901
89	4902
110	4903
30	4904
0	4905
68	4906
83	4907
57	464
54	464
15	4908
95	4909
17	4910
14	4911
50	4297
17	4912
53	4912
277	4913
29	4914
136	4915
278	4916
188	4917
25	4918
68	4920
17	4920
1	4920
6	4921
27	1933
45	4922
99	4923
11	4923
171	4923
12	4924
105	4925
15	4926
7	4929
4	4929
59	4930
81	4930
1	4930
54	4931
15	4931
6	4931
53	4931
3	4931
1	4932
41	4933
15	4933
0	4934
24	4935
0	4935
89	1760
84	4936
107	4937
15	4937
0	4938
1	4939
25	4940
15	4940
132	4941
53	4941
1	906
95	4942
55	4943
0	4943
1	4943
11	4944
0	4944
80	4945
15	4946
0	4947
1	4948
19	4949
14	4949
0	4950
146	4951
87	4951
81	4951
60	4952
49	4954
78	4954
44	4955
24	4956
44	4957
68	4957
4	4957
17	4957
1	4957
21	4957
150	4959
72	4960
92	4961
32	4962
150	4963
15	4964
7	4965
3	4965
5	4966
54	4967
63	4968
6	4968
1	4970
4	4971
279	4972
199	4972
14	4973
24	4975
19	4976
15	4976
104	4328
24	4328
15	4328
15	4977
53	4978
113	4979
6	4980
6	4981
44	4982
6	4983
17	4984
15	4985
99	4986
1	4986
59	4987
59	4988
56	4989
154	4989
55	4990
83	4990
58	4990
130	4991
0	4992
36	4993
28	4994
70	4994
14	4995
54	4996
6	4997
89	4998
50	4999
19	5000
68	5000
90	5000
32	5001
171	5001
42	5002
171	5002
81	5002
144	5003
136	5003
104	4235
83	5004
12	5004
1	5004
163	5005
6	5005
32	5006
1	5007
9	5008
46	5009
11	5009
0	5009
155	5009
124	5010
0	5011
11	2503
0	5012
99	5013
191	5014
79	5016
8	5017
68	5017
0	5017
25	5018
37	5019
93	5020
6	2464
48	5021
7	5022
41	257
24	257
21	5023
24	5024
44	5025
14	5025
0	5026
1	5026
24	5027
37	5028
1	5028
80	5029
0	5029
89	187
41	5030
6	5031
76	5032
117	5032
57	5033
67	5033
9	5034
10	5035
117	5036
19	5038
12	5038
195	5038
20	5038
170	5039
0	5039
54	5040
1	5041
6	5042
27	5043
55	5044
84	5044
28	5045
15	5045
30	5045
48	5046
83	5046
7	5046
99	5046
76	5046
24	5046
11	5046
50	5046
36	5046
78	5046
0	5046
1	5046
21	5046
85	5047
29	5047
6	5047
6	2475
55	5049
1	5049
37	5050
1	5050
107	5051
22	5051
53	5052
4	5053
68	5054
24	5054
0	5054
160	5055
1	5056
88	5057
94	5057
19	646
42	5058
19	5058
68	5058
0	5058
20	5058
48	5059
11	5059
9	5060
23	5061
48	5062
44	5063
1	5064
21	5065
1	5066
17	231
78	231
24	1403
17	1403
1	1403
1	5067
1	5068
3	5068
56	5069
6	5070
103	5071
255	5072
4	5073
14	5073
1	5073
104	5074
15	5074
44	18
68	18
17	18
14	18
54	5075
0	5077
55	5078
11	5078
49	5078
0	5078
54	5079
6	5080
59	5081
15	5082
6	5082
69	5083
255	5084
1	5084
31	4152
31	5085
12	5087
6	5088
54	5090
154	5090
53	5091
110	5092
17	5093
1	5094
1	5095
68	5096
99	5096
0	5096
21	5096
54	5097
7	5098
22	5099
6	5100
3	5101
132	5102
57	5102
28	5102
54	5102
154	5102
6	5102
20	5102
150	5103
41	5105
15	5105
1	5105
99	5107
1	5108
33	5109
15	5110
9	5111
15	5111
6	5111
21	5111
82	5112
41	5112
104	5113
45	5114
89	5115
48	5117
28	5117
24	5117
17	5117
4	5118
9	187
17	187
1	5119
33	5120
134	5121
105	5122
108	5122
6	5122
89	2630
59	5123
11	5124
81	5124
64	4206
6	4206
21	4206
104	5125
1	5125
80	5126
44	5126
64	5126
15	5126
78	5126
21	5126
80	5127
1	5127
8	5128
48	1365
6	2279
17	5129
14	5129
15	5130
121	5130
1	5131
1	5132
92	5133
54	5134
74	5135
97	5136
125	5136
112	5136
24	5136
15	5136
75	5137
95	516
0	516
259	5138
25	5138
45	5138
12	5138
19	5139
99	5139
22	5139
8	5140
9	5140
26	4767
25	1662
2	1662
104	5141
29	5142
68	5143
0	5143
5	5143
9	5144
15	5145
1	5145
80	5146
66	5146
69	5146
89	5147
44	5147
107	5148
123	5149
50	5150
4	5151
78	5153
0	5153
4	5154
15	5155
7	5156
54	5156
241	5156
89	5157
188	5158
58	5158
50	5159
17	5161
1	5161
17	5162
78	5162
0	5162
14	5163
117	5164
121	5165
25	5166
16	5166
95	5167
8	1805
68	5168
15	5168
17	5168
22	5168
11	5169
91	5171
54	5172
125	573
60	5173
1	5173
115	5174
0	5175
58	5176
31	4415
7	5177
17	5177
7	5178
6	1365
68	5179
6	5179
13	5180
54	5180
6	5180
61	5181
5	5182
1	5182
251	5183
19	5184
142	5184
22	5184
18	5185
11	5186
49	5186
170	5187
12	5187
53	5188
9	5189
52	5190
1	5191
78	231
0	231
89	5192
25	5192
1	5193
44	5194
19	5194
45	5194
17	5194
87	5194
22	5194
57	5195
99	5196
24	5196
15	5196
70	5196
95	3309
74	5198
36	5200
99	5201
23	5202
1	5203
68	5204
264	5204
63	5205
92	5206
144	5206
4	5207
17	5208
5	5208
129	5208
17	5209
59	5210
17	5211
115	5212
43	5213
36	5214
123	5215
152	5215
8	5215
48	5215
109	5215
64	5215
36	5215
14	5215
27	5215
6	5215
21	5215
9	5216
57	5217
7	5218
15	5218
36	5219
88	5219
43	5220
1	5221
3	5222
0	5223
42	5224
87	5225
20	5225
17	5226
43	5227
89	5228
112	5229
36	2604
0	5230
3	5231
110	5232
29	5233
6	5233
1	5234
42	5235
57	5236
170	5237
79	5237
99	5238
76	5238
64	5238
4	5239
24	5240
15	5240
101	5241
6	5242
0	5243
7	5244
15	5244
49	5244
0	5245
117	5246
63	5247
75	5248
6	5249
15	5250
0	5250
36	5251
54	5252
85	5253
6	5253
12	5254
136	5255
6	5255
123	5256
6	5257
53	5258
1	5259
11	5260
6	5260
21	5260
123	5261
44	5261
59	5261
9	5261
15	5261
40	5262
17	5262
123	5263
57	5264
280	5264
53	992
55	5265
1	5265
36	5266
54	5267
6	5268
80	5269
89	5270
42	5271
6	5272
7	464
208	5273
28	5274
15	5274
26	3788
23	1032
15	5275
0	5275
17	5276
68	5277
90	5277
14	5277
7	5278
68	5279
49	5280
127	5282
83	5283
51	5283
17	5283
37	5284
43	5284
25	5284
15	5284
1	5284
1	5286
76	5287
124	5288
122	5289
50	5290
24	5291
6	5291
246	5292
7	5293
0	5293
16	5294
177	5295
44	5296
6	5296
58	5297
68	5298
209	5299
0	5299
48	5300
224	5300
16	5301
170	5302
55	5303
49	5303
12	5303
1	5303
112	5304
57	5305
5	5305
109	5306
27	5306
54	5307
8	5308
64	5309
28	5310
73	5311
57	5312
17	5312
53	5312
110	5313
40	922
1	922
6	5315
59	5316
112	5317
45	5318
101	5319
0	5320
6	5321
68	5322
12	5322
21	5322
46	5324
25	5325
181	5326
36	5326
0	5327
103	5328
0	5329
95	5330
99	5330
1	5330
65	5331
1	5332
1	5333
236	5333
199	5334
99	5335
53	5336
148	5337
117	5338
66	5339
1	5340
66	5341
68	5341
6	5342
24	5343
15	5343
91	5344
121	5344
72	5345
48	5346
114	5346
174	5347
6	5348
171	5349
50	5350
37	5351
180	5351
7	5352
84	5352
53	5352
109	5353
36	5353
103	5353
27	5353
31	5353
0	5354
6	5355
24	5356
15	5356
59	5358
1	5359
24	5360
230	1839
9	5362
42	5363
15	5364
1	5364
11	5365
14	5366
6	5367
7	5075
53	5075
66	5368
89	5370
86	5371
40	5372
103	5373
9	5374
1	5374
42	5375
20	5376
64	4078
67	4078
43	5378
24	5378
15	5378
6	5378
31	5378
19	5379
6	5380
36	5381
61	4684
32	5382
31	5383
43	5384
43	3577
1	5385
1	2795
0	5386
113	5386
44	5387
14	5387
1	5387
7	5388
24	5388
11	5388
15	5388
0	5388
67	5388
0	5389
136	5390
57	5391
67	5391
1	1737
17	5392
1	5393
7	4136
0	5394
68	5395
90	5395
217	5396
6	5396
17	5397
3	5397
1	5399
80	5401
12	5402
22	5402
78	5404
6	5404
54	5405
0	1277
80	5406
43	5406
56	5407
21	5407
148	5408
6	5409
43	5410
44	5411
217	5412
6	5412
0	5413
51	5414
104	5415
7	5416
17	5416
4	5417
165	5418
64	5418
166	5418
22	5418
0	5419
6	5419
109	5420
27	5420
17	5421
15	701
6	701
16	5422
43	5423
95	5423
123	5424
0	5425
5	5425
36	5426
68	5427
93	5428
1	5429
116	5430
45	5431
64	5431
15	5432
1	5433
10	5434
13	5434
111	4755
17	5435
23	5436
1	5437
51	5438
1	5439
6	5440
29	5441
0	5442
36	5443
115	5444
0	5445
4	5446
64	5446
0	5446
77	5447
104	5448
15	5448
195	5448
74	5449
6	5449
95	5450
99	5451
170	5452
1	5453
85	5454
66	5454
25	5455
105	5456
56	5457
1	5458
36	5459
0	5460
53	5461
36	5462
19	1329
150	1329
9	5463
2	187
6	5464
28	5465
92	5465
1	5466
1	5467
1	5468
16	5469
281	5470
70	5470
6	1509
1	5471
6	5472
149	5473
123	5474
12	5475
58	5475
116	5476
82	5476
1	5477
19	4250
83	4250
64	4250
136	5478
67	5478
23	1554
91	5479
37	5480
43	5480
1	5481
55	5482
1	5482
54	5483
61	5484
124	5485
6	5486
1	5487
41	5488
24	5488
15	5488
5	5488
112	5489
53	5490
21	5490
14	5491
1	5491
125	5492
0	5493
25	5261
54	5494
9	5495
0	5496
1	5497
9	5498
41	5499
78	5500
0	5500
8	930
80	5501
6	5502
15	5503
20	5503
3	5503
11	5504
7	5505
78	5505
0	5505
1	5505
56	5506
29	5507
27	5507
7	5508
0	5508
1	5508
36	91
0	5509
44	5511
83	5511
64	5511
1	5512
44	5513
1	5513
7	5514
24	5514
17	5514
95	5515
9	5516
0	5516
15	5517
66	5518
112	5518
17	5518
7	5519
17	5520
80	5521
51	5521
53	5522
105	5523
6	5523
15	5524
0	5525
1	5525
104	5526
6	5526
41	5527
107	5527
16	5528
12	5531
43	5532
19	5534
7	5535
54	5535
53	5535
7	5536
89	5537
146	5538
64	5538
1	4297
37	5540
51	464
17	464
24	5542
112	5543
77	5544
232	5545
17	5546
48	5547
42	5548
72	5549
0	5550
117	5551
53	5551
75	5552
65	5553
9	5554
112	2630
99	5555
15	5555
0	5555
19	5556
14	5556
20	5556
0	5557
54	5558
81	5559
42	1562
83	504
12	504
15	5560
6	5560
57	5561
283	5561
51	5561
37	1787
43	1787
117	5562
63	4516
43	5563
54	5564
12	5564
1	5564
123	5565
17	5566
72	5567
23	5568
7	1252
6	5569
40	5570
0	5571
6	5572
80	5573
111	18
6	18
77	5574
50	5575
48	5576
25	5577
37	5578
0	5579
6	5579
55	5580
0	5580
1	5580
28	5581
6	5582
244	5583
134	5583
109	5584
27	5584
6	5584
1	3867
6	5585
51	5586
64	5587
8	5588
1	1341
89	5589
25	5589
15	5590
1	5590
67	5591
24	5592
105	5592
28	1509
74	5593
15	5594
134	5595
35	5595
54	5596
154	5596
53	5596
54	641
15	2536
177	5598
25	5599
25	5600
78	5602
7	5603
54	5603
60	5604
37	5605
9	5605
1	5605
99	5606
76	5606
99	5607
33	5608
199	5609
6	5610
15	5611
37	5612
77	5613
95	5614
3	5614
46	5615
68	5615
188	5615
142	5615
0	5615
5	5615
129	5615
11	5616
49	5616
95	5617
54	5618
56	5619
99	5619
261	2680
15	5620
1	5621
125	5622
25	5622
76	3125
118	5623
15	5624
50	5624
216	1136
21	1136
18	5625
7	5626
54	5626
14	5628
66	5629
112	5629
51	5629
10	5630
11	5630
55	5631
50	5631
104	5632
7	5632
15	5632
110	5632
74	5632
6	5632
80	5633
44	5634
11	5635
6	1336
8	5636
0	5637
99	5638
64	5639
24	5640
83	1991
64	1991
6	5642
190	5643
95	5644
5	5645
17	5646
12	5646
7	5647
28	5648
0	5648
21	5648
11	5649
49	5649
0	5649
1	5649
17	5650
106	4152
123	4152
19	4152
68	4152
9	4152
29	4152
1	4152
94	4152
83	5651
5	5651
32	5652
1	5653
33	5654
77	5654
25	3373
83	382
5	382
199	382
9	5655
25	4146
0	5656
236	5656
76	5657
53	5658
1	888
103	5659
68	5202
90	5202
89	5660
42	5661
57	5661
37	5662
1	5663
54	5664
32	5665
1	5665
217	5666
103	5666
6	5666
22	5666
73	5667
16	5668
75	5669
109	5670
27	5670
6	5671
123	5672
41	5673
45	5673
104	5673
28	2475
17	2475
117	2475
256	2475
30	2475
70	2475
6	5674
6	5675
3	5675
23	5676
55	5677
76	5677
11	5677
0	5677
155	5677
1	5677
192	5678
19	5678
20	5678
6	5679
89	457
27	5680
6	5680
48	5681
10	5682
80	5683
69	5683
54	5683
11	5683
53	5683
136	5684
6	5684
8	5685
9	5685
68	5686
1	5687
127	5688
247	5689
15	5690
20	5691
6	5692
43	5693
62	5694
284	5695
23	5697
54	5698
80	5699
56	5699
66	5699
6	5700
8	1554
9	1554
43	5701
46	5702
55	5703
48	5703
7	5704
50	5705
56	5706
38	5706
11	5706
27	5706
57	5707
50	5707
12	5707
25	5708
54	5709
190	5710
103	5711
95	5713
8	5714
24	5715
27	5715
58	5715
11	5716
1	5716
0	5717
78	5718
109	5719
27	5719
4	5720
20	5721
6	5722
41	5723
5	5723
91	5724
15	5724
43	5725
43	5726
153	5726
94	5726
57	5727
1	5728
34	1032
1	1032
127	5729
16	5730
24	5731
1	5731
6	5732
67	5733
15	5734
46	5735
1	5735
0	5736
80	5737
43	5737
177	5737
48	5738
19	5738
50	5738
20	5738
25	5739
15	5740
55	5741
1	5741
57	5742
123	5743
24	5743
6	5744
25	5745
260	5746
124	5747
25	5748
43	5749
112	5750
54	5750
51	5750
14	5751
181	5752
165	5753
176	5753
68	5753
32	5753
12	5753
101	5754
1	5755
53	3662
54	5756
276	5756
15	5757
113	5758
95	5759
66	5760
83	5761
7	5761
1	5761
15	5762
7	5763
17	5764
65	5765
1	5765
123	5766
22	5767
112	5768
104	5769
68	5770
90	5770
170	5771
42	5772
87	5772
20	5772
15	5773
1	5773
54	5774
13	5775
6	5776
41	5777
15	5777
14	5777
64	5778
14	5779
21	5779
123	5780
34	5781
1	5781
1	5782
46	5783
78	5784
14	5785
1	5785
55	5786
58	5786
77	5787
4	5788
11	5788
123	464
36	5789
68	353
90	353
20	353
36	5790
16	5791
77	5792
127	5793
132	5794
132	5795
7	5796
6	5797
1	5798
55	219
77	219
1	5799
4	5800
5	5800
1	5800
68	5802
7	5802
54	5802
41	5803
45	5803
15	5803
195	5803
1	5804
81	5805
7	5806
16	5808
36	5809
19	464
150	464
0	5810
21	5810
13	5811
15	5812
184	5812
6	5812
32	5813
37	5814
1	5814
1	5815
53	5816
64	5817
238	5817
7	5818
104	5819
7	5819
62	5819
5	5819
6	5820
53	5821
6	5822
68	5823
66	5824
28	5824
7	5825
6	5825
109	5826
27	5826
6	5826
18	5827
54	5828
48	5829
44	5830
48	5830
4	5830
15	5830
17	5830
121	5830
5	5830
1	5831
49	5832
17	5834
20	5835
21	5835
193	5836
1	5837
5	5838
17	5839
17	5840
36	5841
14	5842
17	5843
42	5844
11	5845
78	5845
25	5846
74	5847
44	3996
0	3996
14	3996
21	3996
84	5848
21	5849
57	5850
66	5850
51	5850
6	5851
68	5852
109	5853
27	5853
127	5854
91	5855
15	5855
6	5855
1	5855
43	5856
177	5856
1	5857
11	5858
144	5859
41	5860
24	5860
107	5860
15	5860
157	5436
64	5861
25	5862
110	5862
23	5863
19	757
68	5864
24	5864
15	5864
114	5865
15	5866
1	5866
24	5868
15	5868
15	520
27	5870
30	5870
76	5871
41	5872
92	5873
117	5874
67	5874
51	5875
1	5875
0	5876
1	5877
21	5877
25	5878
33	5879
61	5880
18	5880
17	818
0	818
82	5881
68	5881
100	5881
14	5881
6	5881
31	5881
88	5882
53	5882
21	5882
15	5883
6	5884
53	5885
1	5886
1	5888
37	2355
1	2355
68	5889
15	5890
6	5891
95	5892
127	5893
105	5895
6	5895
55	5896
113	5897
61	5898
2	5899
123	5900
15	5901
110	5901
109	5902
68	5902
90	5902
27	5902
31	5904
18	5118
36	5905
62	5905
64	5906
30	5906
7	5907
0	5907
46	5908
48	5908
54	5908
0	5908
1	5908
53	5908
33	5909
5	5909
12	5910
109	5911
27	5911
6	5911
95	5912
5	5912
37	5913
44	5914
45	5914
1	5914
36	5915
72	5916
7	5917
53	5917
7	5918
88	5918
56	5919
117	5920
67	5921
67	5922
113	5923
116	5924
82	5924
45	5924
81	5924
34	5925
76	5926
11	5926
0	5926
1	5926
13	5928
1	5929
54	5930
44	2362
5	2362
1	2362
80	5931
48	5932
41	5932
4	5932
24	5932
5	5932
13	5933
44	5934
1	5936
109	5937
27	5937
17	5938
14	5938
43	5939
37	5940
55	5940
125	5940
17	5940
105	5941
6	5941
36	5942
197	5942
66	5943
19	5943
15	5945
48	5946
6	5947
99	5948
62	5948
263	5949
6	5951
74	5952
3	5952
17	5953
183	5953
83	5954
1	5954
22	5954
132	5955
84	5955
117	5955
1	5956
121	5957
11	1032
25	5958
16	4924
127	5959
1	5960
55	5961
1	5961
11	5962
177	5962
49	5962
78	5962
21	5962
36	5963
19	5964
41	5965
6	5965
43	5966
75	5967
50	5968
88	5968
20	5968
285	5969
15	5970
188	5971
129	5971
25	5972
16	5972
55	5973
7	5973
16	5974
80	2949
43	2949
104	2949
99	2949
11	2949
153	2949
77	2949
78	2949
55	5975
48	5975
16	5976
0	5976
6	5976
1	5976
55	5977
78	5977
0	5977
1	5977
144	5978
113	5979
15	5980
1	5981
236	5982
117	5983
89	5984
44	5985
44	5986
57	5986
24	5986
58	5986
6	5986
52	5987
111	1005
44	5988
80	5989
66	5989
68	5989
78	5990
28	5991
64	5991
50	5991
36	5991
100	5991
15	5992
53	1698
1	5995
6	5996
109	5997
27	5997
7	5998
173	5999
1	5999
23	6000
57	6001
51	6001
4	6002
68	6003
18	803
50	803
36	803
88	803
0	803
30	803
20	803
23	803
160	1787
154	6004
56	6006
41	6006
66	6007
99	6007
6	6007
70	6007
6	6008
117	6009
68	1595
110	6010
6	6011
68	6012
14	6012
133	6013
0	6013
193	6014
230	6014
113	6014
57	6015
51	6015
76	6016
117	6016
80	6017
63	6017
15	6017
66	6018
25	6020
132	6021
30	6022
1	6023
21	6024
85	6025
68	6025
90	6025
4	6025
17	6025
58	6025
5	6025
110	6026
59	6027
54	6028
7	6029
92	6030
104	6031
6	6031
48	6032
7	6032
0	6033
4	6034
13	6035
105	6036
11	6037
63	6038
5	6039
116	6040
37	5260
44	6041
48	6041
68	6041
17	6041
48	6042
109	6043
27	6043
17	6044
0	6044
41	6045
48	6046
109	6046
18	6046
27	6046
76	6047
77	6048
0	6048
115	6049
24	6050
0	2775
20	3083
67	6051
6	6052
17	6053
12	6053
6	6054
2	6055
286	6055
105	6057
6	6057
16	6058
87	6060
12	6061
68	6062
53	6063
24	6064
0	6065
7	6067
0	6067
123	6068
104	6068
14	6068
6	6068
34	6069
0	6070
14	6070
37	6071
1	6071
95	6072
6	6074
129	6075
186	6075
84	6076
53	6077
6	6078
1	6079
43	6080
19	6080
36	6080
87	6080
14	6080
58	6080
15	6081
33	6082
29	158
2	2630
67	6083
66	6084
99	6084
15	6085
9	6086
107	6087
6	6089
92	6091
92	6092
15	6092
43	6093
99	6093
17	6093
21	6093
25	6094
16	6095
30	803
255	91
1	91
57	6096
177	6096
15	6096
107	3088
17	6098
5	6098
63	6099
199	6101
15	6102
48	6103
1	6104
43	6105
37	6106
1	6106
44	6107
172	6107
99	6108
88	6108
115	6109
25	6110
60	4286
125	6111
158	6111
77	6112
128	6112
77	6113
6	6113
66	6114
43	6114
74	6114
81	6114
108	6115
6	6115
43	3828
53	6116
56	6117
15	6117
6	6117
223	1365
6	1365
15	6118
43	6119
45	6119
77	6121
80	6122
64	6123
9	6123
80	6124
63	6124
68	6125
25	6126
15	6127
124	6128
25	6129
117	945
107	6131
22	6131
62	2630
31	2630
57	6132
5	6133
1	6133
1	6134
83	6135
78	6136
7	6137
17	6137
80	6138
38	6139
108	6140
195	6140
44	6141
0	6141
116	6142
112	6143
17	6143
12	6143
6	6143
13	6144
64	6145
6	6145
55	6146
1	6146
13	6147
49	6148
0	6148
22	6148
15	6149
7	6150
15	6151
120	6151
0	6152
29	6153
6	6154
109	6155
24	6155
27	6155
6	6155
1	6155
3	6155
29	6156
52	6157
172	6157
117	6157
17	6158
170	6158
0	6158
64	6159
1	6160
109	6161
27	6161
43	6162
34	6163
15	6164
74	6164
6	6164
83	6165
52	6166
99	6167
14	6167
1	6167
124	6168
74	6169
4	6170
7	6171
8	1247
64	6172
67	6173
7	3474
49	3474
7	6174
54	6174
7	6175
0	6176
28	6177
103	6178
4	6180
5	6180
70	2868
25	6181
15	6182
25	6183
50	6184
7	6185
1	6186
55	6187
1	6187
82	6188
41	6188
92	6188
24	6188
107	6188
15	6188
2	6189
125	6190
117	6191
13	6192
7	6193
33	6194
75	1787
105	6195
37	6196
20	646
109	6198
62	6198
108	6198
27	6198
1	6198
207	6199
48	6200
17	6201
14	6201
3	6201
40	6202
76	6202
78	6202
0	6203
6	6204
6	6205
15	6206
9	6207
1	6207
185	6208
48	6209
85	6210
36	6211
164	6212
55	6213
1	6215
53	6216
6	6217
66	6218
172	6218
14	6219
68	6220
45	6221
142	6221
20	6221
117	6222
0	6223
55	6224
1	6224
88	6225
44	6226
59	6227
202	6228
12	6229
0	6229
43	6230
89	6231
10	6232
73	6233
17	6234
17	6235
0	6235
20	6235
123	6236
61	6237
19	6238
83	6238
29	6238
15	6239
1	6240
82	6241
54	6242
123	6243
9	6243
41	6244
61	6245
99	6245
21	6245
1	6246
181	6247
48	6248
99	6248
24	6248
15	6248
1	6248
33	6249
66	6250
57	6251
14	6252
124	6253
37	6254
1	6254
77	6255
71	6256
0	6256
15	6257
9	6258
44	6259
43	6259
68	6259
90	6259
99	6259
13	6260
85	6261
43	6262
7	6264
9	6264
17	6264
12	6264
57	6265
11	6266
1	6266
50	6268
0	6269
94	6269
53	6271
68	6272
11	6273
17	6273
68	6274
117	6274
11	6275
0	6275
175	6276
101	6276
15	6277
15	6278
1	6278
53	6278
35	6279
94	6280
22	6281
15	6282
15	6283
1	6283
24	6284
0	6284
6	6284
70	6284
0	6285
0	6286
21	6286
7	6287
85	6288
42	6289
150	6289
7	6290
63	6291
24	1032
15	1032
127	6292
108	6292
36	6293
197	6293
54	6294
9	6295
45	6296
108	6296
9	6297
1	6298
170	6299
103	1118
6	1118
37	6300
4	6300
1	6300
135	6303
78	6303
0	6304
0	3854
52	6305
7	6305
27	6306
36	6307
8	6308
11	6309
61	6310
45	6310
18	6310
27	6310
83	6311
32	6311
17	6311
170	6311
195	6311
160	6312
167	6313
124	6313
91	6314
70	6315
18	6316
30	6316
35	6316
132	6317
52	6317
7	6317
117	6317
194	6318
36	6319
31	6319
68	6320
90	6320
1	6320
25	6321
19	6322
142	6322
87	6322
21	6322
255	6323
95	6324
71	6325
0	6325
6	6326
143	6327
7	6328
15	6329
41	6330
15	6330
42	6331
62	6331
195	6331
6	6331
12	6332
44	6333
114	6333
54	6334
117	6334
15	3849
53	6335
17	6336
1	6336
1	6337
1	6338
25	752
24	6339
15	6339
68	6340
114	6341
20	6341
6	6342
1	6343
44	6344
31	6345
25	6346
42	1933
177	1933
35	1933
134	6348
83	6349
12	6349
9	6350
28	6351
0	6352
190	6353
6	6354
108	6355
136	6356
62	6356
15	6357
110	6357
53	6357
260	6358
21	6359
37	6360
15	6361
45	6362
20	6362
95	6363
83	6363
68	6363
50	6363
14	6363
5	6363
59	6364
85	6366
118	6366
23	6367
15	6368
1	6368
11	6369
12	6369
0	6369
33	6370
3	6370
95	6371
1	6373
211	6374
15	6375
36	6376
9	1662
1	1662
288	6377
9	6377
1	6377
289	6378
7	6379
170	6379
117	6379
130	2765
1	6380
148	6381
24	6381
15	6381
27	6381
150	6381
194	6382
52	6382
37	6383
14	6383
36	6384
68	6385
90	6385
170	6386
1	6387
6	6389
43	6390
109	6390
27	6390
6	6390
20	6390
6	6391
1	6393
189	6394
49	6395
123	6396
14	6397
3	6397
55	6398
49	6398
78	6398
0	6398
41	6399
5	6399
6	6399
75	6400
48	6401
55	6402
0	6402
67	6403
68	6404
14	6404
54	6405
30	6406
36	6407
7	6408
170	6408
117	6408
6	6409
43	6410
37	6411
132	6411
57	6411
7	6411
54	6411
136	6412
202	6413
15	6414
53	6415
83	6416
53	6417
99	6419
273	6419
61	6420
75	6421
8	6421
1	6421
1	6422
103	6423
89	6424
68	6426
90	6426
110	6427
74	6427
125	2213
6	6428
95	6429
6	6430
17	6431
106	6432
56	6433
88	6433
129	6433
7	6434
0	6434
60	6435
55	6437
3	6438
7	91
36	6440
0	6441
80	6442
68	6442
255	6443
43	6444
68	6444
36	5537
24	6445
6	6445
0	6446
1	6447
18	6448
43	6449
6	6450
43	6451
9	6452
1	6452
36	6453
54	6454
6	6455
25	6456
53	6458
1	6459
112	6460
0	6461
89	6462
43	6463
66	6464
59	6465
70	6466
44	6467
45	6467
15	6468
68	6469
6	6469
66	6470
63	6470
4	6470
64	6470
142	6470
67	6471
76	6472
63	6473
21	6474
54	6475
117	6475
109	6476
27	6476
186	6477
30	158
25	6478
79	6479
7	6480
88	6480
10	6481
36	6482
195	6482
40	6483
5	6483
19	6484
22	6484
48	6486
95	2559
7	1828
54	1828
15	1828
8	6487
290	6488
3	6489
232	6490
109	3178
27	3178
48	6491
113	6491
109	6492
15	6492
29	6492
27	6492
21	6492
1	6493
1	6494
15	6495
44	6496
25	6497
1	6498
125	6499
34	2122
80	872
2	6500
114	6502
24	6503
17	6503
36	6504
54	6505
0	6505
6	6506
9	6507
1	6507
33	6509
30	6510
25	6511
7	6511
11	6511
255	6512
117	6513
256	6513
0	6514
59	6515
17	6516
53	6517
18	6518
27	6518
36	6519
96	6520
36	6521
50	6522
0	6523
89	6524
99	6525
59	6525
37	6526
1	6526
15	6527
27	6528
42	6529
116	6529
36	6529
20	6529
59	6530
229	6531
68	6532
264	6532
181	6533
67	6534
291	6535
36	6535
17	6536
109	6537
27	6537
66	6538
15	6538
87	6539
1	6539
18	6540
9	6540
6	6540
0	6541
14	6541
6	6543
207	6544
55	6545
132	6546
117	6546
37	6547
57	6548
6	6550
53	6551
54	6552
59	6553
52	6554
7	6554
125	6555
68	6556
156	6556
1	6556
92	6557
6	6557
6	6558
0	6559
113	6560
25	6561
15	6562
52	6563
110	6564
29	6565
57	6566
53	6566
1	6567
1	6568
99	6569
142	6569
1	6569
56	6570
59	6571
9	6571
6	6571
32	6572
0	6573
80	6574
13	6575
50	6576
11	6577
50	6577
0	6577
46	6578
6	6578
1	6579
11	6513
84	6513
70	6513
67	6582
260	6583
8	2
9	2
17	2
0	2
68	6585
90	6585
292	6585
93	6585
1	6586
42	6587
20	6587
55	6588
55	2238
0	2238
20	2238
15	6589
22	6589
63	6590
49	6591
80	6592
43	6592
1	6593
21	6593
0	6594
34	6595
49	6596
25	6597
16	6598
19	6599
50	6600
0	6601
17	6602
280	6604
32	6604
1	6604
80	6605
66	6605
91	6606
78	6607
6	6608
94	6609
233	6610
14	6611
0	6612
64	6613
0	6613
130	6614
24	6615
41	6616
54	6617
32	6618
228	6619
25	6620
68	6621
90	6621
34	6621
103	6622
80	6623
9	6624
95	6625
48	6626
68	6627
6	6627
6	6628
29	6630
255	6631
15	6632
25	6633
183	6633
124	6634
49	6635
25	841
75	6636
186	6637
30	6638
7	6639
80	6640
0	6641
89	6642
54	6643
78	6643
0	6643
22	6643
13	1391
223	6644
6	6644
54	6647
6	6648
35	6649
21	6649
27	6650
127	6651
15	6652
50	6653
5	6653
117	6654
48	6655
24	6655
54	6656
60	6657
181	6658
60	6659
48	6660
24	6660
136	6660
210	6660
1	6661
0	6662
95	6663
57	6664
53	6664
279	6665
199	6665
17	6666
0	6666
6	6667
35	6668
0	6669
1	6669
1	6670
15	6671
6	6671
19	6672
59	6673
208	767
46	6674
7	6675
79	6676
10	6677
11	6677
49	6677
1	6678
45	6679
199	6679
109	6680
27	6680
72	6682
119	6682
24	6683
37	6684
4	6685
54	6686
4	6687
14	6687
1	6687
60	6688
41	6688
107	6688
22	6688
44	6689
11	6690
0	6690
19	6691
27	6691
1	6691
16	187
44	6692
14	6692
206	6692
160	6693
99	6694
15	6694
1	6694
63	6695
6	6696
25	6697
13	6698
50	6699
109	6700
27	6700
114	6700
91	6701
121	6701
26	6702
89	6703
1	6704
144	6705
66	6706
68	6707
37	6708
55	6708
0	6708
1	6708
22	6708
66	6709
68	6710
90	6710
15	6711
19	6712
195	6712
64	6713
15	6714
55	6715
29	6716
32	6717
0	6718
15	6719
68	6720
6	6721
66	6722
293	6723
200	6725
21	6726
80	6727
49	6727
7	6728
53	6728
54	6729
127	6730
42	6731
58	6731
0	6732
1	6733
92	6734
6	6735
24	6737
15	6737
17	6737
6	6738
17	1760
31	5198
91	6739
24	6739
15	6739
121	6739
72	6740
15	6741
80	4282
7	6742
112	6743
17	6744
43	6745
68	6745
1	6746
0	6747
53	6748
7	6749
83	6750
20	6750
6	6751
6	6752
14	6754
1	6754
15	6755
41	6756
7	6757
11	6757
28	6758
20	6759
21	6759
1	6760
59	3921
6	6761
54	6762
54	6763
24	6764
103	6766
57	6767
7	6767
51	6767
12	6767
25	6768
177	6769
99	6770
291	6771
36	6772
0	6773
68	1503
76	6775
85	6776
99	6777
15	6777
93	6777
109	6778
27	6778
15	6779
6	6779
99	6780
25	6781
16	6782
54	6783
93	6784
34	6785
1	6786
48	6787
1	6787
115	6788
127	6789
7	6790
294	6791
37	6793
99	6793
80	6794
43	6794
1	6795
0	6796
55	6797
43	6798
41	5269
24	5269
107	5269
15	5269
6	6799
52	3052
117	3052
55	6800
76	6800
58	6800
1	6800
54	6801
54	6802
6	6803
29	6804
62	6805
11	6806
252	6806
14	6806
55	6807
7	6807
78	6807
0	6807
14	6807
1	6807
17	6808
112	6809
123	6810
112	3136
16	6811
74	6812
7	6813
0	6813
124	6814
76	6815
0	6815
15	6816
68	6817
123	6818
80	6819
195	6820
83	6821
0	6821
5	6821
3	6821
109	6822
27	6822
6	6823
74	6824
77	1329
35	6825
50	6826
50	6827
36	6827
12	6827
0	6828
51	6829
12	6829
1	6829
21	6830
6	5198
1	6831
60	6832
91	6832
23	338
45	6833
24	6833
15	6833
6	6833
66	6834
0	6835
89	6836
15	6837
163	6838
105	6838
6	6838
42	6839
235	6840
1	6841
11	6842
51	6842
1	6843
91	6844
127	6845
30	6845
5	6846
9	6847
33	6847
15	6848
199	6849
67	6850
106	6851
0	6853
25	6854
70	6855
7	6856
115	6856
59	6857
6	6858
23	6858
48	3828
44	6859
24	6860
17	6860
260	6861
95	6862
41	6863
114	6864
132	6866
15	6867
3	3251
1	6868
72	2895
54	6869
15	6869
17	6869
12	6869
1	6869
63	6870
7	6871
0	6871
24	6872
15	6872
56	6873
199	6873
43	6874
80	6875
9	3849
17	6876
18	6877
50	6878
103	6879
18	6880
11	6881
55	6882
1	6883
165	6884
1	6884
199	6884
125	516
123	6885
6	6886
123	6887
9	6888
43	6889
176	6890
9	6891
54	6892
1	6893
25	6894
1	6895
80	6896
28	6897
17	6897
6	6897
61	6898
18	6898
150	6899
9	6900
8	6902
172	6902
9	6902
33	6902
170	6902
0	6902
12	6903
106	2
16	106
77	106
0	106
25	6904
37	6905
7	6906
17	6906
12	6906
51	6907
1	6908
1	6909
9	6910
1	6910
0	6911
99	6912
10	6913
54	6915
49	6915
77	6916
42	6917
19	6917
117	6918
57	6919
7	6920
76	6920
0	6920
5	6920
216	6921
1	6922
125	6923
158	6923
21	6924
6	6925
1	6925
53	6925
17	6926
85	6927
46	6928
0	6929
1	6930
77	6931
66	6932
51	6932
50	6932
0	6932
127	6933
124	6934
0	6935
63	6936
95	6936
68	6936
50	6936
14	6936
5	6936
7	3692
54	3692
64	6937
37	6939
22	6939
25	6940
169	6941
31	6941
54	6942
15	6942
25	18
0	6943
95	6944
85	6945
9	6946
123	6947
48	6948
0	6949
54	6950
1	6951
150	6952
6	6953
108	6954
87	6954
195	6954
54	6955
1	6957
57	6958
57	6959
117	1032
1	6960
80	6961
17	6961
95	6962
74	6962
66	6964
14	6965
48	6966
29	6966
10	6967
11	6967
118	91
6	91
98	6968
44	6969
206	6969
170	6970
113	6971
37	6972
15	6973
1	6974
19	6975
20	6975
7	6976
43	6977
6	6977
107	6978
15	6978
11	6979
0	6979
21	6979
24	6980
14	6980
7	6981
0	6981
9	6982
1	6983
15	6984
6	6984
70	6984
255	6985
9	6986
11	6987
49	6987
0	6987
1	6987
63	3927
85	6988
6	6988
1	6989
117	6990
55	6991
11	6991
49	6991
0	6991
1	6991
59	6992
1	6992
48	6993
1	6993
23	6994
1	6995
41	6997
28	6998
27	6999
11	7000
0	7000
155	7000
12	906
99	7001
82	7002
57	7003
54	7003
51	7003
30	7004
127	7005
2	7005
109	7006
27	7006
30	7006
15	7007
6	7007
99	7008
1	7008
1	7009
163	2279
6	2279
53	7010
52	7011
0	7012
99	7013
1	7013
64	7014
71	7015
0	7015
29	7016
33	7017
28	3124
6	3124
24	7019
11	7020
105	7020
155	7020
0	7021
31	7022
1	7023
124	7024
46	7025
1	7025
41	7026
24	7026
15	7026
41	7027
104	7027
66	7029
51	7029
14	7029
33	7030
80	7031
10	7031
24	7032
15	7032
57	7033
51	7033
17	7034
128	7035
15	7036
99	7037
6	7038
142	7039
195	7039
1	7040
123	7041
104	7042
6	7042
15	7043
7	7044
0	7044
0	7045
5	7045
50	7046
1	7047
109	7048
27	7048
6	7048
80	7049
66	7051
117	7052
6	7052
6	7053
125	7054
1	7055
25	7056
6	7057
117	7058
78	7058
1	7059
177	4083
0	4083
110	1170
80	7060
146	7061
1	7061
6	7062
6	7063
68	7064
1	7065
55	7066
6	7067
6	7068
43	7069
99	7069
24	7069
15	7069
195	7069
1	7069
54	7070
53	7071
7	7072
12	7073
7	7074
11	7074
0	7074
9	7075
54	7076
91	7077
7	7078
11	7078
104	7079
105	7079
64	7080
74	7081
1	7082
53	7083
8	7084
25	7085
25	7086
0	7087
56	7088
24	7088
37	7089
1	7090
6	7091
144	7092
80	7093
84	7093
19	7094
228	7094
20	7094
105	7095
48	7096
29	7097
49	7098
123	231
7	7099
17	5825
6	5825
6	7100
48	7101
42	7102
114	7103
223	7104
6	7104
6	208
135	2354
42	7106
19	7106
94	7107
6	7108
110	7109
45	7110
104	7110
17	7110
110	7110
55	7111
12	7111
1	7111
41	7112
44	7113
43	7114
17	257
0	257
132	7115
1	7115
83	100
98	100
68	7116
36	7117
59	7118
25	7119
68	7120
44	7121
45	7121
7	7121
33	7121
87	7121
14	7121
3	7121
99	7122
1	7123
295	7124
99	7125
0	7126
78	7127
17	7128
94	7129
41	7130
15	7130
11	7131
1	7132
117	7031
25	7133
61	7134
18	7134
54	7135
11	7136
216	7137
1	7137
15	7138
6	7139
149	7141
67	7141
55	7143
0	7143
1	7143
67	7144
6	7145
1	7146
1	7147
59	1933
136	7148
193	7149
25	7150
103	3088
44	7151
14	7151
15	7152
105	7152
6	7152
127	7153
1	7154
68	7155
115	7156
117	7156
57	7157
3	7157
1	7158
107	7159
44	5901
37	7160
43	7160
53	7161
1	7162
80	7163
43	7163
1	7163
109	7164
27	7164
20	7165
44	7166
142	7166
80	7167
52	1111
183	1111
0	7169
64	7170
18	7170
9	7170
62	7170
204	7171
0	7171
109	7172
27	7172
6	7173
57	7175
13	7175
244	7176
134	7176
64	685
9	7177
19	7178
142	7178
33	5524
6	7179
50	7180
1	7181
52	7182
16	7182
1	7183
99	7184
44	7185
25	7185
45	7185
11	7185
95	790
76	790
17	790
58	790
6	7186
57	7187
110	4312
14	4312
1	7188
80	7189
37	7190
57	7190
51	7190
6	7190
52	7191
109	7192
27	7192
32	7193
9	7194
149	7195
25	7196
15	1005
37	7197
1	7198
23	7199
199	7200
107	1361
16	7201
66	7202
123	7203
127	7203
43	7204
49	7205
53	7206
124	7207
44	7208
135	7209
0	7209
116	7210
6	7210
9	7211
28	7212
6	7213
208	3178
284	3178
207	7214
68	7215
80	7216
42	7217
20	7217
20	7218
44	7219
6	7219
11	7220
155	7220
35	7221
15	7222
135	7223
37	7224
0	7225
80	7226
36	7226
104	7227
48	7228
55	7230
46	7231
17	7231
52	7232
6	7233
29	7234
37	7235
66	7236
7	7236
15	7236
17	7236
0	7236
6	7236
1	7236
21	7236
77	7237
57	7238
117	7238
111	7238
30	7239
6	7239
117	7240
80	7241
76	7242
11	7242
0	7242
48	7243
17	7244
12	7244
9	7245
261	7246
6	7247
6	7248
36	7249
31	7250
29	7251
31	5905
6	7252
6	7254
14	7255
66	7256
76	7257
44	7258
12	7258
1	7258
83	7259
0	7259
14	7260
66	7261
7	7261
15	7262
22	7262
43	7263
54	7264
118	7265
50	7267
1	7268
37	7269
160	22
6	7270
57	7271
112	7271
51	7271
49	7271
44	7272
20	7272
135	7273
37	7275
132	7275
21	7275
67	7275
37	7276
54	7276
130	7277
1	7278
99	7279
238	7280
5	7281
54	7282
123	7283
56	7284
1	7285
7	7286
0	7286
104	7287
8	7288
25	7289
1	7290
50	7291
6	7293
170	7294
15	7295
1	7296
8	2
1	7297
15	7298
1	7299
41	7300
15	7300
6	7300
1	7300
53	7300
67	7300
1	7301
124	7302
2	7303
0	7304
106	7305
43	7306
15	7307
19	7308
123	7309
80	7310
17	7311
107	7312
1	7313
1	7314
54	7315
6	7316
44	7317
6	7318
25	7319
55	7320
1	7320
43	7321
0	7321
23	7321
80	7322
1	7322
36	7323
12	7323
21	7323
52	7324
53	7324
95	7325
0	7325
6	7325
22	7325
7	7326
0	7326
55	7327
66	7327
15	7327
0	7327
16	7105
53	7105
64	7328
47	7329
83	7330
0	7330
5	7330
29	7331
104	7332
0	7333
123	7334
1	7335
91	7336
82	7337
6	7338
24	3279
15	3279
1	3279
11	7339
0	7339
155	7339
1	7339
7	7340
0	7340
1	7340
1	7341
1	7342
57	7343
12	7343
0	7343
55	7344
32	7344
78	7344
0	7344
246	7344
1	7345
75	7346
191	7346
165	7346
274	7346
184	7346
15	7347
43	7348
6	7348
24	7349
15	7350
17	7350
6	7350
48	7351
54	7352
17	7353
132	7354
66	7354
112	7354
18	7354
17	7354
3	7354
7	7355
53	7356
68	7357
104	7358
6	7358
24	7359
57	7360
17	7360
0	7361
112	7362
17	7363
42	7364
0	7365
113	7366
104	7367
6	7368
1	7369
54	7370
7	7371
11	7371
0	7371
44	7372
68	7372
17	7372
14	7372
25	7373
104	7374
6	7374
103	7375
68	7376
17	7376
14	7376
8	7377
23	4415
31	7378
68	7379
53	7380
224	7381
73	1553
177	5882
82	7382
132	7354
112	7354
18	7354
111	7354
6	7354
3	7354
194	7383
54	7383
296	7386
66	7387
11	7387
136	7388
6	7389
41	7390
107	7390
60	7391
19	7392
20	7392
99	7393
255	7393
7	7394
1	7394
297	994
1	7395
48	7396
24	7396
136	7396
0	7396
210	7396
99	7397
15	7397
48	7398
260	7399
186	7399
78	923
37	7400
1	7400
61	7401
11	7402
0	7403
1	7403
1	1635
22	1635
54	7404
54	5345
117	5345
6	7405
49	7406
12	7406
38	7407
1	7408
0	7409
17	7410
260	7411
99	7412
24	7412
1	7412
40	7413
1	7414
0	7415
195	7416
6	7417
22	7419
124	7420
136	7421
132	7422
15	7423
54	124
68	7424
11	7424
25	7425
18	7426
127	7427
55	7428
146	7428
49	7428
78	7428
0	7428
1	7428
21	7428
100	7429
78	7429
292	7429
11	7430
0	7430
1	7431
82	7432
136	7433
42	7434
20	7434
109	7435
27	7435
80	7436
99	7436
1	7436
17	7437
3	7438
0	7439
25	7440
50	7440
67	7440
73	7442
6	7443
105	7444
3	7445
0	7446
193	7447
55	7447
88	7447
124	7448
54	7449
11	7450
83	7451
25	7452
24	7453
15	7453
61	158
18	158
57	7454
6	7455
44	7456
57	7456
172	923
18	7457
6	7458
132	7459
74	7460
40	7461
15	7461
0	7461
163	7462
6	7462
31	7462
44	7463
29	7463
99	7464
62	7464
20	7465
66	7466
0	7466
37	7467
69	7467
61	7468
46	7469
9	7469
236	7469
207	7470
64	7471
123	7472
208	3615
235	3615
0	7473
1	7474
68	7154
142	7475
87	7475
58	7475
42	7476
52	7476
19	7476
142	7476
6	7477
54	7478
6	7479
66	7480
36	7480
4	7481
5	7481
25	7482
31	7483
37	7484
43	7484
25	7485
1	7486
36	7487
53	7488
6	7489
24	7490
43	7491
15	7491
44	7492
104	7492
6	7492
80	7494
15	7494
165	7495
83	7495
68	7495
166	7495
5	7495
129	7495
117	7496
4	1123
64	7497
1	7210
32	7498
80	7499
160	7500
68	7500
77	7500
1	7501
60	7502
15	7502
95	7503
8	7504
20	7505
21	7505
181	7506
9	7506
1	7506
246	7506
199	7506
51	7507
17	7507
40	7508
36	1391
9	7509
0	7510
193	7511
50	91
4	7513
37	7514
43	7514
6	7515
53	4184
63	7516
6	7516
28	7517
16	7518
6	7519
7	7520
123	7521
37	7522
6	7523
16	5438
36	7524
17	7526
12	7526
9	7527
77	2508
36	6827
82	7528
19	7528
8	7529
60	7530
83	7532
17	7532
42	7533
135	7533
292	7533
40	7534
68	7534
42	7535
150	7535
95	7536
54	7537
1	7539
67	7540
54	7541
1	7542
9	4263
25	7543
78	7544
57	7545
72	7546
298	7547
108	767
6	767
15	7548
6	7549
34	7550
88	7550
95	7551
1	7551
14	7553
7	7554
136	7555
80	7556
104	7556
105	7556
25	7557
48	7558
54	7559
54	7560
80	7561
13	7562
15	7563
11	7564
0	7564
155	7564
89	7565
43	7566
144	7566
21	7566
29	7567
6	7568
1	7569
68	7570
0	7570
1	7570
148	7571
146	7571
13	7571
221	7571
117	7571
147	7571
15	1032
6	7572
38	7573
121	7574
0	7574
21	7575
112	3178
28	7576
68	7576
25	7577
54	7578
20	7579
63	1005
112	1005
59	7580
15	7581
9	7582
36	7583
12	7583
21	7583
80	7584
279	7584
36	7584
0	7584
109	7585
149	7585
27	7585
22	7587
8	364
124	7588
11	7589
49	7589
56	7590
45	7590
22	7590
117	7591
117	7592
95	7593
111	7594
130	7595
146	7595
280	7595
68	7595
7	7595
11	7595
49	7595
1	7596
66	7597
54	7597
87	7598
195	7598
20	7598
27	7599
109	7600
27	7600
132	7601
117	7601
11	7602
78	7602
0	7602
13	7603
36	7604
54	7605
6	7606
66	7607
63	7607
21	7609
15	7610
21	7611
156	7612
1	7612
55	7613
0	7613
132	7614
132	7615
54	7615
117	7615
11	7616
138	7616
13	7617
48	7618
36	7619
27	7620
1	7621
57	7622
53	7622
83	7623
6	803
95	7626
14	7626
109	7627
27	7627
25	7628
92	7629
125	7630
158	7630
95	7631
17	7631
37	7632
66	7632
15	7632
120	7632
110	7632
99	7633
44	4050
21	4050
75	7635
51	7636
9	7637
60	7638
28	7638
15	7639
14	7640
42	7641
83	7641
50	7641
0	7641
5	7641
0	7642
53	7643
61	7644
54	7645
15	7646
199	7646
56	7647
11	7647
99	7648
14	7649
48	7650
61	7651
18	7651
54	7652
117	7653
157	7654
49	7654
7	7655
15	7655
0	7655
80	7656
9	7657
17	7657
37	7658
95	7658
14	7658
56	637
99	637
1	7659
43	7660
80	7661
17	2614
136	7662
13	7663
43	7664
34	7664
36	7665
11	7666
155	7666
20	7666
22	7666
0	7667
4	7668
150	7669
109	7670
27	7670
54	7671
15	7671
8	6810
99	7672
59	7672
25	7673
255	7674
78	7675
21	7675
63	7676
54	7677
6	7677
6	7678
115	7680
6	7681
50	7682
4	5149
17	5149
5	5149
17	7683
43	7684
1	7684
109	100
27	100
47	7685
32	7686
85	7687
11	7688
99	7689
8	7690
83	7690
68	7690
17	7690
14	7690
1	7690
9	7691
53	7692
68	7693
37	7694
0	7694
50	7695
50	7696
44	7697
48	7697
83	7697
68	7697
90	7697
14	7697
52	7698
57	7699
132	7700
117	7700
48	7701
5	7702
6	7703
19	7704
64	7705
15	7706
1	7706
132	7707
117	7707
16	7708
1	7709
6	7710
114	7711
104	7712
105	7712
54	7713
7	7714
1	7714
68	7715
17	7715
195	7716
6	7717
40	7718
9	7719
1	7720
99	7721
25	7722
9	7722
36	7722
6	7722
1	7722
79	7723
15	7724
6	7724
1	7724
255	7725
44	7726
18	4152
6	7728
4	7729
9	7729
15	7730
1	7731
66	7732
68	7733
90	7733
15	7733
0	7733
3	7733
110	7734
74	7734
37	7735
1	7735
59	7597
17	7597
0	3052
54	7736
53	7737
54	7738
124	7739
43	7740
68	7741
53	7742
148	7743
14	7744
68	7745
109	7746
27	7746
127	22
125	7747
99	7748
23	7749
30	457
73	7750
43	7751
32	7751
56	7752
104	7753
9	158
7	7754
4	7754
5	7754
172	7755
10	7756
66	7756
38	7756
104	7756
11	7756
49	7756
134	7756
0	7756
32	7757
123	7758
9	7758
1	7758
5	7759
6	7759
1	7759
20	7759
1	7760
69	7761
30	7762
114	7763
15	7764
23	841
43	7766
1	7766
1	7767
45	7768
14	7768
6	7768
54	7769
7	7770
14	7770
54	7771
17	7772
117	7772
80	7773
12	7773
20	7774
54	7775
53	7775
53	7776
113	7777
0	7778
42	7779
0	7780
43	7781
99	7781
24	7781
15	7781
195	7781
1	7781
70	7782
57	7783
99	7784
15	7785
105	7786
108	7786
6	7786
8	7787
24	7788
15	7788
17	7788
1	7788
45	7789
35	7789
48	7790
104	7790
76	7790
27	401
41	7791
48	7792
299	7792
1	7793
97	7794
6	7795
68	7796
15	7797
74	7797
124	7798
6	7799
7	7800
14	7800
6	7801
107	7802
48	7803
68	7803
90	7803
7	7804
0	7804
59	7805
0	7805
202	7806
52	7807
7	7807
117	7807
0	7808
109	7809
149	7809
27	7809
9	7810
1	7810
52	2775
76	7811
27	7812
37	464
44	464
61	464
18	464
3	7813
15	7814
33	7815
11	7816
0	7816
155	7816
6	7817
24	7818
6	7818
20	7818
15	1082
1	1082
300	7819
78	7820
68	7821
0	7822
6	7823
109	7824
59	7824
27	7824
15	7825
256	7826
1	7827
62	1602
9	1553
1	7828
68	7829
5	7829
1	7830
80	7831
17	7831
12	7831
37	7832
17	7832
1	7832
35	7833
44	7834
48	7835
89	4187
55	7836
194	7836
11	7836
17	7836
0	7836
1	7836
83	7837
12	7837
95	7838
6	7838
25	7839
76	7839
14	7839
1	7839
55	7840
38	7840
11	7840
61	7841
115	7841
18	7841
117	7841
6	7841
54	7842
36	767
55	7843
48	7843
7	7843
0	7843
6	7844
6	7845
23	7846
109	7847
27	7847
68	7848
173	7849
0	7849
246	7849
25	7850
110	7850
74	7850
0	7850
6	7850
1	7850
60	7851
24	7851
36	7852
23	7853
33	7854
123	7855
193	18
83	7856
6	7856
21	7856
53	7857
44	7858
3	7858
132	7859
117	7859
14	7860
37	7861
57	7861
80	7862
41	7863
24	7863
121	7863
5	7863
25	7864
109	7865
103	7865
27	7865
6	7865
1	7866
9	7868
37	7870
109	7871
27	7871
37	7872
45	7872
6	7872
1	7872
52	7873
123	7874
61	7874
9	7874
29	7874
94	7874
55	7875
6	7875
1	7875
51	7876
17	7876
25	7877
83	7878
109	7878
77	7878
27	7878
60	7879
11	7879
112	1554
80	401
21	401
89	7880
53	7881
54	7882
25	7883
117	7884
6	7884
67	7885
0	7886
95	7887
54	7888
230	7889
85	7890
146	7891
118	7891
12	7892
1	7892
12	7893
54	7894
53	7894
11	7895
42	7897
57	7897
83	7897
3	7897
44	7898
48	7898
1	7898
70	7898
78	7899
13	7900
118	7901
70	7901
68	7902
17	7902
51	206
3	206
106	7903
31	7903
1	7904
24	7905
6	7905
20	7905
19	7907
181	7907
11	7907
22	7907
36	6170
28	7872
36	3701
6	3701
6	7908
80	7909
63	7909
49	7909
54	7910
15	7910
1	7911
6	7912
54	7913
0	7914
1	7914
5	7915
13	7916
36	7917
33	7918
20	7920
6	7921
30	1581
117	7922
9	7923
32	7923
1	7923
15	7924
56	5708
76	5708
62	5708
21	5708
83	7925
37	7926
1	7926
24	7927
15	7927
171	7927
122	7928
76	7929
79	7930
15	7931
34	7932
57	7933
24	7933
88	7933
14	7933
21	7934
23	7935
37	7936
1	7936
13	7937
38	7938
0	7938
53	7939
217	7940
6	7940
11	7941
54	7105
117	7105
32	7943
0	7944
57	7945
15	7945
53	7945
4	7946
5	7946
3	7946
99	7947
64	7948
123	7949
29	7949
94	7949
31	7949
7	7950
17	7950
44	7951
6	7951
21	7951
1	7952
1	7953
7	7954
68	7956
45	7956
90	7956
107	7956
12	7956
1	7957
24	7958
11	7958
15	7958
155	7958
66	7960
15	7960
64	7245
45	7961
14	7961
37	7962
95	7962
1	7962
55	7963
88	7963
110	7964
130	7965
80	7966
105	7967
123	7968
220	7969
63	7970
37	7971
83	7973
1	7973
20	7973
99	715
15	7974
1	7974
128	7975
34	7976
94	516
80	7977
0	7977
75	7978
34	7979
54	7980
44	7981
29	7982
54	7983
54	7984
34	1809
4	1019
9	1019
73	7985
1	7986
11	7987
1	7987
99	231
7	7988
11	7988
123	7989
1	7989
22	7990
1	7991
55	7993
1	7993
109	187
27	187
9	7994
1	7994
113	7995
89	7996
4	7997
10	7998
76	7998
11	7998
15	7998
78	7998
0	7998
6	7998
18	7999
17	8000
12	8000
17	8001
43	8002
12	8002
6	8003
50	8004
59	8005
127	8006
159	8007
6	8008
64	8009
95	8010
177	8010
54	8011
42	8012
19	8012
142	8012
0	8012
20	8012
7	8013
11	8013
170	8014
6	8014
1	8014
199	8014
61	8015
27	8016
56	8017
17	8017
0	8017
75	3955
43	3955
11	8018
155	8018
1	8018
15	8019
63	8020
7	8021
54	8021
17	8021
0	8021
26	8022
163	8023
6	8023
31	8023
1	8024
9	8025
1	8025
10	8026
55	8026
206	8026
1	8026
17	8027
6	1503
50	8028
0	8028
17	8029
99	8030
9	8030
73	8031
68	8032
0	8032
37	8033
301	8033
12	8034
1	8034
80	8035
123	8036
44	8036
54	8036
9	8036
31	8036
59	8037
16	8038
181	8039
54	8040
6	8041
68	8042
37	8043
72	8044
127	8045
6	8046
56	8047
23	8048
68	8049
78	8049
21	8049
0	8050
20	8051
67	8051
25	8054
0	8054
21	8055
89	8056
17	8057
6	8058
33	8059
136	8060
11	8061
14	8061
68	8062
90	8062
58	8062
1	8062
98	8063
50	8063
58	8063
6	8064
59	8065
43	8066
6	8067
21	8068
44	8069
17	8070
17	8071
1	8072
57	8073
32	8073
15	8074
14	8075
1	8075
80	8076
68	8077
1	8077
109	8078
18	8078
27	8078
6	8078
46	8079
17	8079
43	8080
50	8080
36	8080
48	8081
21	8082
150	8083
7	8084
41	8085
15	8085
1	8085
7	100
36	8086
112	8087
51	8087
6	8088
51	8089
50	4422
36	8090
12	8091
44	8093
24	8093
0	8093
110	8094
6	8095
110	8096
6	8096
25	3008
279	1141
0	8098
54	8099
15	8100
0	8100
1	8100
15	8101
80	8102
57	8103
19	8103
51	8103
20	8104
6	8105
14	8106
53	8106
6	8107
51	8108
68	1177
7	1177
1	8109
134	8110
16	8111
24	8112
50	8112
11	8113
23	945
1	8114
206	8115
1	8116
225	8117
29	8117
17	8118
0	8118
52	8119
7	8119
117	8119
15	8120
8	8121
15	8122
1	8122
24	8123
2	8124
0	8125
37	464
48	8126
77	8127
83	8128
12	8128
0	8128
16	8129
80	8130
83	8130
17	8130
53	8131
53	8132
53	8133
37	8134
1	8134
66	8135
4	8135
43	8136
116	8137
76	8137
49	8137
78	8137
0	8137
18	8139
76	8140
51	8140
12	8140
154	8140
132	8141
124	8142
66	8144
15	8145
1	8145
68	8146
10	8147
36	8147
207	8148
156	8149
1	8149
24	8150
77	8151
1	8152
48	8153
50	8154
0	8155
9	8156
24	8157
15	8157
230	8158
55	8159
7	8159
0	8159
1	8159
22	8159
56	8160
44	2403
3	2403
1	8161
37	8162
43	8162
1	8163
66	8164
15	8165
24	8166
1	8166
25	8167
50	8168
11	8169
24	8170
124	8171
9	8172
199	8172
30	8173
77	8174
83	8175
1	8175
13	8176
124	8176
48	8177
68	8177
90	8177
129	8179
43	8180
17	8181
15	8182
48	8183
37	8184
43	8184
1	8184
3	8184
68	8185
44	8186
68	8187
21	8187
302	8188
58	8188
71	8189
0	8189
275	8190
80	7126
24	7126
15	7126
20	7126
101	8191
15	8192
17	8192
6	8192
55	8193
0	8193
59	2480
37	8194
66	8194
15	8194
120	8194
110	8194
11	8195
32	8195
1	8196
84	8197
60	8199
43	8199
109	8199
27	8199
68	8200
7	8200
73	8201
68	8202
51	8202
125	8203
262	8204
1	8205
0	8206
54	8207
13	8208
25	8209
110	8210
134	8211
35	8211
20	8211
1	8212
44	8213
15	8214
32	8215
24	8216
66	7498
112	7498
7	8217
43	8219
99	8219
37	8220
55	8220
1	8220
2	8221
15	8222
36	8223
8	8224
87	8225
31	8225
92	8226
107	8226
20	8226
25	8227
63	8228
15	8229
259	3867
32	3867
93	8230
40	377
1	8231
56	8233
28	8234
121	8235
89	8236
67	8236
80	8237
210	8238
17	8239
1	8240
44	235
4	8241
0	8241
5	8241
15	4226
36	8242
0	8243
37	8244
17	7121
14	7121
36	8245
123	8246
9	8246
291	8247
106	8247
14	8247
11	8248
1	8249
36	8250
88	8250
21	8250
117	8251
1	8252
30	8253
1	8254
89	8256
52	8257
1	8257
21	4193
114	8258
0	8259
24	8260
6	8260
42	8261
36	8261
123	8262
6	8263
1	8263
73	8264
1	8265
125	8266
44	8267
83	8267
68	8267
45	8267
90	8267
14	8267
25	8268
53	8269
127	8270
14	8271
1	8271
45	8272
7	8272
14	8272
37	8273
6	8274
6	8275
6	8276
55	7804
7	7804
0	7804
1	7804
0	8277
17	8278
54	8279
14	8280
183	8281
60	8282
150	8282
21	8282
66	8283
54	8283
80	8284
54	8285
53	8285
303	8286
64	8286
150	8287
34	8288
52	8289
0	8290
42	8291
43	8291
19	8291
87	8291
20	8291
121	8292
0	8293
4	8294
59	8294
207	8294
17	8295
48	6316
109	6316
27	6316
3	8297
15	8298
127	8299
17	8300
54	8301
24	8301
15	8301
104	8302
24	8302
15	8302
70	8302
66	8303
112	8303
1	8304
8	8306
199	8307
15	8308
0	8309
110	8310
28	8311
41	8312
24	8312
7	8313
128	8314
25	8316
33	8317
6	8318
54	8319
53	8319
109	8320
27	8320
48	8321
79	8321
117	8322
25	235
53	8323
68	91
132	8324
1	8325
151	8326
15	8327
52	8328
118	8328
70	8328
55	8329
106	8331
61	8331
6	8331
25	3784
15	8332
17	8333
45	8334
10	8336
79	8336
58	8336
6	8337
61	2813
7	8338
6	8339
121	8341
57	8342
55	8342
58	8342
42	8343
1	8344
304	8345
109	8346
27	8346
20	8346
1	8347
37	8349
3	8349
15	8351
32	8352
1	8352
17	8353
12	8354
1	8354
41	8355
54	8356
42	8357
117	8358
80	8360
56	8360
11	8360
109	8361
27	8361
6	8361
45	8362
42	8363
48	8363
24	8363
7	8364
6	923
112	8365
6	8366
6	8367
13	241
20	8368
77	8369
43	8370
24	8370
105	8370
74	8370
1	8371
13	8372
109	8373
9	8373
27	8373
43	8374
125	8375
12	8376
1	8376
6	8377
17	8378
305	8379
15	8379
58	8379
3	8379
95	8380
42	8381
55	8382
0	8382
15	8383
55	8384
11	8384
0	8384
1	8384
55	8385
11	8386
49	8386
0	8386
1	8387
24	8388
15	8388
21	8388
43	8389
28	8390
68	8390
12	8390
48	8391
64	8391
100	8391
59	5124
6	8392
37	8393
15	8394
20	8394
44	8395
1	8395
21	8395
42	8396
132	8397
6	8398
46	8399
17	8399
8	8400
11	8401
46	8402
17	8402
68	8403
66	8404
170	1747
0	1747
8	8405
127	8406
18	8407
97	8408
1	8409
25	8410
43	8411
105	1503
46	1743
6	8412
25	8413
50	8414
127	8415
66	8416
45	8416
30	8416
11	8417
15	8417
17	8417
0	8417
11	8418
79	8419
306	8419
89	8420
57	8421
46	8421
54	8421
15	8421
0	8421
58	8421
0	8422
95	8423
29	8423
66	8424
19	8424
43	906
154	8425
307	8425
66	1788
111	8426
62	8427
73	8429
0	8430
165	8431
24	8431
15	8431
12	8431
101	8432
132	8433
117	8433
256	8433
57	8434
20	8434
67	8434
33	8436
15	8437
53	8437
228	8438
50	8439
17	8440
112	8441
66	8442
104	8442
57	8443
7	8443
87	8444
31	8444
9	8446
1	8447
24	8448
15	8448
48	8449
15	8449
1	8449
9	8450
113	8451
1	464
17	8453
53	8453
54	8454
0	8455
125	8456
181	8457
9	8457
17	8458
77	8458
12	8458
105	8459
36	8460
22	8461
0	8462
227	8463
1	8464
298	257
48	8465
0	8465
121	8466
73	8467
37	8468
56	8468
109	8469
27	8469
67	8469
80	1710
6	1710
28	8470
4	8471
0	8471
5	8471
10	8472
79	8473
95	8474
87	8474
81	8474
6	8475
94	8476
36	8477
7	8478
170	8478
0	8478
129	8478
37	8479
15	8479
58	8479
1	8479
41	338
36	8480
7	8481
83	8482
82	8152
1	8152
25	4516
112	8483
42	8484
71	8485
0	8485
83	8486
12	8487
29	8487
13	8488
104	8488
7	8489
67	8490
193	8491
54	8492
104	8493
48	8494
70	8494
154	8495
44	8496
14	8496
15	8497
7	8498
24	8498
15	8498
1	8500
69	8501
12	8501
0	8501
54	8502
36	2481
197	2481
0	8503
54	8504
1	8506
1	8507
54	8508
24	8509
99	8510
260	8511
15	8511
1	8511
21	8512
16	8513
8	8514
17	8514
0	8514
66	8515
57	8516
95	6154
49	8518
84	8519
6	8520
69	8521
51	8521
13	8522
23	8523
195	8524
48	8525
24	8525
41	8526
6	8527
41	8528
24	8528
37	8529
104	8529
66	8530
99	8530
12	8531
54	8532
89	8533
33	8533
124	8533
11	8534
21	8534
104	8535
108	8535
1	8537
156	8538
1	8538
89	8539
88	8540
80	8542
56	8542
43	8542
168	8542
177	8542
15	8542
108	8542
134	8542
300	8542
74	2249
99	8543
32	8544
48	2797
221	8545
83	8546
17	8546
77	8546
0	8546
5	8546
40	8547
1	8548
61	8549
109	8550
27	8550
64	8551
25	8552
57	8553
25	8554
144	8555
186	257
0	8556
109	8557
27	8557
54	8558
51	8559
17	8559
42	8560
22	8560
44	8561
64	8561
61	8562
1	8563
1	8565
53	8566
59	8567
81	8568
6	8568
18	46
15	8569
15	8570
73	8425
28	8571
6	8572
77	8573
1	8574
1	1392
0	8575
106	8576
48	8576
68	8576
24	8576
59	8576
15	8576
17	8576
36	8576
1	8576
3	8576
0	8577
48	6400
66	8578
59	8578
121	8579
44	8580
34	8580
1	8580
11	8581
49	8581
24	8582
79	8584
0	8584
25	8585
1	8586
50	8587
1	8588
44	8589
36	8589
146	8590
213	8590
147	8590
17	8591
0	8591
20	8591
0	8592
1	8593
37	8594
83	8594
53	5572
25	8595
31	8596
40	8597
60	8598
82	8598
66	8259
0	8599
53	8599
22	8599
64	8600
15	8600
121	8600
5	8600
91	8601
121	8601
6	8602
124	1933
115	8603
7	8604
0	8604
15	8605
78	8606
0	8606
25	8608
308	8609
15	8611
15	8612
15	1991
44	8613
83	8613
15	8614
101	1329
17	8615
40	516
91	516
41	516
92	516
24	516
107	516
15	516
121	516
1	8616
13	8617
17	8618
14	8618
8	8619
17	8620
12	8620
1	8620
25	8621
109	8621
9	8621
27	8621
1	8621
74	8622
1	8622
55	8623
0	8623
1	8623
51	8624
83	8625
5	8625
7	8626
54	8626
0	8627
67	8627
15	8628
59	8629
55	8630
16	8630
6	8630
70	8630
109	8632
50	8632
27	8632
67	8632
55	8633
1	8633
17	4263
21	8634
80	8635
0	8636
6	8637
309	8638
56	44
86	44
259	8639
55	8640
24	8641
15	8641
103	8642
16	8643
1	8644
35	8645
48	8646
277	8646
114	8646
145	8647
117	8648
37	8649
1	8649
6	8650
6	8651
9	8652
15	8653
0	8653
7	8654
41	1701
15	1701
25	8655
46	8657
6	8658
53	8658
50	8659
123	8660
1	8661
17	8662
17	8664
170	8664
8	8665
43	8665
15	8665
45	8666
116	8667
173	8668
1	8668
14	8669
1	8669
32	8670
79	8670
15	8671
120	8671
51	8672
12	8672
43	8673
77	8673
36	8674
0	8675
9	8676
61	8677
64	8677
18	8677
6	8677
15	2930
24	8679
15	8679
15	8680
6	8680
44	8681
37	8682
20	8683
48	8684
36	8685
44	8686
199	8687
0	8688
20	8688
123	8689
37	8691
59	8692
60	8694
11	8694
21	8695
44	8696
33	8696
17	8697
77	8698
66	8699
135	8700
0	8700
7	8701
38	8702
25	8703
207	752
36	8704
37	8705
15	8706
6	8706
15	8707
52	1329
223	8708
6	8708
80	8709
46	8710
58	8710
0	8711
14	8712
310	8713
5	8714
88	8715
33	8716
66	8717
63	8717
69	8717
85	8718
7	8718
4	8718
109	8719
27	8719
82	8720
41	8720
24	8720
15	8720
80	8721
17	8721
105	8722
6	8722
59	8723
105	8724
36	8725
88	8726
43	8727
100	8728
54	8729
7	8730
104	8731
15	8731
32	8732
127	8733
170	8734
21	8735
68	8736
6	8737
34	8738
150	8739
37	8740
0	8741
54	8742
0	8742
17	8743
0	8744
6	8745
54	8746
15	8746
20	8746
0	8748
1	8749
27	8750
1	8751
105	8752
25	8753
6	8754
53	8755
57	8756
6	8757
78	8758
117	8759
29	8760
0	8762
1	8764
31	8765
27	8766
6	8766
20	8766
228	8767
11	8767
155	8767
70	8768
85	8769
41	8769
28	8769
24	8769
25	8770
45	8770
62	8770
43	8772
1	8772
24	8773
11	8774
49	8774
155	8774
1	8774
40	8775
15	8775
1	8775
0	8776
1	8776
21	8776
9	8777
53	8778
251	8779
32	8780
79	8780
20	8781
6	8782
31	8782
42	8783
44	8783
58	8783
1	8784
6	8785
6	8787
89	8788
53	8789
57	8790
54	8790
24	8790
15	8790
17	8790
46	8791
6	8791
0	8792
52	8794
0	8795
7	8796
23	33
85	8798
68	8799
7	8799
48	8801
101	8801
80	6853
7	8802
7	464
24	464
34	464
48	8803
11	8803
68	8804
17	8804
0	8804
5	8804
80	8805
59	8805
57	8806
121	8807
27	8808
6	8153
109	8809
103	8809
27	8809
23	8809
13	8810
26	231
17	1477
31	1477
23	8811
14	8812
3	8812
33	8813
117	8814
53	8815
1	8816
110	8817
40	8819
23	8820
42	8821
233	8821
20	8821
124	8822
6	8823
42	8824
54	8825
0	8827
60	8829
7	8830
0	8830
52	8831
7	8831
7	8832
1	8833
57	8834
53	8834
18	8835
57	4432
54	4432
0	4432
17	8836
68	5901
90	5901
68	8837
90	8837
29	8837
20	8837
199	8837
40	8838
15	8838
67	8839
25	8840
24	8841
32	8841
0	8841
246	8841
113	8841
12	8842
195	8842
10	8843
7	8843
0	8843
54	8844
7	1554
170	1554
0	1554
129	1554
0	8845
24	8846
11	8846
28	8847
6	8847
29	8848
50	8849
11	8850
0	8850
21	8850
15	8851
6	8851
21	8851
104	8852
24	8852
121	8852
6	8852
66	8853
36	8853
109	8854
29	8854
27	8854
109	8855
68	8855
90	8855
27	8855
25	8856
25	8857
25	8858
15	8859
78	8859
1	8859
7	8860
44	8861
21	8861
78	8862
36	8863
1	8863
197	8863
170	8864
206	8864
1	8864
311	8866
11	8866
155	8866
60	8868
89	8869
1	8870
7	8871
17	8871
95	8872
55	8873
83	8873
0	8873
246	8873
17	8874
6	8875
25	8876
13	8877
116	8878
182	8878
1	8878
15	8880
14	8880
116	8882
56	8883
78	8884
76	8885
31	8886
6	8887
68	8888
1	8888
1	8889
50	8890
132	8891
10	8892
0	8892
105	8893
54	8894
25	8895
24	8896
6	8896
43	8897
36	8898
53	8899
150	124
15	8900
0	8900
35	8901
19	8902
95	8903
88	8904
16	8905
43	8906
0	8907
121	1787
15	8908
6	8909
6	8910
42	8911
59	5702
7	8912
43	8913
44	8914
1	8915
154	8916
75	8917
125	8918
29	8919
27	8919
37	8920
59	8920
81	8920
50	6170
6	6170
142	8921
20	8921
27	8922
13	5449
34	8923
0	8923
4	8924
1	8924
83	8925
50	8925
5	8925
199	8925
189	8926
109	8927
27	8927
6	8927
17	8928
0	8928
9	2795
273	8929
32	8930
1	8930
246	8930
0	1534
17	8931
110	8932
15	3867
32	8933
1	8934
136	8935
71	8936
0	8936
43	268
135	268
7	268
6	8937
21	8938
54	6827
48	8939
43	8940
15	8941
4	8942
148	8943
78	8944
6	8944
177	3182
1	8945
1	945
57	8946
68	8947
54	1474
7	8948
43	8949
77	8949
1	8950
6	8951
24	8953
0	8955
189	8956
116	8957
144	8957
58	8957
20	8957
43	8958
77	8958
42	8959
312	8959
21	8959
88	8960
37	8961
103	8963
20	8963
0	8964
109	8965
27	8965
9	8966
42	8968
20	8968
6	8969
13	8970
36	8971
117	8972
53	8972
94	8973
10	8974
54	8975
53	8976
9	8029
1	8029
68	8977
15	8978
74	8979
6	8979
15	8980
16	8981
23	8982
6	8984
1	8985
20	8986
0	8987
109	8989
27	8989
92	8990
11	8991
14	8991
1	8991
25	8992
24	8993
6	8993
7	2895
0	2895
50	8994
37	8995
44	8995
54	8995
9	8995
1	8995
3	8995
15	8996
53	8997
134	8998
77	8999
43	9000
44	9002
19	9002
87	9002
20	9002
21	9002
186	1329
80	9003
57	9004
154	9004
31	9005
50	6942
48	9006
7	9007
32	9007
17	9007
22	9008
74	9009
89	9010
78	9011
1	9011
43	9012
59	9012
57	9013
43	9013
50	9013
78	9013
58	9013
63	1409
49	1409
61	6092
25	9014
11	9015
78	9015
0	9015
84	9016
48	9017
189	9017
6	9020
64	9021
78	9021
15	9022
225	9023
36	9023
27	9023
67	9023
15	9024
1	9024
54	9025
8	9026
12	9027
54	7210
7	9028
109	9029
27	9029
11	9030
0	9030
117	9031
37	9032
22	9033
199	9033
7	9034
0	9036
117	3125
1	3125
15	9038
11	9039
0	9039
1	9039
34	9040
48	9041
9	9041
1	9041
91	9042
121	9042
37	9043
0	9044
36	4518
114	4518
31	4518
59	9045
191	9046
95	9046
12	9047
15	9048
17	9049
54	7240
262	7240
6	9050
146	9051
188	9051
15	9051
171	9051
147	9051
83	9052
6	9053
9	9054
80	9055
42	9056
63	9057
104	9058
6	9058
8	9059
110	212
24	9060
17	9061
12	9061
206	9061
57	9062
76	9063
18	9064
25	9065
115	9066
53	9067
43	9068
59	9069
97	9070
14	9070
1	9070
0	9071
127	4787
64	9072
6	7872
36	9073
73	9073
27	9073
9	9074
14	9074
1	9074
20	9074
115	9075
94	9076
69	9077
51	9077
0	9078
11	9079
155	9079
6	9079
55	9080
6	9081
114	9082
175	9083
13	9084
43	9085
176	9086
73	5905
111	9087
44	9088
14	9088
1	9088
55	9089
64	2696
9	9091
134	9092
107	9093
68	9094
40	3773
24	3773
54	9095
17	9095
54	9096
199	9097
1	9098
1	9099
207	9100
68	9101
24	9101
15	9101
117	5882
6	7329
50	9102
5	9102
28	9103
157	7872
36	9104
7	9105
1	9105
74	9106
127	9107
35	9108
58	9109
199	9110
37	9111
1	9111
6	9112
9	9113
46	9114
108	9115
6	9115
29	767
46	9116
52	9117
11	4056
15	4056
49	4056
87	9118
262	9118
80	9119
95	9120
5	9120
9	9121
54	9122
236	9123
17	9124
17	9125
72	9126
55	9127
58	9127
1	9128
59	9129
127	9130
1	9131
43	9132
81	9132
36	9133
20	9133
172	9134
68	9135
7	9135
54	9135
15	9135
11	9136
0	9136
78	9137
1	9138
1	9139
18	9140
252	9140
292	9140
6	9141
68	2867
43	9142
8	9143
1	9144
6	9145
106	3752
91	9146
41	9147
45	9148
48	9149
177	9150
6	9150
7	9151
9	9151
0	9151
78	8101
107	9152
41	9153
15	9153
59	3817
77	9154
236	9154
9	9155
17	9156
80	3938
14	9157
81	9157
27	9158
80	9159
56	9159
43	9159
11	9159
78	9159
81	9159
17	9160
34	9160
77	1336
44	9161
17	9161
34	9161
1	9163
42	9164
37	3305
80	3305
43	3305
9	9165
4	9166
12	9166
0	9166
57	9167
43	9168
17	9169
53	9169
24	9170
0	9170
37	9171
9	9171
14	9171
1	9171
76	2356
84	2356
43	9172
54	9173
1	1787
42	9174
0	9175
6	9176
9	9177
11	9178
30	9178
6	9179
46	9180
36	2
1	9181
19	9182
27	9182
1	9182
56	9183
15	9184
68	9185
1	9185
46	9186
60	4641
80	4641
24	4641
15	4641
1	4641
59	8057
1	8057
53	8057
1	9187
154	994
307	994
68	9188
34	9188
1	9189
6	9190
1	9191
25	646
32	9192
2	9193
42	9194
44	9194
43	9194
15	9194
154	9194
117	9194
29	9194
35	9194
23	9194
1	9195
54	9196
1	9197
6	9198
42	9199
19	9199
20	9199
21	9199
57	9200
253	9201
21	8842
194	9202
1	9203
57	9204
117	9204
25	9205
54	9205
19	9206
68	9206
67	9207
11	9208
252	9208
14	9208
7	1036
11	1036
19	9209
83	9209
87	9209
20	9209
59	338
40	9210
45	9210
99	9210
1	9210
37	9211
24	9212
15	9212
24	9213
10	9214
33	9215
112	9216
68	9216
201	9218
43	9218
80	9220
41	9221
24	9221
68	9222
90	9222
68	9223
90	9223
24	9225
55	9226
11	9226
78	9226
25	9227
19	9228
59	9228
27	9228
154	9229
36	9230
6	9231
0	9232
83	9233
76	9233
11	9233
50	9233
78	9233
0	9233
1	9233
21	9233
132	9234
104	9235
6	9235
52	9236
1	9237
63	9238
9	9239
1	9239
44	9240
232	9240
43	9240
14	9240
111	9240
6	9240
21	9240
275	9241
80	9242
125	9242
117	9243
103	9244
6	9244
17	9245
54	9247
0	9248
14	9249
79	1365
306	1365
6	9250
80	9251
10	9251
56	9251
43	9251
1	9251
80	9252
15	9252
32	9253
55	9254
52	9254
1	9254
110	9255
52	9256
7	9257
0	9257
6	9258
1	9259
77	9260
36	9261
186	9262
12	9263
25	9264
36	9265
4	9266
99	9267
68	9268
12	9268
88	9268
14	9268
35	9268
59	7373
56	9269
62	9269
15	9270
54	9271
7	9272
11	9272
34	9272
1	9272
63	9273
0	9274
66	9275
83	9275
11	9275
5	9275
48	9276
123	9277
181	9277
9	9277
29	9277
94	9277
0	9278
15	9279
48	9280
19	9281
4	516
66	9282
195	9282
14	9282
1	9282
46	9283
116	9284
104	9285
15	9285
6	9285
1	9285
6	9286
1	9287
61	9288
31	9288
44	9289
44	9290
68	9290
36	9290
142	9291
110	841
108	841
313	9292
12	9292
0	9293
89	9294
73	9295
7	9296
0	9296
55	9298
37	9299
80	9300
30	9301
14	9303
6	5449
15	9304
54	9305
124	9306
53	1111
6	9307
46	8057
127	9308
17	9309
6	9310
117	9311
6	9311
7	241
0	241
89	9312
68	9313
10	9314
7	9314
22	9314
24	9315
15	9315
223	4193
68	4193
11	4193
59	4193
6	4193
21	4193
15	9317
54	9318
59	9319
6	9320
232	9321
6	6170
0	9323
0	9324
110	9325
40	9326
130	9326
57	9327
53	9327
83	9328
7	9328
0	9328
5	9328
298	9329
83	9329
1	9331
66	9332
95	9332
62	9332
11	7944
40	9333
51	9334
12	9334
0	9334
3	9334
8	9335
48	33
0	33
32	9336
1	2249
1	9337
7	9338
11	9338
0	9338
105	9339
70	9340
0	9341
36	9342
43	9343
24	9344
9	9345
57	9346
112	9346
115	9346
117	9346
111	9346
1	9347
24	9348
15	9348
36	9349
17	9350
21	9351
40	9353
24	9353
118	9353
0	9353
58	9353
6	9353
16	9354
42	9355
54	9356
1	9357
6	9358
57	6001
15	9359
41	9360
24	9360
15	9360
127	9361
83	9362
58	9362
76	9363
117	9363
7	9364
15	9365
6	9365
54	9366
80	9367
36	9368
260	124
184	9369
55	412
78	412
0	412
6	9370
3	9370
25	9371
41	9372
15	9372
74	9373
53	9374
0	9375
1	9375
6	9376
66	9377
55	1787
94	22
9	9378
56	9379
66	9379
112	9379
51	9379
49	9379
67	9380
68	9381
0	9381
1	9381
21	9381
1	9382
0	9383
1	9383
0	9384
63	9385
314	9385
54	9386
0	9387
116	9388
146	9388
171	9388
81	9388
30	9388
7	9389
53	9389
25	9390
15	9391
54	9392
169	9393
66	9394
9	9396
43	9397
1	9397
1	9398
44	9400
172	9401
76	9403
0	9403
315	9404
61	9405
55	9406
58	9406
83	9407
109	9408
36	9408
29	9408
27	9408
30	9408
6	9409
1	9410
12	9411
95	9412
0	9412
45	9413
7	9414
4	9414
0	9414
127	9415
3	9416
6	9417
50	9418
63	9419
7	9420
0	9420
48	9421
101	9421
14	9422
24	9423
15	9423
6	9423
54	9424
44	9425
37	4028
74	4028
113	2630
11	9427
0	9427
6	9427
6	9428
109	351
27	351
15	9429
0	9429
80	9430
6	9431
7	9432
54	9433
112	9434
66	9436
25	9437
55	9438
78	9438
0	9438
234	9439
59	9440
136	9441
17	9442
1	9443
22	9443
7	9444
1	9445
0	9446
1	9446
15	9447
1	9447
7	9448
78	9448
43	9449
62	9449
44	3978
36	5905
114	5905
79	9450
7	9451
0	9451
68	9452
51	7012
33	9453
67	616
255	9454
123	767
9	767
66	9455
99	9455
46	9456
4	9456
15	9456
33	9456
108	9456
6	9456
1	9456
25	9457
0	9458
1	9459
50	9460
80	9461
53	4142
41	9462
13	9463
42	9464
19	9465
22	9465
199	9465
69	9466
8	9467
68	9468
7	9468
1	9468
175	9469
101	9469
1	9470
48	2896
17	2896
78	2896
95	9471
7	9472
316	945
23	945
55	9473
58	9473
1	9473
49	9474
54	9475
66	9476
7	9477
32	9477
49	9479
12	9479
7	9480
37	9481
8	9482
0	9482
89	9483
99	9484
48	9485
1	9485
83	9486
5	9486
44	9487
7	9487
88	7205
1	7205
99	9489
4	9489
129	9490
11	2761
49	2761
78	2761
21	2761
193	9491
33	8362
111	4187
23	4187
13	9492
68	9493
9	9493
7	4200
15	9495
57	9496
1	9496
57	9497
15	9497
17	9497
82	9498
41	9498
10	9499
0	9499
68	9500
77	9502
1	9503
1	9504
25	9505
25	9506
17	9507
43	9508
6	9509
9	9510
1	9510
76	9511
125	9512
158	9512
28	9513
11	9514
49	9515
12	9515
0	9515
37	9516
185	9517
40	9518
7	9518
0	9518
51	9519
170	3365
48	9520
63	9521
45	9522
136	9523
67	9523
105	9524
116	9525
52	9526
142	9527
87	9527
42	9528
54	9529
48	9530
62	9530
15	9531
57	9532
80	9533
1	9533
109	9534
27	9534
17	9535
14	9535
10	9536
55	9536
48	9536
7	9536
78	9536
0	9536
1	9536
164	9537
14	9537
44	9538
58	9538
262	9538
21	9538
1	2
7	9539
9	257
199	257
43	9540
17	9540
12	9540
0	4212
1	9541
7	9542
15	9542
1	9542
46	9543
192	9544
19	9544
0	9544
199	9544
44	9545
133	9546
32	9547
44	9548
21	9548
51	9549
44	9550
11	9550
117	9551
14	9552
1	9552
223	9553
104	9553
6	9553
80	9554
43	9554
1	9554
17	9555
0	9555
4	9556
5	9556
95	9557
92	9558
121	9559
179	9560
15	9560
37	9561
43	9561
109	9562
36	9562
27	9562
14	9563
73	9564
80	9565
123	9566
9	1991
1	1991
6	9567
9	9568
25	9570
129	9571
125	44
22	9572
154	9573
59	9574
46	7301
267	9575
43	9576
9	9577
26	9578
42	9579
25	9580
1	9581
0	9582
68	9583
50	9583
14	9583
5	9583
59	9584
6	9584
25	9585
10	8649
11	8649
12	8649
1	8649
83	9586
12	9586
15	9587
6	9587
48	9588
1	9588
103	9590
45	9591
43	100
10	9592
55	9592
78	9592
1	9592
3	7402
89	9593
16	9593
95	9594
21	9595
45	9596
0	9596
255	9597
35	9597
33	9598
146	9599
6	9599
147	9599
25	9600
54	9601
117	9601
1	9603
57	9604
199	9605
57	9606
57	9607
51	9607
68	9608
80	9609
6	9610
117	406
74	9611
118	9612
8	9613
19	9614
9	9615
199	9615
24	9616
15	9616
95	9617
37	9618
80	9618
43	9618
40	9619
17	9619
14	9619
58	9619
0	9620
30	6162
54	9621
30	9622
37	9623
43	9623
43	9624
41	9625
24	9625
54	9626
6	9627
15	9628
1	9630
73	9631
18	9632
177	9632
6	9632
35	9632
20	9632
31	9632
83	9633
68	9633
12	9633
142	9633
20	9633
2	9634
43	91
48	9635
6	9636
95	9637
68	9638
1	207
95	9639
54	338
24	9641
107	9641
15	9641
11	4494
0	9643
135	9644
19	9644
0	9644
246	9644
67	9644
68	9645
17	9645
67	9646
130	9647
17	9647
64	9648
9	9649
60	9650
11	9650
40	9651
0	9651
21	9652
123	9653
9	9653
6	9654
17	9655
14	9655
20	9655
54	9656
36	9657
0	9658
1	9658
36	9659
13	9660
67	9660
21	9661
191	9662
116	9662
44	9662
14	9662
150	9662
21	9662
24	9663
136	9664
58	9665
9	9666
122	9667
25	9668
15	9669
6	9670
53	9670
55	9671
56	9671
76	9671
117	9671
79	9671
0	9671
92	9672
83	9673
171	9673
104	9674
24	9674
21	9674
32	9675
40	9676
48	9676
7	9676
24	9676
21	9676
14	9677
20	1301
22	1301
199	1301
108	9678
6	9678
7	9679
6	9680
15	9682
80	9683
6	9684
276	9684
54	9685
45	9686
129	9686
0	9687
7	9688
9	9688
32	9688
17	9688
93	9689
27	9690
41	9691
28	9692
77	9693
15	9694
3	9694
109	9695
27	9695
110	9696
6	9697
88	9698
15	9699
15	9700
17	9701
40	9702
48	9703
24	9703
43	9704
113	9704
95	9705
68	9705
15	9705
50	9705
80	9706
43	9706
99	9706
84	9706
78	9706
21	9706
56	9707
43	9707
104	9707
7	9707
11	9707
15	9707
171	9707
121	9707
0	9707
30	9707
155	9707
6	9707
1	9707
17	9708
1	9709
60	9710
132	9713
117	9713
17	9714
1	9715
43	9717
122	9718
15	9719
310	9720
1	9721
109	9722
27	9722
6	9723
35	9723
0	9724
42	9725
308	9726
0	9727
31	9728
1	9729
25	9730
6	9731
55	9732
11	9732
0	9732
155	9732
1	9732
93	9732
113	9733
1	9734
123	9735
105	9735
74	9735
6	9735
80	1933
28	1933
11	1933
40	1767
32	9737
66	9738
6	9738
54	9739
7	9740
15	9741
123	9742
18	9742
9	9742
15	9742
50	9743
25	2536
132	9744
31	9745
41	9746
107	9746
0	9747
1	9747
6	9748
115	9749
21	9750
26	9751
66	9752
51	9752
17	9752
54	64
33	9753
123	250
43	9754
65	9755
1	9756
1	9757
24	9758
6	9758
121	9759
110	9760
27	9761
46	9762
17	9762
1	9763
14	9765
1	9765
3	9765
74	9766
36	9767
48	9768
24	9768
1	9769
207	9769
195	9770
8	3178
128	9771
1	9772
13	9773
71	9
0	9
109	9775
27	9775
37	9776
1	9778
9	9779
1	9779
30	2497
3	9780
99	9781
19	9782
68	9782
90	9782
20	9782
36	9783
89	9784
24	9785
8	9786
46	9787
6	9788
109	9789
98	9789
27	9789
66	9790
32	9791
148	9792
54	1602
10	9793
49	9793
10	9794
0	9794
1	9795
44	9796
19	9796
83	9796
91	9797
104	9797
15	9797
7	9798
94	9800
66	9801
0	9802
7	9803
16	9803
49	9803
1	9804
28	9805
6	9805
9	9806
25	9807
1	9808
6	9809
15	9810
1	9811
54	9812
7	9813
0	9813
48	9814
132	9815
57	9815
1	9817
25	9818
43	9819
43	9820
0	9821
9	9822
7	9823
78	9824
0	9824
15	9825
4	9826
0	9826
58	9826
5	9826
94	9827
118	9828
95	9829
42	9830
0	9831
50	9832
15	9833
57	9834
59	9835
124	9836
15	9837
112	9838
95	9839
77	9840
34	9841
125	9842
68	9843
9	9843
24	9844
107	9844
15	9844
33	9845
27	9845
230	9846
48	9846
113	9846
54	9847
6	9848
6	9849
1	9851
190	9852
317	9853
94	9853
42	9854
15	3124
6	9855
6	9856
4	9857
174	9857
1	9857
76	9858
1	9859
15	9860
66	9861
95	9861
7	23
0	23
123	9862
9	9862
1	9863
37	2001
1	2001
1	9864
54	9865
57	9866
15	9867
6	9868
77	9869
127	6875
7	9870
277	9870
0	9871
7	9872
51	9872
44	9873
40	91
246	9874
24	9875
12	9875
0	9875
121	9876
7	9877
70	9878
183	9879
42	9880
27	9881
15	9882
6	9882
13	9883
21	9885
20	9886
83	9887
144	9887
12	9887
11	9888
34	9888
0	9888
95	9889
110	9890
11	6942
84	6942
89	9891
24	4454
15	4454
0	4454
99	9892
24	9892
242	9893
6	9894
124	9895
109	3300
27	3300
7	9896
17	9896
162	9897
44	9898
14	9898
1	9898
1	1991
1	9899
34	9900
50	9901
66	9902
32	9902
32	5982
6	9903
66	9904
95	9906
11	9906
49	9906
146	9907
280	9907
147	9907
15	9909
255	9910
32	9911
36	9912
63	9913
74	9913
6	9913
11	9914
0	9914
138	9915
37	9916
1	9916
19	9917
27	9917
35	9917
24	9918
30	9919
25	9920
112	9921
51	9921
54	9922
15	9923
55	9925
0	9925
1	9925
50	8211
178	5915
6	9926
36	9927
66	9928
6	9928
132	9929
117	9929
6	9930
104	9931
17	9931
12	9931
6	9931
16	9932
37	9933
1	9933
55	9934
15	9934
1	9934
127	9935
16	9936
236	9936
15	9937
66	9938
51	9938
12	9938
91	9939
2	9940
21	9941
42	9942
49	9943
117	9943
78	9943
52	9944
24	9944
7	9945
6	9945
95	9946
15	9946
0	9946
108	9947
6	9948
29	9949
36	9950
67	9950
68	9951
11	9951
49	9951
12	9951
19	9952
20	9952
54	9953
112	9954
43	9955
9	9955
29	9955
1	9955
67	9955
132	9956
117	9956
6	9957
24	9958
15	9958
80	9959
43	9959
150	9960
1	9961
44	923
15	923
1	923
3	923
95	9962
6	9963
23	6170
50	9964
105	9965
6	9966
112	9967
17	9968
59	9969
6	457
240	9970
35	9971
1	9972
15	9973
0	9973
157	9975
1	9976
133	9977
260	9978
1	9979
68	9981
90	9981
4	9981
5	9981
15	9982
17	9983
37	254
43	254
24	9984
6	9984
1	9985
7	9986
58	9986
0	9987
73	9988
15	9989
121	9989
59	9990
6	9991
0	9993
73	767
53	46
67	46
127	9994
24	9995
195	9995
5	9995
5	9996
257	2233
24	9997
15	9997
195	9997
1	9997
76	9998
103	9999
223	10000
95	10000
6	10000
41	10001
15	10001
6	10001
22	10001
103	10002
1	10003
16	10004
165	10005
104	10005
83	10006
7	10006
12	10006
0	10006
17	10007
80	10008
50	10009
142	10009
7	10010
1	1978
44	10011
1	10011
15	5198
82	10012
49	10012
0	10012
76	10013
117	10013
40	1635
42	10014
11	10015
49	10015
9	10016
77	2246
99	10017
32	10018
66	2187
54	2187
49	2187
21	2187
14	10019
55	10020
7	10021
54	10021
53	10021
17	10022
26	10023
48	10023
17	10023
75	10024
117	10024
1	10025
7	10026
0	10026
109	10027
27	10027
20	10027
22	10027
50	10028
91	10029
55	10030
55	10031
0	10031
20	10032
106	10033
0	10034
53	10035
2	524
156	10036
1	10036
121	4297
53	4297
9	10037
1	10038
105	10039
57	10040
51	10040
17	10040
24	10041
0	10041
85	10042
15	10042
6	5895
9	10044
1	10045
61	10046
35	10046
1	10047
55	10048
76	10048
0	10048
4	10049
12	10049
7	2753
11	2753
0	2753
36	10050
15	10051
43	10052
68	10053
17	10054
12	10054
132	10055
62	10056
6	10057
41	10058
54	10059
33	10059
25	10060
121	10061
80	7516
16	10062
68	18
49	18
12	18
43	10064
130	10065
43	10065
99	10065
9	10065
45	9136
20	9136
104	10066
15	10066
6	10066
24	10067
17	10067
1	10068
1	10069
1	10070
14	10071
24	10072
15	10072
15	10073
19	10074
17	10075
47	10076
59	388
9	3812
42	10077
0	10078
1	10079
13	10080
17	10081
63	10082
11	10082
21	10082
54	10083
1	10084
109	10085
27	10085
6	10085
11	10086
155	10086
32	10087
6	10088
109	10089
27	10089
172	10090
6	10091
45	10092
99	10093
1	10093
80	10094
97	10095
211	10096
76	10097
9	10098
14	10099
40	10100
15	10100
41	10101
99	10101
121	10101
5	10101
15	10102
17	10103
11	10104
49	10104
117	10104
1	10104
185	10105
117	2559
256	2559
49	324
36	10106
6	10106
99	10108
1	10108
36	10109
40	10110
15	3052
68	10111
99	10111
34	10111
0	10111
95	10112
117	10113
1	10114
93	10115
112	10116
12	10116
95	10117
38	10117
6	10118
56	10119
11	10119
6	10120
3	10120
7	10121
59	10121
1	10122
232	10123
171	10125
14	10126
121	7126
1	10127
44	10128
7	10128
57	10129
150	10129
6	10130
85	10131
44	10131
50	10131
6	10132
6	10133
83	10134
78	10135
11	10136
15	10136
45	10137
12	10137
87	10137
1	10138
36	10139
31	10139
0	10140
6	10140
22	10140
1	10141
44	10142
48	10142
1	10142
10	10143
12	10143
70	10144
99	10145
1	10145
297	10147
110	10147
7	10150
132	3662
117	3662
1	10152
95	10153
13	10154
72	10155
6	10155
63	6018
66	10156
1	10157
15	10158
21	10158
59	10159
6	10161
7	10162
35	10163
67	10164
78	10165
29	10166
98	10167
78	10168
21	10168
41	10169
24	10169
55	10170
11	10170
49	10170
0	10170
7	10171
15	10172
108	10172
6	10173
59	10174
1	187
37	10175
55	10176
7	10177
0	10177
8	10178
43	10178
80	10179
43	10179
177	10179
136	10180
15	10181
6	10181
12	10182
15	10183
38	10184
104	10185
105	10185
66	1403
95	1403
6	1403
77	10186
37	10187
1	10187
99	818
25	10188
9	10189
57	10190
14	10190
1	10190
12	10191
132	10192
36	10193
89	10194
6	10195
53	10196
43	10197
17	10198
6	10199
48	10200
16	10200
123	10201
0	10202
61	10203
18	10203
25	10204
7	10205
0	10205
44	10206
8	10207
24	10208
53	10208
99	10209
163	10209
6	10209
29	1381
9	10210
8	10211
9	10211
83	10212
45	10212
3	10212
115	10214
55	2775
48	2775
32	10215
79	10215
44	10216
48	10216
1	10216
42	10217
63	257
53	10218
55	10219
50	10219
9	1662
1	10220
17	10221
4	10222
5	10222
11	10223
45	10224
195	10224
17	10225
89	3955
1	6593
78	10226
19	10227
20	10227
48	10228
15	10229
6	10231
70	6803
110	10232
117	10233
70	10233
33	10234
17	10235
9	10236
1	10236
112	10237
57	10239
51	10239
24	10240
15	10240
113	10241
17	10242
32	241
44	10243
21	10243
36	10244
21	10244
14	5461
193	10245
48	10245
113	10245
16	10246
68	10247
114	10247
12	10248
99	6627
6	6627
31	6627
83	10249
24	10249
0	10249
55	10250
1	10250
15	10251
0	10252
1	10252
66	3784
32	10253
79	10253
17	10254
29	10031
3	10031
54	10255
6	10256
7	10257
117	10257
53	10257
0	10258
45	10259
54	10259
3	10261
82	10262
195	10262
230	10263
48	10263
56	10264
146	10264
24	10264
0	10264
206	10264
147	10264
52	2939
77	10265
207	10265
95	10266
42	10267
142	10267
20	10267
54	10268
43	10269
68	10269
17	10269
27	10270
30	10270
10	10271
0	10271
48	10272
36	10273
7	10274
0	10274
9	10275
25	10276
111	10277
181	10278
9	10278
0	10279
0	10280
72	1005
7	1005
117	1005
220	10281
5	10282
11	9661
6	9661
77	10283
6	10284
27	10285
113	6170
80	10286
1	10287
10	10288
11	10288
1	10289
127	2802
127	630
103	10290
1	10291
59	10292
44	10293
19	10293
14	10293
31	10293
74	10294
53	10294
68	10295
83	2967
125	10296
55	10297
99	10298
59	10298
8	1301
1	10299
6	10300
106	10301
61	10301
87	10301
43	10302
67	10302
9	10303
6	10304
163	10305
6	10305
42	10307
28	10308
12	10308
0	10308
1	10309
42	10310
135	10311
0	10311
40	10312
25	10313
7	10314
15	10314
0	10314
43	10316
54	10317
14	10317
117	10318
15	10319
6	10319
33	10321
48	10322
260	10323
286	10324
127	1662
215	10325
319	10325
124	10326
68	10327
9	10327
7	10329
70	10330
133	10331
20	10331
53	7105
15	10332
82	10333
41	10333
0	10333
6	10333
44	10334
52	8057
7	8057
125	10335
52	10336
54	10336
18	10337
29	10337
1	1634
81	10338
30	10338
41	10339
24	10339
15	10339
72	10340
66	10341
18	10343
146	10344
247	10345
1	10346
132	10347
117	10347
124	10348
116	10349
87	10349
21	10349
104	10350
24	10350
15	10350
11	10351
155	10351
193	10352
185	10352
17	10353
320	10354
78	10355
48	10356
21	10357
55	10358
76	10358
11	10358
49	10358
0	10359
91	10360
199	10360
45	10361
6	10363
31	10363
54	10364
14	10364
17	10365
63	1788
15	6248
11	10366
155	10366
54	10367
104	10368
321	10368
82	10369
132	10370
110	10371
15	10372
20	10373
1	10374
52	10375
103	10376
6	10377
19	10378
66	10379
6	10380
105	10381
6	10382
109	2564
27	2564
21	10383
6	10384
1	10385
91	10386
62	10387
286	10388
112	10389
27	10390
1	10391
26	10392
61	10392
29	10392
94	10392
29	10393
15	10394
80	923
17	923
68	10395
0	10395
55	10396
48	10396
17	10396
14	10396
1	10396
74	10397
43	10398
15	9036
32	10399
0	10400
53	10401
1	10402
246	10403
15	10404
115	10405
11	10405
155	10405
54	10406
112	10407
51	10407
89	10408
25	10409
0	10410
27	10411
37	10412
17	10413
117	10413
0	10414
80	10415
109	6947
27	6947
6	10416
48	10417
41	10418
107	10418
0	10419
83	10420
12	10420
1	10420
10	10421
13	10422
57	10423
38	10424
163	10425
6	10425
16	10426
84	10427
44	10428
48	10428
114	10428
21	10428
80	10429
99	10429
11	10429
48	10430
9	10431
9	10432
60	10433
7	10434
17	10434
11	10436
153	10436
1	10437
74	10438
17	10439
1	10439
284	10440
6	10441
37	10442
43	10442
1	10442
80	10443
66	10443
21	10443
213	10444
175	1988
19	10445
40	1032
105	10446
6	10447
199	2660
17	10448
24	10449
15	10449
117	10449
6	10449
44	10450
14	10450
1	10450
1	10451
18	10452
6	10453
48	10454
52	10455
57	10456
117	10456
53	10456
23	10457
99	10458
1	10458
80	10459
56	10459
216	10459
17	10459
49	10459
0	10460
66	10461
0	10461
5	10461
58	10462
33	10463
94	961
41	10464
0	10465
44	10466
68	10466
17	10466
14	10466
1	10466
64	10467
6	10467
21	10467
32	8378
44	10468
21	10468
170	10469
54	10470
32	10471
15	10472
53	10472
9	10473
36	10474
197	10474
68	10475
12	10475
51	10476
14	10476
3	10477
104	10478
17	10478
6	10478
44	10479
8	10479
7	10481
41	10482
121	10482
25	10483
114	10484
37	10485
15	10486
74	10486
0	10486
6	10486
20	10486
82	10487
108	10487
44	10488
109	10488
27	10488
1	10489
83	10490
7	10491
0	10491
160	10492
207	10492
61	10494
54	10495
117	10495
68	10496
287	10497
95	10498
48	10499
52	10500
54	10501
14	10502
99	10503
28	10504
40	10505
5	10506
64	10507
20	10507
42	10508
122	10508
50	10508
1	10509
6	10511
53	10512
44	10513
123	10514
105	10514
24	10515
0	10515
1	10515
36	10516
105	10517
6	10517
11	33
0	33
7	4192
68	10518
24	10518
15	10518
17	10518
80	10519
12	10519
109	10520
27	10520
30	10520
67	10521
33	10522
15	10523
7	10524
57	10525
99	10526
15	10526
54	10527
17	10528
12	10528
1	10528
37	10529
1	10529
43	10530
66	10531
80	10532
64	10532
78	10532
0	10532
129	10532
7	10533
0	10533
1	10533
22	10533
64	10534
55	10535
80	7909
63	7909
6	10536
117	10537
56	10538
58	10538
141	10539
6	10539
7	10540
0	10542
66	10543
11	10543
0	10543
5	10543
1	10544
9	10545
15	10546
120	10546
14	10547
13	10548
43	10549
99	10551
55	10552
0	10552
80	10553
54	10554
15	10555
45	10556
25	10557
117	10558
53	10558
22	10559
104	10560
6	10560
1	10561
36	10562
6	10563
1	10564
54	10565
17	10565
36	10566
54	10567
84	10568
66	10569
62	10569
15	10570
43	10571
66	10572
62	10572
43	10573
1	10573
195	10574
61	10575
18	10575
117	10576
55	1262
1	1262
66	10577
1	10578
26	10579
6	10580
124	10581
44	10582
1	10583
129	10583
117	10584
45	10585
134	10586
68	10587
9	10588
46	10589
255	10590
160	10591
154	10591
76	10592
40	10593
68	10593
99	10593
10	10594
44	10595
14	10595
4	1788
0	1788
7	10596
85	10597
27	10597
58	10597
64	10598
30	10599
11	10600
17	10600
12	10600
6	10600
99	10601
1	10601
18	10602
99	10603
6	10603
7	10605
7	10606
6	10606
10	10607
11	10609
25	10611
9	10612
75	10613
15	10614
110	10614
1	10615
95	10616
23	10617
55	10618
0	10618
1	10618
1	10619
1	10620
50	10621
0	10622
58	10622
44	10623
14	10623
62	10624
255	10625
36	10626
105	10627
44	10628
9	10629
41	10630
3	10630
36	6638
11	10631
15	10631
17	1991
52	10632
44	10633
113	10635
146	10636
80	10637
22	8318
15	10638
6	10639
168	10640
54	10641
1	10642
6	10643
83	10644
5	10644
53	10645
57	10646
50	10647
32	10648
64	435
15	10649
120	10649
67	10650
223	10651
6	10651
15	10652
6	10652
37	10653
0	10653
1	10654
54	10655
183	10655
59	10656
0	10657
1	10658
77	10659
4	10660
57	10661
157	10661
3	10661
0	10662
37	10663
99	10663
68	10664
50	10664
67	10664
53	10665
16	10666
53	10666
15	10667
123	207
7	10668
54	10668
15	10668
1	10670
179	10671
15	10671
0	10672
7	10673
53	10673
68	10674
6	10674
3	10674
48	10675
99	10675
1	10675
226	10676
68	10677
1	10679
9	10680
17	10681
34	10681
17	10683
67	10684
109	4516
24	4516
15	4516
27	4516
6	4516
22	4516
77	10685
25	10686
0	10686
117	10687
4	10688
5	10688
112	10689
9	3052
132	841
36	841
0	10691
1	10691
21	10691
8	10692
9	10692
37	10693
43	10693
0	10694
255	10695
6	10695
85	10696
7	10696
70	10696
40	10697
24	10697
43	10698
24	10699
15	10699
20	10699
1	10700
104	2303
29	10701
133	10702
29	10702
24	10703
48	10704
15	10704
1	10704
27	10705
55	10706
25	10707
75	10708
207	10708
6	10709
1	10710
150	3846
11	10711
155	10711
1	10712
3	10712
109	9054
27	9054
30	9054
37	10713
1	10713
165	10714
223	10715
6	10715
31	10715
43	10716
9	10716
29	10716
1	10716
67	10716
11	2457
0	10717
1	10717
15	10718
120	10718
15	10719
54	10720
112	1434
50	4494
0	4494
20	4494
14	10721
15	10722
79	10723
37	10724
52	10724
0	10725
173	10726
150	10727
43	10728
83	10728
17	10728
130	10729
112	10730
17	10730
25	10731
93	10732
53	10733
40	10734
21	10735
0	6402
68	10736
191	10737
17	10737
12	10737
52	10738
32	10739
6	10739
48	10740
30	10742
179	10743
104	10743
15	10743
6	10743
177	10744
59	10745
109	10746
68	10746
90	10746
27	10746
24	10747
15	10747
43	10748
79	10748
77	10749
6	10750
14	10751
127	10752
13	10753
127	10753
11	10753
0	10753
155	10753
109	10754
27	10754
6	10754
19	10755
17	10755
15	10756
1	10756
40	10757
57	10758
53	10758
15	10759
54	10760
154	10761
14	10762
103	10763
6	10763
37	10764
117	10766
6	10766
9	10767
7	10768
1	10769
37	1221
6	10770
44	10771
19	10771
20	10771
251	10772
29	10773
148	4126
101	10774
54	10775
11	10776
153	10776
49	10776
6	10778
64	10779
170	10780
24	10781
17	10781
0	10781
1	10782
44	10783
0	10784
43	10785
3	10786
170	10787
11	10788
95	10790
141	10790
68	10791
15	10792
0	10794
0	10795
68	10796
117	10797
23	10798
15	10799
108	10799
195	10799
291	10800
15	5702
66	10801
41	10802
24	10802
15	10802
171	10802
1	10802
44	10803
1	10803
7	10804
0	10804
66	10805
124	10806
44	10807
1	10807
51	10808
54	10809
29	10810
9	10811
185	10812
44	10813
89	10814
44	10815
14	10815
55	10816
76	10816
62	10816
53	10817
0	10818
23	7301
44	10819
1	10820
15	10821
1	10823
99	10824
46	10237
112	10237
76	10825
99	1991
1	10827
50	3776
124	10828
17	10829
132	10830
106	10832
95	614
4	10833
59	10833
52	10834
89	5537
124	5537
55	10835
6	10836
89	10837
16	10837
51	10839
15	10839
54	10841
99	10842
24	10843
0	10843
20	10843
233	10844
4	10845
11	10845
35	10845
33	10846
74	10846
3	10846
0	10847
6	10848
20	10848
49	10849
7	10851
54	10851
25	10852
46	10853
67	10853
7	10854
10	10855
109	6162
27	6162
54	10856
6	10856
66	10857
14	10858
157	10859
230	10861
37	10862
6	10863
10	10864
11	10864
0	10864
0	10865
36	10866
197	10866
48	10867
15	10867
113	10868
1	10869
6	10870
80	637
57	637
43	637
2	637
25	10873
16	10873
57	10874
11	10876
1	10876
15	10877
0	10877
6	1578
37	10878
68	10879
85	10880
223	10881
6	10881
57	10882
67	10882
55	10883
1	10883
16	10884
17	10885
170	10886
1	10886
27	10887
6	10888
46	10889
48	10890
1	10891
95	10892
1	10892
6	10893
68	10894
90	10894
34	10894
80	10895
63	10895
49	10895
29	10896
25	1005
15	10897
72	10898
36	10899
0	10899
132	10900
54	10900
54	10901
45	10902
48	10903
68	10903
14	10905
37	10906
1	10907
1	10908
47	10909
11	9565
25	10910
121	1494
66	10459
11	10459
181	10911
67	10912
95	10913
16	10914
0	10915
7	10916
0	3854
58	3854
6	10917
20	10917
22	10917
45	10918
4	10918
30	10918
5	10918
6	2564
185	10919
78	10920
48	10921
181	10922
9	10922
230	10923
27	10924
54	10925
7	10926
12	10926
309	10707
80	10927
54	10928
17	10929
149	10930
27	10931
0	10932
15	10933
120	10933
83	10934
14	10934
58	10934
42	10935
57	10935
88	10935
54	10936
44	10937
21	10938
25	10939
123	10940
1	10941
43	10942
68	10943
24	10944
52	10945
68	10945
53	10945
9	10946
1	10946
7	10947
48	10948
22	10949
11	10950
0	10950
6	10951
83	10952
42	10953
65	10954
72	10956
37	10957
43	10957
83	10958
46	10959
68	10959
4	10959
24	10959
105	10960
6	10960
49	10961
32	10962
6	10962
1	10962
1	10963
6	10964
6	10965
13	10966
68	10967
122	10968
7	10969
15	10970
15	10971
135	10972
32	10972
1	10972
246	10972
27	10973
12	10974
7	10975
43	10976
1	10976
55	10977
43	10977
25	10978
44	464
12	464
21	464
8	10979
55	10980
0	10980
15	10981
0	10982
17	10983
11	10984
0	10984
44	10985
28	10985
54	10986
17	10986
5	10986
63	10987
7	10988
11	10989
15	10989
1	10989
42	10990
44	10990
19	10990
99	10990
20	10990
21	10990
9	10991
12	10991
53	10992
24	10993
6	10993
17	10994
21	10994
6	10995
68	10996
90	10996
35	10997
0	10998
54	10999
95	11000
76	11001
11	11001
0	11001
155	11001
11	11002
0	11002
21	11002
36	11003
54	11004
68	11005
57	11006
59	11007
6	4510
59	11008
3	11010
1	11011
46	11013
28	521
99	11014
17	11014
70	11014
64	11015
80	11016
26	11016
38	11016
11	11016
9	11016
29	11016
6	11016
9	11017
1	11017
21	11017
1	11018
44	11019
109	11019
184	11019
27	11019
7	11020
322	1032
11	11021
21	11021
99	11022
310	11022
1	11022
21	11022
68	11023
0	11023
1	11024
31	11025
125	562
209	11026
194	11027
17	11027
117	11027
40	11028
37	11029
32	11029
6	11030
124	11031
237	5524
0	11032
68	11033
11	11034
61	11035
29	11035
49	11036
6	11036
26	11037
13	11038
25	11039
16	11039
6	11040
1	11041
21	11041
94	11042
57	11043
132	11044
57	11044
165	11044
46	11044
166	11044
117	11044
223	11045
43	11045
28	11045
30	11045
6	11045
1	11046
40	11047
68	11048
0	11048
54	11049
217	11050
6	11050
64	11051
1	11052
68	11053
34	11053
0	11054
99	11055
78	11056
53	9458
125	11057
47	11058
74	11059
48	11061
84	11062
27	11063
54	11064
14	11065
17	11066
6	11067
11	11068
74	2400
9	11070
34	11071
40	11072
78	11072
230	11073
15	11074
15	9358
61	1301
109	1301
29	1301
27	1301
0	11075
54	11076
9	11077
1	11078
19	11079
21	11079
291	11080
109	11081
77	11081
0	11081
27	11081
79	11082
41	11083
107	11083
82	11084
26	11084
24	11084
15	11084
17	11084
170	11084
12	11084
25	11085
179	11086
15	11086
68	11087
7	11087
37	11088
79	11089
1	11090
55	11091
112	11092
83	11092
1	11092
51	11093
194	11094
54	11094
0	11096
44	11097
21	11097
21	11098
89	11099
127	44
0	11100
3	11100
17	11101
5	11101
20	11101
1	11102
48	11103
79	11103
117	11104
25	11106
1	11108
32	11109
1	11109
41	11110
154	11111
84	11111
24	11112
81	11112
323	11113
24	11114
15	11114
42	11115
44	11115
58	11115
51	11117
17	11117
171	11118
87	11118
44	11119
45	11120
59	11121
6	11122
35	11122
45	11123
12	11123
10	11124
17	11124
49	11124
0	11125
95	11126
6	11127
4	11128
0	11128
6	11129
5	11130
154	11131
67	11131
19	11132
17	11132
20	11132
44	11133
150	11133
35	11133
53	11134
30	11135
59	11136
219	11136
80	11137
172	11138
55	11140
12	11141
57	11142
15	11143
1	11144
103	11146
23	11146
32	11147
79	11147
31	11148
95	3698
99	11149
123	11150
181	11150
9	11150
94	11150
7	4147
0	4147
28	11152
190	11153
48	11154
68	11154
76	11154
46	11155
17	11155
1	11156
1	11157
7	11158
6	11159
76	11160
117	11160
25	11161
20	11162
22	11162
1	11163
43	11164
110	11165
6	11165
43	11166
1	11166
51	11168
14	11168
1	11169
40	11170
123	11171
110	11173
44	11174
0	11175
28	2775
12	11176
1	11177
54	11178
43	11180
37	11181
83	11181
25	11182
4	1553
19	11184
72	11185
55	5303
49	5303
12	5303
0	5303
1	5303
142	11186
20	11186
25	11187
17	11189
54	11190
9	11190
34	11191
15	11193
60	11194
17	11195
185	11196
103	11197
6	11198
18	11200
25	11201
57	11202
104	11202
70	11202
21	11202
0	11203
80	11205
15	11205
6	11206
170	11207
88	11207
124	11208
32	11209
1	11209
66	11210
1	11211
83	11212
1	11212
45	11213
7	11213
1	11213
13	11214
150	11215
125	616
158	616
28	11216
80	11217
116	11217
11	11217
168	11217
35	11217
80	11218
55	7843
64	11220
89	18
6	11221
112	11222
59	11222
6	11222
19	11223
22	11223
17	11224
32	11225
163	11226
6	11226
35	11229
6	11230
16	11231
80	11232
183	767
6	767
57	11233
14	11233
1	11233
82	4295
11	4295
12	4295
1	11234
15	435
1	11235
60	11236
223	11237
6	11237
66	11238
60	5056
1	11239
53	11239
256	11240
4	11241
17	11241
53	11242
42	11243
95	11243
96	11243
23	11244
184	11245
104	11246
37	11247
1	11247
37	11248
50	11249
52	11250
54	11250
1	11251
1	11252
0	11253
99	11254
1	11254
42	11255
80	11256
68	11257
90	11257
51	11257
0	11257
60	11258
108	11259
0	11259
6	11259
22	11259
24	11260
15	11260
14	11261
1	11261
109	11262
16	11262
27	11262
67	11262
68	6799
15	11263
41	11264
37	11265
1	11265
15	11266
14	11266
1	11267
124	11268
15	11269
34	11269
1	11270
1	11271
15	11272
23	11274
6	11275
43	11276
15	3642
32	11277
54	11278
78	11278
9	11279
8	11280
7	11280
0	11280
67	11281
14	11282
0	4142
127	2187
16	1329
105	257
15	11283
17	11283
1	11283
116	11284
45	11284
81	11284
15	4323
17	11285
6	11285
55	11286
79	11286
58	11286
36	11287
14	11288
54	11289
25	11290
215	1376
136	11291
89	11292
64	11293
77	1279
1	11294
230	11295
113	11295
1	11296
4	11297
17	11297
83	11298
54	11299
53	11299
45	11300
15	11301
37	11302
164	11303
28	11304
118	11304
134	11305
35	11305
145	11306
132	11307
7	2775
11	2775
1	11308
207	11308
54	11309
12	11309
37	11310
64	11311
54	11312
11	11313
155	11313
1	11313
20	11314
1	11315
61	11316
9	11317
112	11318
56	11319
99	11319
64	11320
316	803
23	803
259	11321
77	11321
1	11322
189	11323
74	11324
15	11326
223	767
6	767
80	5126
44	5126
64	5126
15	5126
78	5126
81	5126
21	5126
28	11327
6	11327
14	11328
32	11329
79	11329
44	11330
17	11330
142	11330
36	11331
23	4187
32	11333
1	11334
25	9335
44	11335
14	11335
55	11336
54	11337
19	11338
20	11338
15	11339
6	11340
59	11342
17	11342
12	11342
34	11343
48	11344
101	11345
1	11346
41	11347
34	923
72	11348
59	11348
229	11349
113	11349
66	11350
6	11351
41	11352
43	11353
1	11353
54	11354
66	11355
15	11355
11	11356
0	11356
6	11356
83	11357
31	11358
123	11359
162	11359
4	11360
46	11361
95	11362
1	11362
53	11363
14	11364
0	11365
44	11366
36	11366
55	11367
28	11367
54	11368
89	11369
1	11370
72	11371
106	11372
61	11372
30	11372
57	11373
53	11373
50	11374
6	11375
40	11376
68	11377
45	11377
6	11378
107	11379
55	11380
44	11381
15	11381
21	11381
95	11382
76	11383
62	11383
11	4672
117	4672
31	11384
33	11385
44	3125
1	11386
22	11386
7	11387
42	11388
22	11388
99	11389
107	11389
15	11389
43	11390
15	11391
9	11392
199	11392
57	11393
48	11394
74	11395
6	11395
57	11396
24	11397
15	11397
16	11397
77	11397
76	11398
52	11399
48	11400
1	11400
51	11401
1	11401
24	2677
54	11402
1	11402
1	11403
118	11404
52	11405
23	11406
17	11407
110	11408
30	11409
184	11410
1	11411
9	1554
6	11412
54	11413
106	11414
106	11415
61	11415
6	11415
322	10707
36	11416
18	11417
22	11419
12	11420
0	11420
43	11421
0	11421
57	11422
54	11422
1	11422
66	11423
74	11423
68	7441
121	11424
203	11425
6	11426
104	11427
24	11427
6	11427
134	11428
80	11429
68	11429
15	11430
20	11430
45	11431
0	11432
1	11433
16	11434
37	11435
7	11435
112	11436
9	11437
1	11437
169	11438
9	11438
25	11439
55	11440
48	11440
0	11440
165	11441
14	11442
54	11443
6	11444
54	11445
3	4297
63	11446
55	11447
83	11447
7	11447
78	11447
1	11447
3	11447
1	11448
7	1787
1	1787
9	11449
54	11450
12	11450
1	11450
9	11451
109	11452
59	11452
27	11452
132	11453
53	11453
9	11454
193	11455
117	11456
111	11456
21	9590
115	11457
8	11458
6	841
13	11459
0	11460
109	1365
27	1365
0	11461
104	11462
6	11462
6	11463
80	11464
48	11464
99	11464
11	11464
50	11464
78	11464
1	11464
19	11465
15	11467
124	11468
15	11469
68	11470
45	11470
90	11470
45	11471
25	11472
28	11473
68	11473
99	11474
7	11475
17	11475
12	11475
78	11476
154	11477
84	11477
128	641
54	11478
20	11479
206	11480
7	11481
57	11482
53	11482
31	11483
41	11484
104	11484
24	11484
15	11484
30	11484
0	11485
44	11486
257	11303
3	11487
79	11488
163	11489
6	11489
31	11490
54	11491
17	11492
150	11492
108	11493
37	11494
1	11494
149	11495
7	11496
7	11497
0	11497
36	11498
6	11499
290	11500
129	11501
48	11502
61	11503
104	11504
76	7457
58	11506
7	11507
6	11508
80	11509
24	11510
9	11512
1	11513
7	11514
17	11514
260	11515
68	11516
74	11517
44	11518
1	11519
1	11520
13	11521
54	11521
52	11522
14	11523
12	11524
160	11525
6	11526
9	257
15	11527
40	11528
6	11528
41	11529
6	11529
12	11530
62	11531
83	11532
104	11532
157	11532
24	11532
0	11532
5	11532
6	11532
78	3182
0	3182
6	8173
44	11533
68	11533
142	11533
20	11533
125	11534
53	11535
260	11536
176	11537
9	11538
44	504
51	11539
17	11540
199	11541
125	11542
15	11543
6	11544
4	11545
156	11546
1	11546
45	11547
110	11547
6	11547
1	11548
105	208
6	208
43	11549
32	11550
6	11551
53	11551
68	11552
54	11552
12	11552
60	11553
0	207
54	11554
80	11555
15	11555
0	11555
6	11555
57	11556
54	11556
99	11557
123	3178
7	11559
0	11559
1	11560
37	11562
80	11562
43	11562
1	11562
43	11563
20	11564
1	1565
104	11565
6	11565
1	11566
80	2707
57	11567
252	11567
7	231
0	231
260	11568
1	11569
1	11570
14	11571
110	11572
48	11573
7	11573
76	11573
12	11574
6	11574
21	11574
55	11575
11	11575
0	11575
1	11575
27	11576
8	11577
15	11578
43	11580
59	11580
55	11581
15	11581
1	11581
95	11582
1	11584
43	11585
0	11586
48	11588
24	5635
50	5635
1	11589
123	11590
79	11590
24	11591
25	945
46	11592
41	11592
2	4787
25	11593
85	11594
24	11594
57	11595
51	11595
12	11595
0	11595
150	11595
13	11596
15	11597
37	11598
1	11598
36	11599
104	11600
54	11601
6	11602
80	11603
105	11603
6	11603
44	11604
14	11604
7	11605
109	11606
27	11606
67	11606
44	11607
36	11607
13	11608
6	11609
104	11610
83	11611
25	11612
0	3769
107	8441
22	11613
7	11614
37	11615
80	11615
127	11616
55	11617
0	11617
1	11618
110	11619
74	11619
6	11620
34	11621
30	11621
57	11622
48	11622
104	11622
36	11622
41	6863
24	6863
24	11623
0	11624
0	11625
55	11626
43	11627
77	11628
55	11629
1	11629
7	11630
97	11631
55	11632
6	11633
95	11634
0	11634
37	11635
58	11637
35	11637
131	11638
215	2795
9	2795
6	11639
59	11640
76	11641
67	11641
49	11642
0	11642
1	11642
74	11643
9	11644
1	11644
105	11645
14	598
21	598
11	11647
109	11648
27	11648
33	11649
36	11651
25	11652
17	11653
1	11654
117	11655
0	11656
78	11657
76	11659
12	11659
78	11659
1	11660
23	11661
17	11662
117	11662
48	11663
15	2
60	11665
9	11666
24	11668
15	11668
3	11668
15	11669
9	11670
55	11671
66	11671
50	11671
83	11672
68	11672
12	11672
20	11672
171	11673
27	11673
0	8515
136	11675
15	11676
80	11677
80	11678
144	11678
78	11678
76	11679
6	11680
46	11681
50	11681
17	11682
1	11683
53	11683
32	11684
7	11685
7	11686
68	11687
25	11688
99	11689
15	11689
74	11690
32	11691
68	11692
175	11693
101	11693
0	11694
97	11695
110	992
109	11696
27	11696
36	11697
4	11698
0	11698
54	3052
25	922
36	11699
78	11700
1	11701
42	11702
27	11702
20	11703
15	11705
117	11705
107	11706
20	11706
109	11707
27	11707
114	11708
37	11709
32	11709
49	11709
89	11710
325	11711
54	11711
0	11712
195	11712
92	11713
66	11714
99	11714
78	11714
14	11715
35	11716
15	11717
19	11718
87	11718
20	11718
12	11719
6	11720
52	11721
107	646
195	646
68	11723
80	11724
125	11725
130	11726
38	11726
33	11727
57	11540
6	11728
33	11729
0	11730
53	11731
291	11732
18	11733
1	11734
44	11735
14	11735
6	11736
78	11737
0	11737
80	11738
83	11739
173	11739
12	11739
1	11739
52	11740
14	11740
43	11741
12	11742
25	11743
105	11744
35	11745
27	11746
157	11747
43	11748
32	11749
21	11750
7	11751
0	11751
5	11751
6	11752
40	3076
9	11753
1	11754
14	11755
145	11756
24	11757
1	11758
13	11759
83	11761
15	11761
49	11761
1	11761
80	11762
123	11762
125	11762
83	11762
33	11762
9	11763
48	11764
44	11658
35	11658
59	11765
4	11766
15	11766
20	11766
7	11767
1	11767
21	11767
25	11768
67	7635
40	11769
116	11769
57	11769
10	11769
125	11769
68	11769
32	11769
17	11769
1	11769
3	11769
25	11770
121	11771
0	11772
0	11773
48	11774
43	11774
15	11774
37	11775
12	11776
1	11776
17	1595
11	10274
35	10274
7	11777
10	11778
6	11779
52	11780
85	11781
6	11782
44	11784
9	11784
36	11784
16	11785
132	11786
49	11786
117	11786
21	11787
53	7240
107	11788
7	11789
0	11789
68	11790
14	11791
1	11791
84	11793
0	11793
32	11794
6	11796
1	11796
123	9653
61	9653
9	9653
29	9653
42	11797
277	11798
0	1674
37	11799
1	11799
21	11800
6	11801
54	11802
52	11804
125	11805
1	11806
38	11807
66	11808
59	11808
17	11808
17	11809
12	11809
16	11810
45	11811
32	11812
1	11812
82	11813
112	5438
51	5438
14	11814
318	11815
1	11816
64	11817
62	11818
111	11818
17	11819
43	11820
77	18
52	7105
109	11822
27	11822
73	11823
183	11824
48	11825
6	11826
64	11827
21	11827
6	11828
34	11829
1	11831
8	11832
21	11833
43	11834
15	11834
1	11834
109	11835
50	11835
27	11835
54	11836
51	11837
14	11837
6	11837
183	11838
56	11839
43	11839
88	11839
81	11839
32	11840
83	11841
92	11842
12	11842
44	11843
48	11843
2	1708
36	11844
26	464
146	11845
11	11845
0	11845
155	11845
9	11846
82	11847
5	11847
15	11848
74	11849
6	11850
51	11851
1	11852
216	11853
15	11854
15	11855
24	11856
31	11857
177	11858
54	11859
117	11859
175	11860
101	11860
92	11861
7	11862
37	11864
43	11864
17	11866
93	11866
36	11867
11	11868
49	11868
78	11868
21	11868
17	11869
25	11870
6	11871
198	7663
1	11872
267	11873
50	11873
105	8058
31	11874
23	11875
1	11876
37	11877
12	11877
53	11878
15	11879
105	11880
42	11881
57	11881
184	11882
54	11883
1	11884
125	11885
80	11265
17	11886
8	11887
9	11887
9	11888
54	11889
0	11890
0	11891
14	11893
15	11894
108	11894
22	11894
99	9781
24	9781
1	11895
11	11896
217	11897
6	11897
0	457
68	11898
29	11898
107	11899
15	11899
99	231
15	231
17	231
0	231
3	231
55	4862
11	4862
1	4862
14	11900
21	11900
9	11901
79	11904
132	11905
6	11906
26	11907
127	11385
291	11908
41	11909
32	11910
1	11911
0	11912
1	11913
55	11914
48	11914
1	11916
44	1933
145	11917
123	11918
61	11918
9	11918
29	11918
109	11919
27	11919
7	11920
51	11920
17	11920
1	11920
0	11921
18	1378
10	11922
1	11923
24	11924
105	11924
1	11925
53	11926
13	11927
6	11928
98	11930
153	11930
0	11931
16	11932
78	11933
3	11934
70	11935
11	11936
181	6298
1	11937
84	11938
6	11939
31	11939
0	11940
38	11941
83	8656
12	8656
1	8656
42	11943
150	11943
223	11944
6	11944
4	11945
14	11945
5	11945
51	11946
17	11946
12	11947
27	11948
67	11949
55	11951
0	11951
303	11952
148	11952
43	11952
22	11952
1	11953
80	11956
1	11957
56	11958
129	11958
30	11959
1	11960
80	11962
7	11963
171	8378
12	8378
71	818
0	818
52	11964
89	11965
125	11966
43	11967
46	11968
83	11968
77	11968
1	11968
20	11968
195	11969
113	11970
1	11971
56	11972
76	11972
11	11972
155	11972
6	11972
1	11972
177	11803
36	11803
36	11973
41	11974
45	11974
107	11974
6	11974
37	11975
17	11975
1	11975
7	11976
15	11976
0	11976
57	11977
260	11978
84	11979
105	11980
8	11981
9	11982
1	11982
15	11742
9	11983
44	11984
19	11984
127	11985
105	11986
80	11987
80	11988
1	11989
132	1787
99	11990
89	11991
84	11992
117	11992
11	11993
15	11993
9	11994
0	11995
78	11996
0	11998
1	11998
53	11999
78	12000
95	12001
55	12002
83	12002
171	12002
15	12003
54	12004
25	12005
326	12006
15	12006
109	12007
27	12007
0	12008
37	12009
1	12009
1	1806
110	12010
60	12011
115	12012
149	12013
95	12015
6	12016
1	12017
1	12019
54	12020
53	12020
77	12021
6	46
25	12022
53	12024
128	12025
3	12026
55	12027
4	12028
33	12028
51	12029
14	12029
0	12030
80	12031
36	12031
44	12032
48	12032
11	12033
20	12033
17	12034
15	12035
77	12036
53	12037
19	12038
142	12038
55	12039
0	12039
56	12040
24	12040
9	5537
188	12041
1	12041
83	12042
12	12042
68	12043
10	12044
30	12045
24	12046
0	12046
6	12046
83	12047
1	12047
17	12048
56	12049
6	12049
129	12049
117	12050
49	12051
0	12051
1	12051
1	12052
117	12053
50	12054
57	12055
99	12056
66	12057
62	12058
0	12058
1	12059
52	12060
134	5669
6	12061
11	12063
155	12063
32	12064
6	12065
43	12066
1	12066
32	12067
93	12067
18	12068
43	12069
67	212
68	12071
7	12071
127	12072
83	12073
7	12073
11	12073
17	12073
6	12074
109	12075
27	12075
127	12076
0	1562
8	12077
53	12078
99	12079
78	12080
37	12081
9	12081
1	12081
34	12082
7	12083
0	12084
55	12085
48	12085
78	12086
111	12087
80	12088
99	12089
32	12090
50	12091
1	12092
6	12093
70	12093
4	12094
6	12095
66	12096
89	3701
54	12097
24	12098
15	12098
0	12098
43	12099
1	12099
15	12100
0	12100
6	12101
0	12103
132	12104
57	12105
7	12106
0	12106
198	12107
24	12107
56	12109
104	12109
80	12110
7	12111
0	12112
260	12113
53	12114
6	12115
49	12116
0	12116
53	12117
51	4056
17	4056
45	12118
56	12120
146	12120
327	12120
118	12120
6	12120
15	12121
14	12122
1	12122
54	12123
1	12123
37	12124
1	12124
77	12125
1	12126
14	12127
29	12128
112	12129
30	12129
6	12129
103	12130
37	12131
44	12133
110	12133
14	12133
36	7245
31	7245
109	12134
27	12134
6	12134
80	12135
43	12135
43	12136
17	12136
16	12137
122	12138
42	12139
123	12140
7	12141
17	12143
9	12144
1	12144
80	12146
99	12147
1	12147
29	12148
286	12148
31	12148
67	12149
328	12150
112	12151
68	12152
48	12153
76	12153
24	12153
0	12153
48	12154
32	12154
6	12155
99	12156
56	12158
32	12159
54	12160
32	12161
1	12161
97	12162
25	12162
15	12163
53	12164
11	12165
17	12165
0	12165
124	12166
0	12168
66	12169
0	12169
60	12170
28	12171
180	12172
45	12173
1	12174
96	12175
286	12176
25	12177
6	12178
42	12179
19	12179
58	12179
59	12180
61	12181
18	12181
6	1005
44	12182
43	12183
43	12184
178	12184
195	12184
81	12184
86	12185
80	12186
0	12187
42	12188
19	12188
20	12188
44	12189
78	12189
23	12190
12	12191
26	12192
9	12192
66	12193
48	12194
10	182
63	182
21	182
124	12195
107	12196
113	10275
13	12197
59	12197
110	12197
0	12197
19	5917
22	5917
199	5917
68	12198
90	12198
30	12198
83	4250
64	4250
54	12199
15	12200
121	12200
89	12201
106	12203
45	12204
15	5803
12	12206
43	12207
15	12208
43	5856
40	12210
99	12211
74	12212
76	12214
11	12214
0	12214
66	12216
142	12217
21	12217
38	12218
25	12219
6	12220
104	5076
46	12221
15	886
0	886
3	886
68	12069
15	12222
0	12222
6	12222
123	12223
15	12223
72	12224
75	12225
127	12226
6	4422
55	12227
7	12227
17	12227
85	12228
15	12228
0	12228
7	12229
54	12229
7	12230
76	12230
11	12230
0	12230
104	12231
1	5524
37	12232
80	12232
20	12233
78	12234
1	12234
80	12235
121	3854
240	12236
48	12237
54	12238
53	12238
63	12239
54	12240
15	12241
45	12242
104	12242
15	12242
3	12242
300	1713
15	12243
7	12244
54	12244
99	12245
52	12246
54	12246
53	12247
15	12248
165	12249
166	12249
1	12249
11	12250
15	12250
50	12251
123	12252
40	435
15	435
15	12253
17	12254
34	12254
106	12255
61	12255
83	12255
25	12256
106	12257
6	12257
123	12258
6	12259
15	4323
120	4323
37	12260
1	12260
22	12260
15	12261
6	12262
104	12263
80	12264
15	12264
85	12265
181	12266
9	12266
99	12267
12	12268
115	12269
149	12269
1	12270
48	12271
50	12271
10	12272
1	12273
11	12274
49	12274
0	12274
1	12274
44	6474
104	12276
0	12277
68	12278
76	12278
6	12278
125	12279
72	12279
51	12279
17	12279
117	12280
68	12281
7	12281
50	12282
54	12283
53	12283
57	3867
58	12284
57	12285
6	12286
83	12287
44	12288
21	12288
1	12289
11	12290
49	12290
127	12291
87	12291
6	12291
44	12292
19	12292
45	12292
1	12292
20	12292
260	12293
21	12295
36	12296
109	12297
27	12297
15	12298
109	1098
27	1098
7	12300
117	12300
19	12302
117	12303
7	1368
44	12304
36	12304
54	12305
78	12306
92	12307
77	12307
32	12308
12	12308
190	7611
74	12309
132	12310
57	12310
52	12310
119	12310
7	12310
76	12310
49	12310
117	12310
0	12310
1	12310
28	12312
68	12312
74	12313
36	3828
1	12314
3	12314
1	12315
30	12316
20	12317
48	12318
114	12318
6	12319
6	12320
110	12321
7	12322
7	12323
1	12324
64	12325
36	12325
66	12326
11	12326
83	12327
1	12327
24	12328
0	12328
44	187
259	2316
80	12329
26	12330
61	12331
109	12331
27	12331
117	12332
78	12332
21	12332
11	12333
50	12334
7	12335
110	12336
195	12336
110	12337
0	12338
17	12339
40	12340
66	12340
45	12340
195	12340
6	12340
22	12340
7	12341
54	12342
27	12343
58	12343
14	12344
53	12345
88	12346
7	8478
0	8478
12	4203
37	12347
74	4516
44	12348
110	12349
55	12350
48	12350
4	12350
5	12350
1	12350
55	12351
0	12351
1	12351
127	6829
50	12352
42	12353
133	12353
195	12353
1	12354
302	12355
48	12355
11	12356
1	12356
9	12357
115	803
6	803
78	12358
44	12359
17	12359
55	12360
135	12360
7	12360
54	12360
95	12361
83	12361
255	12361
1	12361
37	85
1	85
7	12362
146	12363
11	12363
15	12364
0	12364
1	12364
48	12365
7	12365
78	12365
53	12365
6	12366
61	12367
18	1403
9	1403
6	12368
51	12370
134	11647
0	12371
8	12372
58	12373
41	12374
1	12376
12	12377
80	3850
54	12378
48	12379
130	12380
6	12381
53	12382
36	12384
6	12384
104	12385
6	12386
1	12387
0	12388
4	12389
0	12389
3	12389
7	12390
0	12390
13	12391
36	12392
125	6483
6	12393
329	12394
10	12394
15	12395
81	12396
124	12397
1	12398
16	10409
14	12399
66	12400
1	12400
49	11459
54	12401
154	12402
130	12403
11	12403
64	12403
1	12403
14	12404
150	12404
9	12405
48	12406
277	12406
114	12406
43	12407
9	12408
7	12409
54	12409
104	12410
6	12410
8	3854
44	6507
14	6507
6	12411
7	12412
11	12412
0	12412
223	12413
6	12413
91	12414
76	12415
50	12416
51	12417
52	12419
174	12420
44	12421
4	12421
5	12421
29	12422
17	12423
54	12424
75	12425
112	12426
51	12426
12	12426
51	12427
6	3776
224	12428
54	12428
6	12428
1	12428
48	12429
146	12430
206	12430
22	12430
147	12430
6	12431
54	12432
6	12433
51	781
1	12434
6	7872
1	7872
85	12435
10	12436
92	12437
107	12437
133	12438
122	12438
11	12439
0	12439
189	12440
44	12441
57	12441
83	12441
24	12441
58	12441
5	12441
6	12441
286	12442
59	12443
1	12444
15	12445
28	8330
118	8330
0	8330
6	12446
34	8057
42	12447
48	12448
41	12448
4	12448
24	12448
5	12448
80	12449
6	12450
9	12451
125	6563
208	6563
25	12452
7	12453
35	12454
15	12455
37	12456
99	12456
46	12457
17	12457
57	12458
1	12459
14	12460
57	12461
52	12461
7	12461
110	12461
53	12461
81	12462
20	12462
245	12462
3	12463
330	10459
109	12464
27	12464
35	12464
7	12465
40	12466
1	12467
50	241
49	12468
1	12468
36	12469
7	12470
0	12470
43	12471
63	12472
7	12473
36	12474
197	12474
59	12475
40	1701
37	12476
52	12477
44	3543
14	3543
1	3543
11	12478
32	12478
182	12478
49	12478
14	12478
155	12478
105	12479
160	12480
1	12481
11	12482
49	12482
155	12482
15	12483
120	12483
4	12484
11	12484
35	12484
27	12485
1	12486
6	12487
112	12488
9	12489
1	12489
48	12491
54	12492
156	12493
1	12493
77	12494
37	12495
44	12495
20	12495
21	12495
106	12496
15	12497
1	12497
13	2564
0	12498
1	12499
34	12500
81	12501
199	1481
104	12502
105	12502
6	12502
7	12503
15	12503
1	12503
154	12504
17	12505
0	12506
99	12507
18	2187
43	12508
43	12509
10	7457
11	7457
0	7457
54	12510
11	12511
15	12511
0	12511
116	12512
7	12512
118	12512
6	12512
22	12512
4	12513
104	12514
107	12514
15	12514
66	961
63	12515
25	12516
248	12517
25	12518
68	12519
89	1032
25	12520
17	12521
112	12522
51	12522
154	12522
0	12523
36	12524
1	12525
55	12526
113	12527
136	12528
4	12529
46	12530
9	12531
99	12532
50	12533
5	12534
54	12535
14	12536
78	12537
0	12537
9	12538
117	12539
21	12539
61	12540
59	12541
84	12542
117	12542
53	12542
1	12543
7	12544
52	12545
54	12545
36	4797
11	12547
59	12548
6	12549
82	12550
15	12550
195	12550
22	12550
56	12551
80	12552
1	12553
29	12554
15	12555
6	12556
82	12557
41	12557
43	12557
104	12557
80	464
1	464
6	12558
6	12559
6	12560
6	12561
230	12562
113	12562
15	12563
0	12563
43	12564
13	12565
52	12566
53	12566
193	12567
48	12567
170	12568
77	12568
207	12568
20	12568
55	12569
7	12569
1	12569
6	12570
12	12571
66	12573
34	12573
14	12574
76	12575
11	12575
58	12575
80	12576
15	12576
1	12577
44	12578
1	12578
54	12579
28	12580
1	12581
123	12582
19	12582
11	12582
155	12582
50	12583
169	7955
54	12584
54	12585
7	12586
68	12587
19	12588
99	12588
22	12588
36	12589
17	12590
12	12590
0	12591
1	644
1	12592
87	12593
58	12593
107	12594
12	12595
9	12596
9	12597
12	12598
6	12599
40	12601
68	12601
6	12601
37	12602
43	12602
146	12603
58	12603
1	12603
147	12603
1	8378
36	12604
0	12605
1	12606
6	12607
0	12608
25	12609
15	5281
30	12610
14	12611
37	12612
52	12612
1	12612
36	12613
123	12614
26	12614
1	12615
110	12617
1	12617
109	12619
103	12619
27	12619
61	257
36	12620
89	12621
97	12621
25	12621
16	12621
6	12622
64	12623
173	1787
1	1787
40	12624
10	12624
32	12624
12	12624
94	12625
109	12626
29	12626
27	12626
30	12626
51	12627
17	12627
0	12627
36	12628
15	12629
66	12630
25	12631
54	532
124	12632
40	12634
7	12635
107	12636
15	12636
0	12637
55	12638
53	12639
85	12640
6	12641
53	12642
15	12643
89	12644
7	12645
228	12645
124	12646
47	12647
18	12648
6	12649
50	12650
19	12651
54	12652
55	12653
0	12653
113	12653
53	12654
25	12655
1	12657
15	2660
121	2660
17	12658
42	12659
7	12660
68	12662
90	12662
20	12662
44	12663
14	12663
55	12664
0	12664
1	12664
6	12666
74	12667
25	6162
34	12668
4	12669
50	12669
68	12670
7	12670
0	12670
5	12670
68	12671
43	12672
24	12673
15	12673
0	12673
99	12674
6	12674
117	12675
43	12676
41	6040
95	6040
104	6040
99	6040
0	6040
6	6040
46	12677
91	12677
53	12678
59	12679
104	12680
15	12680
6	12680
43	12681
48	12682
2	12683
109	12684
27	12684
48	12686
298	12687
49	12688
55	12689
0	12689
269	793
19	12690
142	12690
6	12691
53	12691
99	12693
44	12695
83	12695
68	12695
45	12695
90	12695
14	12695
133	12696
195	12696
20	12696
67	12697
237	12698
107	12699
53	12700
106	23
41	12701
24	12701
15	12701
5	12701
6	12701
35	12701
105	12702
115	12703
117	12703
53	12704
80	12705
43	12705
7	12705
159	12705
6	12705
1	12705
43	12706
19	12706
27	12706
43	12707
92	12708
217	12710
61	12710
43	12710
68	12710
18	12710
17	12710
111	12710
6	12710
1	12710
23	12710
94	12710
6	12711
43	4219
36	11003
84	11003
91	12712
15	12712
1	12713
6	12714
37	12716
1	12717
7	12719
6	12720
43	464
7	464
76	464
4	464
53	12721
50	12722
43	12723
25	12724
95	12725
15	12725
27	12726
43	12727
113	12727
194	12728
89	12729
31	12730
26	12731
7	12732
0	12732
48	12733
9	12735
50	12736
0	12736
236	12737
42	12738
37	12739
78	12739
0	12739
206	12739
1	12739
37	12740
80	12741
43	12741
1	12742
1	12743
106	12744
61	12744
68	12744
20	12744
66	12745
138	12745
24	12746
110	12746
22	12746
109	12747
14	12747
27	12747
1	12747
33	12748
106	12749
89	12750
56	12751
93	12751
78	12752
50	254
15	12753
20	12754
114	12755
44	12756
10	12756
189	12757
6	12758
9	12733
42	12760
0	12760
58	12760
7	12761
0	12761
1	12761
28	36
55	12762
162	12763
0	12764
129	12764
25	12765
7	12766
9	12768
1	12768
111	12769
15	207
29	12770
44	12771
24	12772
30	12772
48	12773
255	12773
63	12774
6	12775
82	12776
41	12776
24	12776
116	12778
104	12778
15	12778
6	12778
70	12778
75	464
64	12780
75	12781
123	12782
127	12782
89	12783
77	12784
61	12785
18	12785
30	12786
50	12787
40	12788
70	12788
17	4961
7	12789
51	12789
0	12789
54	3927
54	3692
1	12791
234	12792
32	12793
74	12793
6	12795
0	12796
37	12797
95	12798
110	12799
76	12800
42	12801
13	12802
15	12803
0	12803
230	12804
68	12805
90	12805
4	12805
5	12805
24	12807
15	12807
36	12807
12	12807
25	60
21	12808
142	12809
4	12810
21	12812
77	12813
109	12814
27	12814
25	12815
50	12816
86	12816
7	12817
0	12817
51	12818
6	12819
6	12820
8	12821
4	12821
6	12822
24	12823
107	12823
89	12824
7	12825
6	12825
52	12826
8	12827
30	12828
9	12829
41	12830
24	12830
171	12830
17	12831
1	12832
23	767
82	12833
41	12833
24	12833
107	12833
15	12833
0	12834
60	12835
82	12835
92	12835
105	12835
6	12835
48	12836
15	12836
1	12836
7	12837
3	12837
54	12838
110	12839
104	38
9	3921
25	12840
75	12841
53	12842
30	12843
21	12844
60	12845
56	12845
0	12846
68	12847
195	12847
114	12847
20	12847
14	12848
24	12849
28	923
30	923
37	12850
43	12850
25	12851
112	12852
0	12853
8	5060
92	12854
6	12855
15	10319
116	12856
44	12856
50	12856
36	12856
103	12857
36	12858
6	12859
29	12860
15	12861
6	12861
85	12862
80	12863
99	12863
6	12863
1	12863
8	12864
0	12864
4	12865
1	12866
28	278
35	278
21	278
110	12867
88	12867
53	12869
6	12870
28	12871
92	12871
37	12872
1	12872
74	12873
15	12874
57	12875
223	12875
15	12875
6	12875
32	12876
15	12876
149	12876
0	12876
9	12877
1	12877
19	646
17	646
17	12878
89	12879
53	12880
17	12881
99	12882
17	12883
6	12884
21	12885
60	12886
41	12886
19	12886
24	12886
15	12886
6	12887
123	1365
24	1365
29	1365
20	1365
91	464
43	12888
6	12888
68	12889
45	12890
6	12890
12	12891
0	12891
15	12892
120	12892
44	12893
21	12893
1	12894
70	12895
58	12896
93	12897
15	12898
121	12898
1	12899
125	12900
158	12900
7	12902
24	12902
15	12902
20	12902
1	12903
61	12904
115	12904
18	12904
31	12904
37	12905
1	12906
67	12906
49	4775
17	12907
1	12908
37	12909
0	12910
31	12912
195	12913
43	11937
4	12914
51	12914
14	12914
78	12915
7	12916
1	12917
25	12918
33	12919
110	12920
5	12921
1	12922
21	12922
68	12923
17	12923
1	12924
37	12925
48	12926
43	12926
4	12926
36	12926
6	12926
1	12926
23	12926
7	12927
124	12928
32	12929
190	12929
124	12930
99	12931
21	12931
108	207
0	12932
95	12933
17	12933
0	12933
12	12934
103	12935
6	12935
1	12936
6	12937
118	12938
53	12939
206	12940
1	12940
6	3615
48	12941
80	12942
8	2764
21	12943
260	12944
44	12945
15	12946
12	12946
11	3642
43	12947
6	12947
0	12948
1	12949
32	12950
57	12951
117	12951
17	12952
30	5448
276	12953
6	12954
124	12955
251	12956
48	12957
82	12958
46	12958
107	12958
195	12958
24	12959
15	12959
54	12960
6	12961
68	12962
7	12962
1	12962
75	12963
63	9308
17	9308
1	12964
106	12965
95	12966
99	12967
55	12968
0	12968
165	12969
12	12969
1	12970
6	12971
48	12972
85	923
6	923
105	5922
7	12973
28	12974
24	12975
34	12975
60	12976
17	12977
57	12978
53	12978
48	12979
24	12979
1	12979
48	12980
42	12981
19	12981
20	12981
21	12981
19	12982
17	12982
142	12982
0	12982
20	12982
11	12984
44	12985
19	12985
195	12985
61	12987
6	12988
238	12988
17	12989
16	678
95	12990
179	12991
15	12991
110	12991
81	12991
52	12992
7	12992
99	12993
64	12993
95	12994
24	12996
78	4865
7	12997
82	12998
99	12999
1	12999
53	13000
105	13001
6	13001
0	1273
15	13002
95	13003
331	13004
109	13005
127	13005
74	13005
27	13005
1	13005
53	13005
6	13006
78	13007
0	13007
6	13008
3	13009
38	13011
104	13011
124	13012
6	13013
33	7441
56	13014
0	13014
1	13015
11	13016
105	13017
53	13018
36	13019
197	13019
186	13020
34	13022
70	2536
10	13023
68	13023
1	13024
89	92
43	13025
46	13026
7	13026
15	13027
52	13028
172	13028
17	13029
70	13029
109	13030
14	13030
27	13030
30	13030
52	13031
7	13032
33	13033
17	13034
144	13035
13	13036
64	13037
17	13037
50	13038
67	13039
224	13040
67	13040
89	13041
123	13041
91	13041
109	13041
9	13041
111	13041
27	13041
1	13041
23	13041
25	13042
123	12
40	13043
99	13044
68	13045
84	13045
0	13045
40	13046
44	13047
68	13047
17	13047
14	13047
132	13048
54	13048
117	13048
13	13049
15	13049
55	13050
0	13050
20	13050
15	13051
279	13052
1	13053
0	13054
47	13055
99	13056
59	13057
107	13058
6	13058
29	13059
7	13060
0	13060
115	13061
9	13062
17	13062
24	923
15	923
0	923
320	13063
153	13064
79	13065
91	616
121	616
48	13066
14	13067
54	13068
6	212
223	13069
6	13069
124	13070
66	13072
154	13072
117	13072
7	13074
11	13074
68	13075
15	13076
42	13077
21	13077
136	13078
58	13078
12	10348
123	13079
9	13079
94	13079
48	13080
79	13080
0	13081
6	3849
7	13082
53	13082
1	13083
58	13084
109	13085
27	13085
68	13086
51	13086
56	13087
146	13087
76	13087
11	13087
155	13087
6	13087
1	13087
48	13088
24	13088
15	13088
66	13089
74	13090
9	13091
9	13092
36	13092
62	13092
1	13092
88	13093
31	13093
34	13094
16	13095
83	13096
58	13096
1	13096
7	13098
1	13098
8	13099
7	13099
0	13099
184	13100
1	13101
9	13103
61	13104
105	13104
55	13105
78	13105
0	13105
56	13106
25	13107
78	13108
96	13109
206	13110
132	13111
76	13111
59	13112
11	13113
0	13113
82	13114
32	5750
1	13115
4	13116
7	13117
7	8173
105	8173
6	8173
6	13118
54	13119
154	13120
1	13121
36	13122
6	13122
1	13123
15	13124
132	13125
223	13125
112	13125
18	13125
17	13125
6	13125
3	13125
80	7636
105	13126
6	13126
85	13127
21	13128
83	13129
5	13129
16	4787
36	13130
25	13131
80	13132
29	13133
36	13134
284	13135
181	7198
7	13137
0	13137
1	13138
74	13139
51	13140
12	13140
27	923
15	13141
0	13141
0	13142
1	13142
125	13143
158	13143
91	13144
121	13144
74	13144
0	13145
260	13121
50	13146
8	13147
83	13147
17	13147
14	13147
103	13148
6	13149
176	13150
40	13151
80	13151
43	13151
14	13151
23	13152
15	13153
0	13153
54	13154
24	13154
64	13155
124	13156
9	13157
46	13158
48	13159
10	13160
104	13160
78	13160
21	13160
80	13161
12	13161
48	13162
54	13163
85	13164
44	13164
112	13165
6	4300
54	13166
15	13167
52	13168
9	1713
68	13169
0	827
0	13170
1	13170
5	13171
93	13171
123	9862
26	13172
77	13173
6	13174
255	13175
89	13176
36	13177
1	13178
53	13178
49	13179
15	13180
7	13181
123	767
51	13182
14	13182
109	2696
27	2696
1	13183
123	13184
181	13184
29	13184
94	13184
53	13185
85	13186
7	13186
66	13187
68	13187
104	13187
15	13187
52	1474
1	13188
80	13190
6	13190
66	13191
53	13192
72	10348
12	10348
1	13193
15	13194
6	10467
48	10275
24	13195
15	13195
110	13196
112	1991
156	13197
1	13197
17	1025
55	13199
0	13199
1	13199
134	13200
177	13201
54	13202
117	13202
37	13203
12	13203
20	13203
232	13204
80	13205
54	13205
51	13205
104	13206
105	13206
24	13207
15	13207
332	13208
114	13209
17	13210
23	562
6	6035
54	13211
1	13212
25	3867
8	1032
6	13213
46	13214
41	13214
145	6947
33	13215
25	13216
36	13217
80	13218
6	13219
48	13220
134	13221
35	13221
67	13221
20	13222
109	13223
24	13223
15	13223
27	13223
6	13223
167	13224
123	13225
104	13226
6	13226
93	13227
104	13228
7	13229
1	13229
46	13231
63	13231
74	13232
17	13233
1	13233
59	13234
0	13234
99	2604
78	2604
1	2604
60	13235
83	13237
12	13237
68	13238
1	13239
25	13240
48	13241
0	13241
48	13242
44	13243
68	13243
90	13243
12	13243
14	13243
34	13244
9	13245
125	13246
16	13246
15	3076
120	3076
1	13247
7	9638
0	9638
34	13248
6	13249
1	13250
333	13251
108	13251
123	13252
132	13253
57	13253
7	13253
54	13253
76	13253
51	13253
55	13254
0	13254
23	13255
12	13256
74	13257
18	13258
6	13259
22	13260
1	13261
17	13263
130	13264
17	13264
12	13264
41	13265
7	13267
110	13267
25	13268
132	13269
67	13269
186	13269
43	13270
88	13271
124	13272
28	13273
24	13273
118	13273
43	10901
57	923
28	923
134	923
53	923
21	923
4	13274
1	13274
22	13274
15	13275
91	10536
24	10536
0	10536
6	10536
53	10536
70	10536
15	9388
49	9388
54	13276
50	13276
27	13277
105	13278
52	13279
48	13280
15	13281
1	13282
110	18
44	13284
68	13284
17	13284
14	13284
55	13285
109	7635
103	7635
27	7635
95	13287
44	13289
170	13290
68	13291
90	13291
0	13292
50	13293
1	13294
111	8425
15	13296
14	13297
1	13297
68	13298
90	13298
0	13299
99	13300
23	13301
1	13302
113	13303
1	13304
112	13305
53	13306
40	13307
230	13308
21	11803
124	13309
1	13310
44	6507
25	11937
7	13311
0	13311
170	13312
0	13312
50	13313
1	13314
61	6898
18	6898
62	6898
117	13315
256	13315
15	13316
6	13317
9	13318
1	13319
36	13320
109	13321
27	13321
123	13322
298	13323
40	13324
11	13324
32	13324
5	13324
6	13324
51	206
145	13325
53	13326
16	13327
43	13328
0	13329
44	10383
43	542
7	13330
7	13331
11	13331
17	13331
34	13331
7	13332
11	13332
37	13333
57	13333
72	13333
7	13333
32	13333
17	13333
33	13333
57	2758
0	13334
79	13335
45	13336
30	13338
66	13339
25	13340
83	13341
32	13341
0	13341
113	13342
80	7005
1	13343
6	13344
33	13345
14	13345
55	13346
9	13347
55	13348
44	13349
55	13349
125	13349
7	13349
14	13349
1	13349
53	13349
21	13349
261	13350
44	13351
25	13352
66	13353
59	13353
52	13354
17	13354
0	13354
6	1961
1	13355
80	13356
44	13357
58	13357
1	13357
21	13357
1	13358
1	7646
59	13359
1	13360
9	13361
154	13362
0	13363
54	8328
1	13364
50	13365
78	13365
58	13365
38	13366
42	13367
150	13367
72	13368
44	13369
48	13369
64	13369
12	13369
0	13369
21	13369
3	13369
59	13370
1	13371
109	13372
14	13372
27	13372
1	13372
43	13373
6	13374
104	13375
105	13375
34	13376
0	13377
83	13378
91	13379
110	13379
103	13380
0	13381
57	13382
45	13382
7	2337
54	2337
55	13383
83	13383
1	13383
54	13384
1	13384
132	13385
6	13386
44	9565
6	13387
15	13388
54	923
44	13389
1	13390
12	13391
53	13392
12	13393
1	13393
36	13394
197	13394
1	13395
86	13396
41	13397
74	13397
63	13398
6	13399
3	13399
34	13400
80	13401
43	13401
97	13402
57	13403
49	13403
70	13403
237	1553
1	13404
66	13405
99	13406
29	13406
21	13406
96	13407
53	5198
37	13408
117	13409
21	13410
5	13411
1	13411
199	13411
0	13412
0	13413
5	13413
3	13413
17	13414
42	13415
57	13415
112	13416
36	13417
1	13418
104	13419
6	13419
112	13420
24	13421
54	13422
6	13422
53	13422
6	13423
74	13424
38	13425
199	13426
104	13427
32	13428
6	13429
27	13430
30	13430
169	13431
56	13432
183	13433
282	13434
50	13435
68	13436
21	13436
70	13437
58	13438
125	13439
77	3927
109	13440
27	13440
46	257
14	13441
37	13442
43	13442
15	13443
55	115
24	115
15	115
36	115
84	115
0	115
67	115
16	13444
53	13445
66	13447
15	13447
36	13448
113	13449
99	13450
55	13451
104	13452
6	13452
50	231
15	13453
24	13454
15	13454
15	13455
54	13456
73	13457
68	13458
7	13458
53	13459
112	13460
15	13461
17	13462
66	13463
51	13463
14	13463
42	13464
87	13464
1	13465
24	13466
6	13466
76	13467
0	13467
59	13468
82	13469
104	13469
15	13469
30	13469
121	13470
0	13471
115	13472
6	13472
53	13473
123	13474
7	13474
0	13474
6	13475
83	13476
5	13476
1	13476
1	8983
15	13477
36	10866
99	13478
7	2400
125	13479
36	13480
0	13481
17	13482
6	13483
80	13484
174	13485
59	13486
97	13487
68	268
17	268
80	13489
53	13490
11	13491
6	13492
31	13492
0	13493
85	13494
6	13494
109	12960
27	12960
9	7005
109	13495
27	13495
50	13496
116	13497
6	13498
127	13499
15	13500
261	13501
80	13502
165	13502
63	13502
69	13502
216	13502
166	13502
49	13502
12	13502
54	13503
125	13504
9	13505
68	13506
44	13507
15	13508
0	13509
37	13511
29	4684
24	13512
1	13512
57	13513
48	13514
13	13515
21	13516
67	13517
6	13518
6	13519
234	13520
17	13520
103	13520
6	13520
55	13521
99	13521
76	13521
14	13522
54	13524
15	13524
14	13525
95	13526
60	13527
123	13527
82	13527
66	13527
146	13527
41	13527
24	13527
74	13527
92	13528
25	13529
67	13530
67	13531
6	13532
260	13533
48	13534
43	13534
3	13535
52	13536
17	13536
109	13537
68	13537
90	13537
27	13537
43	12553
1	13538
7	13539
104	13540
6	13540
53	13541
15	13542
54	13543
37	13544
110	13544
13	13545
67	13545
109	2795
27	2795
31	13547
148	13548
149	13548
112	13549
150	13549
10	13550
7	13550
0	13550
88	13551
4	13552
68	13553
57	13554
9	13555
15	13556
120	13556
53	13556
6	13557
43	13558
11	13558
109	13559
27	13559
15	257
48	13560
54	13561
94	13562
15	13563
120	13563
73	13565
118	13566
59	13567
25	10835
37	13568
0	13568
25	13569
1	13570
111	13572
15	13573
127	13574
6	13574
74	13575
105	13576
6	13576
80	13577
52	13577
7	13577
44	13578
68	13578
90	13578
20	10077
22	10077
2	4297
116	13579
15	13579
34	13579
13	13580
11	13580
67	13580
55	13581
55	5616
76	5616
0	5616
58	5616
1	5616
78	13582
6	13583
37	13584
36	13585
1	13586
49	13587
1	13588
78	13589
85	13590
15	13590
0	13590
8	13591
9	13591
54	13592
43	13593
11	13593
6	13593
321	923
83	13594
68	13594
6	13595
57	13596
51	13596
43	2324
1	2324
40	6638
44	13597
17	13597
36	13599
80	13600
53	13601
68	13602
0	13602
0	13603
25	13604
67	13605
157	13606
21	13606
52	13607
1	13608
6	13609
30	13610
34	13611
17	13612
261	13613
6	3773
14	13614
1	13614
0	13615
1	13615
11	270
49	270
0	270
1	270
45	13616
32	13617
110	13618
11	13619
50	13620
122	13621
59	13622
55	13623
19	13624
87	13624
0	13624
57	13625
4	13625
11	13626
15	13626
49	13626
0	13626
6	13626
55	13627
68	13628
17	13628
112	13629
133	13630
1	13631
144	13632
59	13633
1	13634
57	13635
54	13635
53	1838
31	13636
6	13637
31	13637
84	13638
117	13638
89	13639
80	13640
68	13640
69	13640
76	13640
78	13640
7	13641
0	13641
9	3752
117	13642
48	13643
50	1787
111	13644
57	13645
52	13645
7	13645
183	13645
6	13646
13	13647
4	13647
15	13649
52	13650
110	13650
74	13650
25	13651
23	13652
15	12543
68	13653
1	13653
54	13655
51	13656
55	13657
30	13658
6	13658
20	13658
35	4422
40	13659
24	13659
50	13660
48	13661
3	13661
88	13662
87	13663
84	13663
88	13663
6	13663
70	13664
104	13665
105	13665
132	13666
13	13666
54	13666
76	13666
154	13666
117	13666
0	13666
67	13666
21	296
48	13667
6	13668
54	10676
59	13669
7	13670
54	13671
136	13672
43	13673
15	10433
4	13674
5	13674
6	13674
15	13675
1	13675
6	13676
55	13677
0	13677
0	13678
78	13679
7	13680
78	13680
21	13680
233	8629
1	13681
83	13682
5	13682
74	3817
15	13683
6	13683
59	1602
6	13684
6	13685
76	3903
49	3903
36	3903
0	3903
7	13686
0	13686
38	13687
3	13688
67	13689
24	13690
52	13691
27	13692
1	13693
6	13694
125	13695
61	13696
6	13696
83	13697
68	13697
5	13697
37	13698
17	13698
82	13699
41	13699
290	13700
113	13700
7	13701
20	13702
48	13703
43	13704
13	13705
54	13705
77	13706
1	13707
54	13708
54	13709
54	13710
25	13711
15	13712
68	13307
54	13307
15	13714
79	13715
210	13715
77	13716
74	13717
334	13718
25	13719
24	13720
1	13720
17	13721
83	13722
50	13722
71	13723
0	13723
85	13724
82	13724
17	13724
20	13724
23	13725
68	13726
99	13726
25	13727
23	464
28	13728
9	13729
48	13730
25	13731
16	13731
25	13732
41	13733
107	13733
195	13733
78	13734
6	13735
24	13736
7	13737
82	13738
41	13738
54	13739
66	9273
15	13740
170	13741
25	13742
0	13743
1	13744
94	13745
167	13746
44	13746
8	13746
267	13746
43	13746
95	13746
109	13746
9	13746
50	13746
16	13746
36	13746
110	13746
124	13746
27	13746
6	13746
67	13746
15	13747
1	13748
53	13749
7	13750
28	13751
53	13753
2	13754
77	13755
1	13756
42	13757
117	13758
256	13758
54	13759
183	13759
14	13760
24	13761
10	13762
49	13762
0	13763
15	13764
105	13765
87	13765
1	13766
28	13767
1	11007
0	13768
51	13769
8	13770
27	13771
6	13772
1	13773
68	13774
6	13775
14	13776
1	13776
0	13777
54	13778
67	231
61	13779
25	13780
53	13781
133	13782
20	13782
189	13783
24	13785
15	13786
7	13787
1	13787
15	2895
125	13788
16	13788
0	13789
91	13790
116	13791
87	13791
77	13792
14	13793
91	13794
92	13794
121	13794
6	13794
181	1292
0	1292
95	13795
0	13795
37	13796
45	13797
36	13797
10	13798
83	13798
11	13798
0	13798
1	13798
55	5580
15	13799
6	13799
6	1301
50	13800
25	13801
14	13802
24	91
15	91
51	13803
82	13804
54	13804
15	13804
74	13804
255	13804
80	13805
108	13806
84	13807
28	13809
15	13810
5	13811
154	13812
21	13812
91	13813
1	13814
43	13815
11	13816
70	13816
55	13817
0	13817
1	13817
93	13817
54	13818
104	13821
6	13821
89	1806
73	1806
15	13822
25	13823
99	13824
77	13825
6	13825
55	22
125	22
72	22
117	13826
82	7761
1	13827
171	13828
0	13829
43	13830
104	13831
1	13832
50	13833
1	13834
125	13835
65	3284
165	13836
166	13836
43	13837
43	13838
109	13839
27	13839
1	11834
7	13840
24	13840
0	13840
25	13841
5	13842
30	13843
3	13843
92	13844
11	5124
59	13845
1	13846
0	13847
40	13850
56	13851
99	13851
190	13852
36	13853
12	13853
25	22
149	13854
0	13854
20	13854
1	13855
7	13856
59	13856
14	13857
80	8284
63	8284
15	8284
37	13858
1	13858
9	13859
89	13860
15	13861
144	13862
335	13863
113	13863
70	13865
20	3828
48	13866
1	13867
6	767
15	13868
45	13869
6	13869
7	13870
0	13870
44	13871
67	13872
0	13873
58	13873
1	13874
1	13876
1	13877
125	13878
16	13878
28	13879
30	13879
14	13880
1	13880
21	13880
171	460
17	13881
6	13881
20	13881
1	13882
83	13883
6	13883
1	13884
52	13885
42	13886
68	13886
142	13886
9	13887
54	13888
123	13889
181	13889
9	13889
32	13890
13	9644
56	13891
99	13891
36	13891
85	13892
15	13892
17	13893
30	13893
76	13894
11	13894
0	13894
53	13896
54	13897
59	13898
59	13899
20	6827
48	13900
24	13900
15	13900
53	13900
51	13901
25	13902
263	13903
128	13904
1	13905
15	13906
1	13906
178	13907
183	13908
1	13909
17	13910
1	13912
68	12949
77	13913
14	13914
42	13915
24	13915
0	13915
20	13916
51	13917
42	13918
21	13919
124	13920
57	13921
1	13922
54	13923
31	13924
8	13925
1	961
48	13926
17	13926
37	13927
1	13927
54	13928
17	13929
21	13930
1	13931
95	13932
25	13933
31	13934
15	13935
0	13935
28	13936
169	13937
53	13938
1	13939
11	13940
83	13941
68	13941
90	13941
32	13941
20	13941
4	13942
99	1961
0	13944
11	13945
49	13945
78	13945
0	13945
54	13946
37	13947
105	13948
19	13949
195	13949
20	13949
8	13950
9	13950
76	13951
117	13951
70	13951
89	13952
44	13953
110	13953
14	13954
34	13955
12	13956
83	13957
1	13958
1	13959
6	13960
251	13961
23	13961
38	13962
6	13963
36	13849
9	13964
84	13966
109	13969
27	13969
26	13970
6	13971
1	13972
15	13973
0	12039
21	12039
74	13975
6	13163
77	2600
32	13977
15	13977
149	13977
0	13977
1	13979
17	13980
31	13980
61	13981
18	13981
1	13983
57	13984
7	13984
42	13985
64	13986
67	13987
6	13988
54	13989
17	13990
53	13991
206	13992
1	13992
68	13993
1	13994
6	13995
13	13996
15	13997
1	13998
54	13999
91	14000
51	14001
17	14001
88	14003
15	14004
6	14004
70	14004
1	14005
24	14006
132	14007
117	14007
26	14008
51	14009
18	14010
41	14011
107	14011
24	14012
15	14012
1	14012
6	14013
7	841
0	841
116	8629
104	8629
15	8629
36	8629
30	8629
35	8629
1	14014
19	14015
6	14016
61	14017
18	14017
1	14018
2	8362
11	14019
155	14019
74	14020
55	1787
0	1787
37	14021
66	14022
66	14023
132	4142
117	4142
17	14024
72	13224
228	14025
55	14026
66	14026
15	14026
0	14026
17	14027
1	14027
0	521
15	14028
54	14029
50	14031
6	12413
336	14032
11	14033
54	14034
89	14035
1	14036
26	14038
1	14039
230	14040
6	14041
1	14042
42	14043
20	14043
117	14044
26	14045
9	14046
4	14047
36	14048
130	4545
25	4545
40	14049
0	14049
69	14050
59	14050
56	14051
48	14051
79	14051
44	147
58	4491
237	14052
40	13936
50	14053
104	13668
51	14054
14	14054
21	14054
1	8271
17	14055
0	1179
109	14056
36	14056
27	14056
15	14057
25	14058
32	14059
22	14060
55	14061
0	14061
55	14062
11	14062
17	14063
12	14063
1	14063
9	14065
44	14066
11	14067
163	14067
6	14067
66	14068
43	14070
134	14071
160	14072
32	14073
109	14074
103	14074
27	14074
54	14075
19	14076
48	14077
124	14078
54	14079
21	89
52	2789
25	14081
103	14082
21	11574
18	14083
27	14083
1	14084
77	14085
5	14086
1	14086
80	14087
9	3725
1	3725
105	14088
12	14088
6	14088
53	14089
44	4747
19	4747
99	4747
21	4747
1	14090
6	3784
57	14091
27	14092
25	14093
6	14094
1	14095
48	14096
112	14097
57	14098
253	14098
50	14098
46	715
46	14100
4	14100
15	14100
33	14100
108	14100
6	14100
1	14100
17	14101
125	14102
106	14103
36	14104
162	14105
130	14106
78	14106
1	14106
21	14106
44	14107
48	14108
15	14108
14	14108
1	14109
41	2497
134	1713
35	1713
59	14110
165	14111
166	14111
129	14111
6	14112
54	14113
94	1434
36	14115
43	14116
9	14117
41	14118
15	14118
0	14119
41	14120
0	14120
109	14121
24	14121
27	14121
20	14121
223	14122
6	14122
23	14122
37	14123
55	14123
125	14123
17	14123
29	14124
95	14125
50	9335
95	14126
1	14127
99	14128
1	6942
19	14129
68	14129
228	14129
4	14129
14	14129
0	14130
7	14132
4	14132
54	14133
127	14134
48	14135
144	14136
136	14136
36	14136
87	14137
0	2559
48	14138
11	14139
0	14139
32	14140
17	14140
109	14141
27	14141
1	14141
51	14142
17	14142
59	1554
186	14143
0	14144
1	241
32	14145
7	14146
83	14147
11	14147
171	14147
155	14147
1	14148
6	14149
121	1032
7	14151
17	14151
15	14152
1	2189
11	14153
37	14154
1	14154
26	14156
1	14157
124	14158
6	14159
82	14160
81	14160
24	14161
74	14161
54	3125
36	14162
121	14162
1	14162
154	14163
24	14164
15	14164
15	14165
68	14166
0	14166
89	14167
19	14168
8	14169
66	14170
1	14170
17	14171
12	14171
142	14172
195	14172
260	14173
18	14175
1	14176
1	14177
36	14178
0	14178
7	2891
17	2891
0	2891
49	14179
19	14180
87	14180
27	14180
124	14181
24	14182
15	14182
13	10316
67	10316
0	14183
1	14183
127	14184
24	14184
9	14185
37	14186
116	14186
182	14186
87	14186
206	14186
6	464
6	14187
1	14188
48	14189
114	14189
0	14190
9	14191
46	1141
1	14192
53	14192
41	14193
1	14194
3	14194
110	1329
106	14195
117	14196
9	14197
37	14198
1	14198
60	14199
12	14199
80	14200
117	14201
0	14202
59	14203
15	14204
123	14205
7	14206
59	14207
148	14208
11	14208
21	14208
25	14209
54	14210
17	14210
74	14210
14	14210
20	14211
55	14212
48	14212
79	14212
83	14213
54	14214
9	14215
1	14215
7	14216
183	14216
1	14217
110	14218
27	14219
7	14220
54	14220
15	14220
41	9301
109	14221
103	14221
27	14221
6	14221
9	14222
68	14223
90	14223
6	14224
6	14225
6	821
6	6638
150	14226
49	14227
78	14227
89	14228
146	14229
15	14229
195	14229
147	14229
6	14230
24	14231
15	14231
0	14231
48	14232
45	14233
15	14233
30	14233
41	14234
24	14234
15	14234
17	14236
36	14237
127	14238
9	14239
17	14239
46	14240
0	14241
82	14242
41	14242
107	14242
95	14244
0	14244
109	14245
15	14245
27	14245
55	14247
83	14247
136	14247
79	14247
32	14248
70	14249
30	14250
9	11787
11	14251
21	14251
71	14252
0	14252
181	14253
206	14254
1	14254
0	14255
28	14256
68	14257
93	2497
21	14258
24	1701
15	1701
6	1701
44	14259
40	14260
57	14261
54	14261
0	14262
6	14262
59	14263
6	14264
9	14265
21	14266
9	2702
53	14267
19	14268
22	14268
6	14269
125	14270
158	14270
43	14271
59	14273
1	14274
45	14275
1	14275
110	14276
80	338
19	14277
99	14277
1	14278
1	14279
59	14280
9	14281
1	14281
53	14282
48	14283
156	11787
1	11787
44	13352
83	13352
45	13352
12	13352
20	13352
15	14285
60	14286
0	14287
45	14288
110	14288
7	14289
109	14290
27	14290
80	923
165	923
63	923
69	923
166	923
49	923
99	14291
63	14292
128	14293
21	3635
110	14294
13	14295
127	14296
68	14297
90	14297
89	1191
25	1191
16	1191
1	14298
17	14299
9	91
124	91
77	14300
36	14301
40	4216
54	4216
15	4216
3	4216
107	14008
41	14302
42	14303
51	14304
17	14304
59	14305
136	14306
83	14307
56	14308
7	14309
54	14309
11	14310
12	14310
16	14311
20	14311
74	14313
76	14314
84	14314
117	14314
4	14315
11	14315
84	14315
121	1005
50	14316
16	14317
112	14318
74	14320
6	14321
23	14321
54	14322
66	14323
112	14323
43	14324
18	14324
1	14324
23	14324
94	14324
43	14325
160	14326
93	14326
129	14326
181	14327
42	14328
15	14329
7	14330
54	14330
6	14331
15	14332
66	14333
92	14333
15	14333
121	14333
195	14333
19	14335
22	14335
37	14336
43	14336
57	767
117	14337
31	14338
60	14339
82	14339
279	14340
8	14341
20	14341
40	14342
48	14343
21	14344
38	14345
15	14345
6	14345
37	14347
22	14348
37	14349
160	14350
93	14350
15	14351
54	10632
14	516
73	14352
99	14353
6	14354
50	14356
7	14357
0	14357
1	14358
92	14359
15	14359
121	14360
17	14361
80	14362
66	14362
20	14363
3	14364
127	10143
15	14365
121	14365
32	6298
60	14367
230	257
46	257
112	257
51	257
17	257
6	257
6	14368
11	14369
230	14370
61	231
48	14371
37	14372
43	14372
123	14373
9	14373
110	14374
95	14375
24	14375
1	14376
109	14377
24	14377
15	14377
121	14377
27	14377
6	14377
104	14378
99	14378
88	14378
134	14379
49	14381
170	14381
0	14381
80	14382
63	767
19	14383
43	14385
305	14386
5	14386
6	14386
1	14387
123	14388
1	14389
6	14390
4	14391
11	14391
0	14391
155	14391
132	14392
17	14393
57	14394
223	1365
9	1365
29	1365
6	1365
80	2630
51	14395
44	14396
9	14396
1	14396
21	14396
15	14397
36	14398
54	14399
4	14400
1	14401
1	14402
152	14403
1	14404
20	14404
68	14405
11	14405
21	14405
25	14406
31	14407
9	14408
1	14409
48	14410
53	14411
0	14413
135	14414
51	14414
1	14415
60	14416
146	14416
173	14417
206	14417
15	10951
15	14418
59	187
7	14420
0	14420
52	14421
14	4142
85	14422
123	14423
9	14423
1	14424
52	14425
0	14131
53	14426
53	14427
6	14428
106	14429
0	14430
54	14431
53	14431
95	14432
15	14433
15	14434
68	14435
6	14436
44	14437
40	8671
24	8671
98	14438
36	14438
6	14438
192	14439
43	14440
1	14440
6	14441
62	14442
89	14443
6	14444
0	14445
15	14446
0	14447
8	14448
6	14449
25	14450
130	542
68	14451
90	14451
88	14452
92	14453
149	14453
173	14454
11	14454
0	14454
1	14454
0	14455
7	14456
0	14456
49	14457
124	14458
27	14459
98	8124
11	14461
54	14462
7	14463
77	14464
103	14465
97	14466
17	827
1	14467
15	14468
41	14470
27	14471
66	14472
64	14472
57	14473
24	14473
5	14473
68	6848
15	6848
8	14474
136	14475
6	14476
15	14477
121	14477
42	14478
0	14478
20	14478
104	14479
30	14479
21	14479
36	2937
6	2937
197	2937
28	14480
44	14481
9	14481
1	14481
21	14481
9	14482
57	13482
55	14483
56	14483
48	14483
82	14484
146	14484
41	14484
85	14485
6	14485
109	231
27	231
17	14486
20	14486
1	14487
125	14488
37	14489
1	14489
109	14490
27	14490
15	14491
121	923
7	14492
33	14492
195	14493
1	14493
48	14494
28	14494
4	14494
24	14494
15	14494
0	14494
5	14494
6	14494
35	14495
207	14496
80	14497
7	14497
44	14498
53	14499
48	14500
6	231
176	14501
17	14501
105	14502
9	3712
17	14504
7	14505
15	14505
6	14505
54	14506
1	14506
113	14507
199	14508
36	3125
113	14509
48	14510
101	14510
123	14511
11	14512
0	14512
44	14513
64	14513
7	14514
66	14515
66	14516
63	14517
69	14517
46	14518
31	4237
43	14519
125	14520
80	14521
7	14522
36	14523
54	14524
56	14525
50	14526
54	14527
17	14528
68	14529
232	14530
1	14531
4	14532
1	14532
105	14533
6	14533
25	14534
171	14535
42	14536
16	1005
16	14537
17	14538
32	14539
15	14540
5	14541
37	14542
1	14542
99	6638
62	6638
1	14543
6	14544
62	14545
109	14546
27	14546
55	14547
59	14548
61	14549
29	14549
25	14550
80	1933
148	1933
43	1933
117	14551
170	14552
14	14552
1	14552
129	14552
42	14553
97	14554
83	14555
37	14556
99	14556
1	14556
1	14557
55	14558
12	14558
116	685
21	13482
7	14559
4	14559
22	14559
42	14560
0	14560
17	464
171	14561
42	14562
0	14562
15	14563
56	14564
1	14565
43	3791
29	14566
112	14567
4	14567
12	14567
94	12
160	2517
0	14569
7	14570
11	14570
49	14570
3	14571
85	14572
61	14572
64	14572
15	14572
21	14572
33	14573
145	14574
1	14575
109	14576
27	14576
15	14577
54	14578
34	14579
44	14580
21	14580
37	14581
181	14581
34	14582
15	14583
61	14584
48	14585
68	14585
15	14585
6	14586
7	14587
24	14587
31	14587
109	14588
27	14588
6	14588
43	14589
15	14590
66	14591
25	14592
80	14593
104	14594
105	14594
68	14595
76	14596
0	14596
44	14597
29	14597
30	14597
6	14597
15	14598
68	14599
90	14599
9	14600
37	14601
55	14601
58	14601
1	14601
55	8583
48	8583
7	8583
34	8583
0	8583
9	14602
1	14602
48	14603
97	2653
9	14604
1	14604
9	14605
53	14606
43	14607
230	14608
107	14609
154	14610
117	14610
18	14611
46	14612
0	14612
54	14613
154	14613
18	14614
57	14615
4	14615
51	14615
0	14615
104	14616
107	14616
255	14616
6	14617
17	14618
86	14619
6	14620
80	3929
70	3929
50	14621
54	14622
104	14623
7	14623
15	14623
6	14623
76	14624
11	14624
12	14624
0	14624
15	14625
14	14625
1	14625
53	14625
76	14626
78	14626
0	14627
111	14628
54	14629
10	14630
7	14630
76	14630
0	14630
1	14631
66	14632
68	14633
90	14633
21	14633
24	14634
27	14634
58	14634
36	14635
15	14636
15	14637
1	14637
7	14638
55	11937
43	11937
9	14639
232	14640
0	14641
1	14642
1	14643
99	14644
36	14644
1	14645
68	14646
58	3373
48	14647
6	14647
7	14648
17	14648
0	14648
0	14649
1	14650
43	14651
154	14652
11	14653
0	14653
36	14654
53	14655
15	14656
17	14656
37	14657
68	14658
9	14658
14	14658
20	14658
7	14659
94	6364
111	7663
6	14660
1	14661
104	14662
95	14663
9	14664
153	14665
1	14666
105	14667
9	14668
12	14668
19	14669
22	14669
207	1005
78	14670
68	14671
11	14672
17	4494
99	14673
11	14673
24	14674
15	14674
24	14675
15	14675
61	14676
123	14677
37	14678
1	14678
9	923
44	14679
0	14680
1	14680
110	464
74	464
44	13243
68	13243
17	13243
14	13243
99	14682
181	14683
108	14684
271	14685
53	14686
44	14687
48	14687
83	14687
68	14687
90	14687
14	14687
163	14688
6	14688
83	14689
68	14689
64	14689
6	14691
6	14692
32	14693
17	14693
117	14694
59	14695
25	14696
25	14697
20	14698
1	14699
57	14700
118	14700
117	14700
6	14700
104	14701
6	14701
34	14702
6	14703
7	14704
11	14704
52	14705
6	14706
11	14707
70	14707
77	6170
78	14708
0	14708
21	14708
105	14709
207	14710
6	14711
68	14713
20	14714
62	14715
59	14716
83	14717
17	14717
12	14717
44	14718
1	14718
68	14719
15	14719
74	14720
59	14721
7	14722
0	14722
23	715
83	14723
104	14723
24	14723
105	14723
5	14723
6	14723
76	14724
11	14724
49	14724
78	14724
9	14725
1	14725
15	14726
0	14726
6	14726
52	14727
91	14728
42	14729
7	14730
17	14730
55	14731
32	14731
174	14731
1	14731
104	14732
50	14733
54	14734
53	14734
77	14735
12	14735
54	14736
117	14736
31	14737
109	14738
27	14738
6	14738
109	14739
27	14739
68	14740
14	14740
16	14741
175	14742
6	14743
57	14744
7	14744
54	14745
13	14746
32	14747
34	14748
0	14749
46	14750
105	14750
41	14751
24	14751
107	14751
15	14751
25	14752
124	12
0	14753
99	14754
15	14754
2	14755
1	14756
6	14757
50	14758
59	14759
44	14760
9	14760
50	14761
6	14762
66	14763
79	14764
53	14765
1	14766
50	14767
57	14768
12	14768
14	14768
18	7874
21	14769
56	14770
28	14771
7	14771
43	14772
99	14772
1	14772
37	14773
1	14773
0	1032
60	14774
82	14774
195	14774
9	14775
1	14775
6	14776
31	14776
7	14777
0	14777
8	14778
95	14778
63	14779
9	14780
6	14781
99	14782
45	14783
146	14784
11	14784
0	14784
132	14785
43	1933
53	14786
54	14787
37	14788
14	14788
53	14788
15	14789
28	14790
8	14791
123	3103
37	14792
44	14792
55	14792
7	14792
15	14792
121	14792
14	14792
77	14793
17	14794
149	14794
6	14795
55	14796
54	14797
128	14798
11	14799
17	14799
117	14799
155	14799
23	14799
337	14800
25	14800
68	14801
90	14801
36	14801
67	14801
85	14802
5	14803
66	14804
109	14805
54	14805
27	14805
76	14806
64	14806
50	14806
199	14806
50	14807
5	14807
9	14808
75	1329
236	14809
54	14810
98	100
73	100
21	6827
8	14811
4	14811
170	14811
77	14811
20	14811
7	14812
124	14813
15	14814
120	14814
1	14814
43	14815
85	14816
27	14816
20	14816
109	14817
9	14817
27	14817
1	14817
6	14818
20	14818
22	14818
7	14819
58	14819
68	14820
6	14820
160	33
1	14821
43	14822
68	14823
25	14824
16	14824
44	231
11	231
117	231
6	231
21	231
1	14825
4	14827
1	14827
0	14828
7	14829
0	14829
230	14830
125	14831
25	14831
17	14832
170	14832
13	14833
24	14834
1	14834
54	14835
24	14836
121	14836
109	14837
27	14837
89	14838
25	14839
73	1806
118	14840
21	14840
98	14841
127	14842
0	14843
32	14844
123	14845
128	14846
79	14846
11	14847
54	14848
28	14849
6	14849
25	14850
57	2775
68	2775
54	2775
51	2775
17	2775
12	2775
0	2775
45	14851
80	14852
1	14853
174	14854
109	14855
27	14855
22	14856
62	14858
51	10368
17	10368
80	14859
43	14859
49	10275
15	14860
80	14861
15	14861
74	14862
60	12534
43	14863
146	14864
144	14864
41	14865
95	14865
83	14865
43	5950
104	5950
11	5950
64	5950
5	5950
150	5950
6	5950
124	14866
104	14867
53	14868
7	14869
52	14871
123	14872
9	14872
89	14873
56	14874
45	14875
17	14876
89	14877
0	14878
1	14878
80	14879
37	12069
1	14880
1	14881
68	14882
212	14882
33	14882
5	14882
183	14882
54	14883
11	14884
49	14884
21	14884
18	14885
9	14886
80	14887
61	14888
29	14888
95	14889
79	14889
6	14889
24	14890
15	14890
58	14890
6	14890
1	14890
31	14890
54	14891
60	14892
36	14893
46	3465
59	3465
18	12151
177	12151
6	14894
127	14895
1	14896
116	827
24	14898
15	14898
4	14899
5	14899
0	14900
41	14901
24	14901
30	14902
68	14903
95	14904
25	14905
27	14906
109	14907
27	14907
0	14908
116	14909
55	14909
59	8414
219	8414
55	14910
19	14911
64	14911
14	14912
117	14913
59	14914
31	14915
63	14916
314	14916
54	14917
260	906
60	14918
1	14919
52	14920
121	91
41	14921
15	14921
43	14922
91	14923
7	14924
20	14925
54	14926
103	14927
20	14929
109	14930
27	14930
32	14931
1	14931
54	14932
127	14933
68	14934
90	14934
0	14935
305	14936
68	14937
157	14937
4	14937
5	14937
129	14937
122	14938
43	14939
51	14940
62	14941
84	14942
8	14943
9	14943
189	9017
15	14944
0	14945
18	18
103	14946
25	14947
17	14948
33	14949
26	14950
0	14951
1	14952
40	14953
83	14953
9	14953
19	401
22	401
199	401
7	14954
117	14954
77	14955
46	14956
15	14956
195	14956
57	14957
15	14957
12	14958
12	14960
99	614
1	614
21	614
76	14961
54	14962
108	14963
6	14963
194	1146
71	1146
0	1146
15	14964
46	14965
25	9113
15	14966
7	14967
11	14967
0	14967
15	14968
55	14969
7	14970
183	14970
42	14971
72	14972
53	14973
59	14974
12	14975
15	14976
7	14977
132	3662
6	3662
53	3662
238	14978
68	961
141	961
113	14979
48	14980
24	14981
104	14982
24	14982
1	14983
48	14984
103	14985
15	14986
61	14987
18	14987
127	14988
104	14989
54	14990
24	14991
0	14991
1	14991
87	14992
195	14992
7	14993
51	14993
43	14994
104	14995
6	14995
85	14996
43	14996
45	14997
117	14998
25	14999
24	15000
24	15001
338	15002
68	15003
90	15003
12	15003
109	15004
36	15004
117	15004
27	15004
225	15005
6	15006
43	15007
1	15008
35	15009
31	15009
25	15010
32	15011
3	15012
66	15013
55	15014
48	15014
15	15014
0	15014
6	15015
43	15016
80	15017
74	15018
70	15019
77	15020
14	15021
230	15022
9	15023
5	15024
37	15026
95	841
33	15027
25	15028
11	15029
155	15029
67	15030
6	15031
1	15032
0	15033
34	15034
37	1991
301	1991
22	15035
13	15036
55	15037
12	15037
25	15038
17	15039
115	15040
67	15041
83	15042
89	15043
44	15044
104	15044
36	15044
43	15046
1	15046
132	15047
117	15047
6	15048
68	15049
90	15049
292	15049
93	15049
109	15050
27	15050
128	15052
146	15053
6	15053
54	15054
50	15055
55	15056
48	15057
6	15057
2	15058
66	15059
17	15060
66	15061
6	15062
25	15063
296	15064
24	15065
43	15066
53	15067
6	15068
25	15069
9	15070
21	2475
6	15071
25	15072
0	15073
2	15074
1	15075
66	15076
99	15076
15	15076
195	15076
42	15077
57	15077
54	15077
53	15077
6	15078
37	15079
1	15080
68	15081
105	15082
0	15083
107	15084
15	15084
46	15085
55	15086
1	15086
10	15087
53	15088
44	15089
6	15090
6	15091
21	15091
123	15092
1	15093
83	1787
17	1787
27	15094
6	15094
1	13614
1	15095
44	685
124	15096
149	15097
58	15098
24	15099
6	15099
83	15100
43	15101
5	15103
3	15103
17	15104
7	15105
68	15106
90	15106
80	15107
68	15108
90	15108
54	15109
6	15109
127	15110
99	15111
124	15112
55	15113
144	15114
193	15115
154	15116
51	15117
16	15118
6	15119
15	15120
44	15121
1	15121
12	15122
17	15123
232	15124
82	15124
68	15124
100	15124
20	15124
22	15124
17	15125
78	15126
44	15127
6	15128
15	91
36	15129
233	15130
78	15131
260	5829
7	15132
1	15132
72	15133
80	15134
99	15135
17	15136
57	7496
17	7496
1	15137
67	15137
27	15138
37	15139
55	15139
52	15139
0	15139
1	15139
0	15140
95	15141
14	15142
8	15143
8	15144
59	15144
9	15144
44	15145
64	15146
30	15147
7	4055
74	15148
7	15149
6	15149
29	15150
6	15150
37	15151
59	15152
95	15153
25	15155
4	15156
40	15157
9	15158
77	15159
92	2503
14	15160
99	15161
78	15161
21	15161
1	15163
37	15164
110	15164
66	15165
83	15165
74	15165
6	15165
125	15166
54	15167
83	15168
48	15169
27	15170
125	6554
36	15171
32	15172
127	15173
339	15173
50	15174
185	15175
36	15176
7	15177
17	15177
1	15177
53	15177
44	11787
7	15178
4	15179
12	15179
0	15179
27	15180
41	15181
0	15182
142	15183
0	15183
9	15184
0	15184
1	15185
95	15186
99	15187
24	15187
15	15187
25	15188
66	15189
1	15190
75	15191
1	15192
22	15192
55	15193
1	15193
1	15194
68	15195
17	15195
3	15195
15	15197
24	15198
42	15199
17	15199
64	15200
15	15201
17	15202
6	15203
53	15204
67	15205
170	15206
84	15207
44	15208
20	15208
21	15209
17	15210
1	15210
127	15211
110	15211
105	15211
154	12105
152	1991
68	15212
25	10275
6	15213
19	15214
99	15214
110	15215
9	7874
6	15216
1	15217
51	15218
12	15218
153	15219
43	15220
6	15221
54	15222
54	15223
15	15224
46	15225
82	15226
41	15226
108	15226
74	15226
195	15226
7	15227
15	15227
0	15227
6	15227
134	15229
45	15230
106	15231
31	15231
15	15232
121	15232
83	15233
12	15233
1	15233
6	15234
338	15235
28	15236
132	13012
6	15237
19	15238
68	15238
22	15238
71	15239
0	15239
0	15240
20	15240
42	15241
43	15241
19	15241
17	15241
142	15241
20	15241
24	9136
5	9136
95	15242
186	15243
48	15244
50	15244
103	15245
44	15246
68	15246
90	15246
60	15247
15	15247
6	15247
54	15248
260	15249
124	15250
37	15251
68	15251
53	15252
64	15254
15	15254
121	15254
5	15254
24	15255
1	15256
6	15257
30	15258
19	15259
150	15259
1	15259
20	15259
78	10780
117	15260
57	2213
112	2213
54	2213
0	2213
54	15261
48	15262
1	15262
48	15263
53	15264
54	15265
15	15266
50	15266
54	15267
15	15268
53	7611
76	15269
0	15269
92	15270
134	15271
57	15272
51	15272
15	15273
95	15274
54	124
1	124
6	15275
7	15276
53	15277
7	15278
17	15278
0	15278
43	15279
45	15279
64	15280
5	15280
21	15280
53	15281
1	15282
0	15283
70	15284
14	15286
19	15287
7	15287
105	15288
6	15288
1	15289
99	524
1	15290
0	15291
1	15292
95	15294
37	15295
1	15296
68	15297
11	15297
21	15297
107	9358
15	9358
21	15298
80	15299
29	15300
50	15301
6	15301
43	15302
48	15303
7	15303
15	15303
66	15304
116	15305
55	15305
1	15305
44	15307
17	15307
1	15308
6	15309
0	14933
6	15310
85	15311
75	767
132	15312
112	15313
17	15313
12	15313
68	15314
6	15314
44	15315
4	15315
11	15315
81	15315
5	15315
129	15315
26	15316
154	15317
16	8362
113	15318
78	15319
1	15320
260	15321
6	15322
80	15324
15	15324
74	15324
72	464
68	2
68	15325
6	15325
17	13583
52	15326
54	15326
89	15327
123	15328
127	15328
105	15328
6	15328
6	15329
6	15330
104	15331
6	15331
11	15332
49	15332
0	15332
266	15333
24	15334
15	15334
20	15334
43	15335
79	15335
48	767
17	15336
1	15337
11	15339
0	15339
155	15339
1	15339
15	15340
34	15341
54	15342
48	15343
24	15343
17	15344
116	15345
41	15345
0	15345
94	1991
80	15347
17	15347
107	15348
0	15349
95	15350
67	15351
157	15352
3	15352
50	15353
17	15354
1	15354
75	15355
6	15356
59	15357
17	15357
99	15358
1	15358
195	15359
29	15360
21	15361
206	15362
1	15362
112	15363
6	15364
48	15365
18	15365
61	15366
58	12061
1	15368
48	15369
108	15370
26	15371
36	15372
7	15373
0	15373
1	15373
25	15374
93	15375
19	15376
0	18
54	15377
134	15378
6	15378
6	15379
148	14408
58	14408
22	14408
1	15380
195	15381
132	15382
36	15383
53	15385
64	15386
256	15387
11	15388
0	15388
63	15389
112	15390
4	15390
17	15390
12	15390
25	15391
99	715
21	715
7	15392
6	5526
62	15393
48	15394
15	15394
0	15394
17	15395
15	15396
99	15397
45	15398
228	15399
43	12039
0	12039
11	15400
155	15400
296	15401
72	15402
0	15403
1	15404
54	15405
52	15406
6	15407
83	15408
44	15409
0	15410
15	15411
6	15411
94	15412
6	15413
11	15414
155	15414
44	15415
43	15415
1	15415
3	15415
75	1988
117	15416
25	15417
115	15418
11	15418
15	15418
6	15418
24	15419
107	15419
15	15419
0	187
6	15420
1	15421
81	15422
52	15423
53	15424
17	15425
14	15426
68	15427
17	15427
12	15427
6	15427
32	15428
4	15429
177	15429
58	15429
45	15430
9	100
6	15431
23	15432
24	15433
15	15433
95	15434
24	15434
20	15434
21	15434
25	15435
63	15437
15	15437
6	15438
1	15439
17	15440
51	15442
33	15443
169	15444
14	15445
1	15446
45	15447
15	15449
0	15449
54	15450
24	15451
6	15452
19	15453
20	15453
44	15454
24	15455
15	15455
0	15455
49	15456
37	15457
48	15457
43	15457
15	15457
1	15457
21	15457
0	15458
48	994
18	15459
17	15460
17	15461
30	15462
1	15463
79	15464
121	15465
54	15466
50	15467
25	15468
15	15469
48	15470
0	15471
54	1760
134	235
50	15472
4	15473
59	15473
5	15473
1	15473
7	15474
24	15474
0	15474
6	15475
31	15475
36	15476
7	15477
0	15477
44	15478
25	10911
41	15479
24	15479
71	15480
0	15480
28	5047
118	5047
7	15481
85	15482
6	15482
28	15483
32	15484
136	15485
7	15486
15	15487
46	15488
20	15488
15	15489
120	15489
24	15490
40	15491
104	15492
66	15493
36	15494
80	15495
78	15495
9	15496
28	15497
6	15498
28	15499
24	15500
26	15502
24	15503
0	15503
6	15504
37	15505
117	1146
67	15506
0	15507
15	15508
74	15509
6	15509
108	12208
41	15510
304	1554
66	1554
11	1554
24	15511
15	15511
82	15512
0	15513
55	15514
0	15514
58	15514
3	15515
43	15516
59	15516
55	15517
1	15517
29	15518
95	15519
87	15520
35	15520
340	15521
55	15522
48	15522
83	15522
117	15523
7	15525
0	15525
1	15526
46	15527
80	15528
67	15529
89	15530
15	15531
52	15532
7	15532
15	15532
1	15532
17	15533
50	1360
16	15534
44	15535
21	15535
109	15536
27	15536
6	15536
7	1554
123	15537
26	15537
1	15539
42	15540
0	15541
15	15542
48	15543
55	15544
176	15544
83	15544
1	15544
29	15545
28	1787
7	14184
54	14184
43	15546
53	15547
14	206
74	1336
116	15548
66	15548
19	15548
21	15549
124	15550
9	15551
0	15552
43	15553
53	15554
9	1743
15	1743
6	1329
195	15555
6	15556
0	15557
61	6947
1	15558
13	15559
72	15560
44	10275
107	15561
0	15562
53	15563
54	15564
6	15565
15	15566
1	15567
1	15568
146	15569
109	15570
103	15570
27	15570
67	15570
66	1136
43	5147
0	5147
1	15571
37	15572
1	15572
95	3569
36	3569
197	3569
37	821
66	15574
72	15574
77	15574
207	15574
17	15575
12	15575
1	15575
44	15576
20	15577
67	15577
34	15578
1	15579
140	15580
149	15581
7	15582
25	15583
52	1743
77	15584
66	15585
51	15585
14	15585
89	573
125	573
80	15586
99	15586
84	15586
21	15586
112	15587
6	3569
1	15588
112	15589
112	15590
24	15591
8	15592
59	15592
316	15592
1	15592
1	15593
36	15594
7	15595
51	15595
55	15596
1	15597
58	15598
109	15599
27	15599
57	15600
165	15600
46	15600
54	15600
24	15600
107	15600
15	15600
1	15600
54	15601
4	9747
1	15602
44	15603
11	15603
21	15603
9	15604
52	15605
50	15606
55	15607
50	15608
0	11476
68	15609
5	15609
1	15610
8	15611
60	15612
60	1141
1	1141
6	15613
30	6700
66	15614
41	15614
24	15614
37	15615
1	15615
55	15616
334	15617
57	15618
51	15618
50	15618
318	15619
41	15620
7	15621
4	15621
14	15621
5	15621
73	15622
105	15623
99	464
159	15624
125	15625
12	15626
9	15627
42	15628
9	15629
27	15630
134	15631
123	15632
6	15633
42	15635
297	15635
44	1212
14	1212
37	15636
44	15637
19	15638
1	15639
12	15640
0	15640
14	15640
53	5115
44	15641
24	15641
62	15641
21	15641
52	15642
7	15642
0	15642
14	15642
1	15642
116	15643
144	15643
118	15644
80	15645
43	15645
99	15645
21	15645
156	15646
1	15646
0	15647
54	15648
85	3125
15	3125
15	15649
69	15650
15	15650
20	12534
33	15651
60	15652
15	15652
322	15652
117	15653
9	15654
51	15655
83	15656
36	15657
41	15658
107	15658
255	15659
45	15660
33	15660
11	15661
0	15661
1	15661
15	15662
242	15662
1	15663
67	15663
85	15664
125	15664
37	15665
9	15665
12	15665
30	15666
17	15667
117	3052
14	15668
93	15668
117	15669
78	15669
7	15670
6	15671
55	15672
72	15672
6	15673
104	15674
15	15674
121	15674
1	15676
29	1991
6	1991
181	15677
9	15677
21	15677
80	15678
109	15679
121	15679
27	15679
77	15680
12	15680
66	15681
109	15682
27	15682
6	15683
16	15684
10	15685
11	15685
17	15686
0	15686
1	15686
17	13886
6	15687
28	9692
70	9692
14	994
121	15688
53	15688
130	15689
36	15690
54	15691
1	15691
55	13254
12	15692
1	15692
48	15693
0	15693
160	15694
198	15695
109	15696
27	15696
1	15697
68	15698
0	15698
1	15698
95	15699
24	15699
260	15700
24	15701
44	15702
116	15703
70	15705
6	15706
51	15707
15	15708
74	15708
117	15709
1	15709
53	15709
53	15710
48	15711
64	15711
100	15711
109	15712
27	15712
15	15713
0	15713
1	15713
83	15714
24	15714
95	15715
188	15715
22	15715
13	15716
43	15716
109	15717
68	15717
90	15717
11	15717
12	15717
29	15717
27	15717
155	15717
6	15717
15	15719
25	15720
80	15721
43	15721
1	15722
61	15723
54	15725
17	15726
43	15727
48	15728
48	15729
76	15730
5	15731
82	15732
41	15732
107	15732
32	923
24	5624
1	3825
6	15733
1	15734
129	15735
52	1698
17	15736
64	15737
15	15737
117	15737
127	15738
68	15739
9	15739
15	15740
48	15741
15	15742
1	15743
79	15744
130	15745
46	15746
33	15747
25	15748
6	15749
25	15750
124	15750
40	15751
7	15751
24	15751
32	15751
15	15751
1	15751
17	15752
57	15753
118	15753
117	15753
6	15753
223	15754
6	15754
7	15755
6	15756
64	15757
42	15758
132	15759
54	15759
117	15760
134	15761
28	15762
45	15763
6	15763
59	15764
30	11287
7	15765
0	15765
104	15766
107	15766
255	15766
17	15767
104	15768
0	15768
170	10901
16	1698
49	15770
78	15770
89	1553
67	5388
62	15771
0	15771
113	15772
44	15773
68	15773
17	15773
14	15773
6	15774
25	15775
80	15777
148	15777
43	15777
1	15777
40	15778
0	15779
77	15781
40	15782
165	15782
46	15782
33	15782
12	15782
29	15783
6	15785
1	15786
80	15787
95	15788
78	15789
32	15790
60	15791
54	3867
245	3867
85	15792
54	15792
53	15792
70	15792
0	10901
6	15793
15	15794
54	15795
57	15796
55	15796
7	15796
12	15796
0	15796
1	15796
3	15796
154	616
117	616
116	923
24	15799
66	5629
60	15800
59	15801
51	15802
228	15803
7	15804
54	15804
8	15805
6	15806
221	15807
52	15808
117	15808
48	15809
50	15809
160	15810
17	15811
0	15811
1	15811
9	15812
6	15813
130	15814
11	15815
80	15816
17	15816
6	15817
36	15818
10	15819
9	15819
6	15820
41	15821
24	15821
11	15822
179	15823
15	15823
25	15824
21	15825
107	15826
16	15827
124	15828
36	15829
200	15829
52	3052
87	15830
0	15830
22	15831
17	15832
37	15833
24	15833
15	15833
159	15833
78	15833
1	15833
21	15833
6	15834
9	15835
8	15836
249	15836
68	15836
6	15837
110	15838
14	15838
6	15838
27	15839
1	15840
123	15841
54	15842
53	15842
181	1806
53	15843
36	15844
54	15845
68	15846
58	15847
36	15848
55	15849
6	2497
6	15850
177	15851
6	15852
78	15853
0	15853
21	15853
61	15854
18	15854
11	15855
17	15855
12	15855
0	15855
5	15855
15	15856
40	15857
7	15857
76	15857
0	15857
6	15857
15	15858
0	15859
55	15860
48	15860
79	15860
0	15860
17	15861
67	15862
37	15863
154	15863
1	15863
22	15863
44	15864
1	15865
80	15866
56	15866
11	15866
50	2630
43	15867
48	15868
84	15868
1	15869
0	15870
127	15871
48	15872
6	15872
33	15873
2	268
7	15874
125	15875
44	15876
3	15877
43	15878
43	15879
1	15879
83	15880
15	15880
12	15880
1	15880
50	15881
66	15882
68	15883
20	15883
117	15884
68	15885
41	15886
5	15886
7	15887
44	15888
1	15888
64	15889
17	15889
70	15889
54	15890
53	15890
241	15891
123	15892
171	15892
13	15893
67	15893
54	15894
6	15894
49	15895
32	15896
82	15897
41	15897
24	15897
107	15897
15	15897
37	3671
80	3671
1	3671
1	15898
37	15899
37	15900
15	15900
108	15900
1	15900
25	15901
80	15902
43	15902
15	15902
121	15902
6	15902
60	15903
15	15903
36	15904
80	15905
43	15905
32	15906
105	15906
19	15907
68	15907
45	15907
12	15907
48	15908
17	15908
32	15909
1	15909
83	8516
7	8516
1	8516
15	15910
9	15911
41	15912
99	15912
24	15912
15	15912
0	15912
1	15912
55	15913
54	15914
236	15915
68	15916
9	15916
144	15917
37	15919
1	15919
7	15920
43	15921
14	15922
57	5796
6	5796
59	15924
7	15925
0	15925
7	15926
17	15926
6	15927
7	15928
0	15929
106	15930
123	15930
44	15930
25	15930
127	15930
9	15930
15	15930
50	15930
16	15930
134	15930
103	15930
0	15930
6	15930
1	15930
53	15930
21	15930
59	1053
341	15931
6	15932
15	15933
6	15933
12	15934
17	14111
125	15936
117	15938
286	9458
8	15939
34	15940
148	15941
83	15942
62	15942
1	15942
1	15943
40	15944
9	15944
29	15945
15	15946
13	15947
0	15948
106	15949
6	15949
83	15950
12	15951
68	15952
90	15952
61	15953
43	15954
0	15955
4	15956
44	15957
21	15957
17	15958
6	15958
53	15958
3	15958
1	139
61	9
29	9
43	15959
77	15959
43	841
18	841
17	6273
0	6273
34	15962
32	15963
25	15964
17	11342
12	11342
51	15965
12	15965
272	15966
45	15967
15	15967
333	15967
108	15967
12	15967
99	15968
54	11075
37	46
103	15969
6	15359
40	15970
1	15971
42	15972
19	15972
68	15972
17	15973
110	15974
153	15975
43	1524
1	1524
123	15976
1	15977
0	6741
6	6741
9	15978
112	15979
7	15980
54	15980
109	15981
27	15981
11	15982
155	15982
53	15983
99	15984
43	15985
0	15986
20	15987
111	15988
37	15989
22	15989
15	15990
54	15991
15	8629
6	8629
14	15992
118	15993
6	15993
43	15994
22	15994
89	15995
58	15996
114	15996
1	15997
9	1743
1	1743
57	15998
216	15999
30	16000
9	2268
43	16001
192	16002
46	13091
9	16003
1	16004
57	16005
54	16005
66	16006
37	16007
1	16007
240	16008
83	16009
1	16009
68	16010
66	13353
85	16011
44	16011
48	16011
14	16011
1	16011
129	16011
54	207
80	1740
43	1740
68	16012
75	16013
1	16014
23	16015
53	16016
1	16017
55	16018
170	16018
132	16019
54	16019
109	16020
27	16020
29	16021
41	231
1	16022
70	16023
1	16024
253	16025
268	16026
342	16027
25	16028
74	16029
78	16030
6	16030
7	16031
6	16031
19	16032
0	16032
20	16032
15	16033
44	16034
5	16034
1	16034
9	13092
1	13092
67	16035
1	16036
20	16036
0	2536
54	16037
76	16037
15	16038
17	16038
45	16039
8	16040
7	16041
37	16042
1	16043
123	16044
181	16044
9	16044
29	16044
94	16044
37	16045
17	16046
17	16047
181	10230
0	10230
1	1933
37	16048
66	16049
51	16049
14	16049
25	10811
55	6170
124	16050
48	16051
44	16052
109	16052
29	16052
27	16052
124	16053
85	16054
68	16054
90	16054
11	16055
155	16055
11	16056
0	16056
155	16056
1	16056
37	16057
45	16058
31	16059
104	16060
30	16060
6	16060
1	16061
132	16062
84	16062
117	16062
51	16063
54	16064
34	16065
104	16066
24	16066
15	16066
135	2449
54	2449
11	2449
96	2449
155	2449
109	16067
27	16067
15	16068
44	16069
0	16069
14	16069
130	16070
93	16071
343	16072
6	16072
82	16073
41	16073
92	16073
195	16073
35	16074
80	16075
6	16076
66	16077
33	16078
48	16079
0	16079
6	16080
55	16081
7	16081
4	16081
17	16081
5	16081
29	16082
6	573
16	16083
68	16084
6	16084
55	16085
1	16086
17	16087
54	16088
105	269
6	269
134	16089
230	16090
36	16091
7	16092
0	16092
19	16093
195	16093
6	16094
41	16095
107	16095
0	16096
9	16097
127	304
57	16098
51	16098
117	263
0	16099
49	16100
41	16101
24	16101
43	16102
44	16104
19	16104
21	16104
1	16105
43	16106
0	16107
1	16107
68	16108
38	16109
7	16110
0	16110
106	16111
42	16112
1	16113
19	16114
24	16114
105	7301
43	10967
34	16115
7	16116
20	16117
9	16118
228	14550
13	16119
64	16120
170	187
123	16121
43	16122
22	16122
5	16123
6	16123
20	16123
85	16124
7	16124
1	16125
0	16126
185	16127
44	16128
1	16128
0	16129
3	16130
1	16131
130	16132
7	16133
0	16133
6	16134
6	16135
44	2497
24	2497
11	2497
9	16136
127	16137
55	16138
0	16138
1	16138
6	16139
105	16140
154	16141
24	16142
14	16143
34	16144
1	16145
6	16146
72	16147
53	16148
16	16149
42	16150
85	16150
28	16150
16	16151
17	16152
20	16153
38	5198
15	5198
36	16155
115	16156
1	16157
25	16159
0	14448
37	16160
0	16160
1	16160
0	16161
14	16161
15	16162
120	16162
80	16163
130	16164
28	16165
17	16165
24	16166
70	16167
1	16168
99	16169
1	16169
58	8554
79	16170
7	16171
77	16172
21	16173
3	16174
113	16175
241	16176
57	16177
177	16178
15	16179
53	16179
7	16181
15	16182
182	16182
1	16182
83	464
118	16183
6	16184
37	16185
55	16185
1	16185
82	16186
5	16186
153	16187
1	16188
229	16189
77	16190
16	16191
6	16192
63	16193
22	16193
285	16194
61	16195
6	16195
23	16195
12	16196
6	16197
74	16198
6	16198
55	16199
7	16199
0	16199
14	16199
0	16200
42	16201
44	16201
130	16202
15	16202
6	16202
7	16203
1	16203
1	16204
11	16205
49	16205
53	1581
42	16206
44	16206
109	16206
27	16206
30	16206
1	16206
28	16207
72	16208
6	16210
41	16211
92	16211
1	16212
7	16213
0	16213
64	16214
50	16214
165	16215
1	16215
60	16216
82	16216
146	16216
92	16216
24	16216
52	16217
59	16218
1	16219
13	16220
21	16220
19	8381
12	8381
87	8381
195	8381
17	16221
237	16222
99	16223
1	16223
11	16224
15	16224
250	16225
124	16226
94	16227
125	16228
46	16228
6	16229
26	5269
0	16230
113	16231
40	9333
241	9333
12	922
43	16233
33	818
68	1032
36	1032
56	16234
255	16235
255	16236
46	16237
51	16237
32	16238
7	16239
16	16240
105	923
58	16241
160	1301
239	16242
43	16243
99	16243
76	16243
88	16243
78	16243
15	10536
17	10536
49	10536
0	10536
0	16244
1	16244
21	16244
12	16245
13	16246
80	16247
15	16247
3	16248
154	13072
117	13072
21	13072
51	16249
41	16250
24	16250
15	16250
36	16251
15	16252
240	16253
43	16254
24	16254
15	16254
68	13147
83	16255
173	16255
1	16255
170	14552
129	14552
68	16256
90	16256
14	14210
7	16259
68	16260
48	16261
70	2475
0	16262
103	16263
6	16263
16	16266
154	16267
17	16268
79	16268
15	16269
6	16269
48	16270
12	16271
37	16272
24	16272
15	16272
232	16273
37	139
1	139
19	16274
58	16274
22	16274
199	16274
0	16275
68	16276
15	16276
120	16276
50	3927
28	16277
1	16279
106	16280
128	16281
12	16282
54	16283
117	16283
125	16284
140	16285
80	16286
104	16286
99	16287
24	16287
15	16287
80	16288
11	16289
54	16290
71	10901
0	10901
44	16291
104	16291
6	16291
42	16292
55	16293
56	16293
11	16293
21	15769
1	16294
216	16295
14	16296
133	13352
48	13352
54	16297
80	16298
76	16298
49	16298
25	16300
1	16301
112	2758
104	16302
17	16302
6	16302
83	16303
7	16303
157	14828
82	16304
12	16304
331	16305
85	16305
24	16306
15	16306
7	16307
0	16307
13	16308
36	16309
108	9
93	9
116	16310
6	16310
6	16311
15	16312
54	16313
24	16314
15	16314
7	16315
49	16316
68	16317
66	16319
104	1552
24	1552
15	1552
108	1552
195	1552
6	1552
9	16321
66	1005
7	16322
15	16322
0	16322
21	16323
17	16324
34	16324
7	16325
53	16325
10	16327
44	16328
61	16328
251	16328
20	16328
21	16328
1	16329
15	16330
95	16331
117	16331
44	16332
14	16332
6	16334
193	516
48	516
66	16335
11	16335
155	16335
1	16336
185	1
24	16337
36	16338
44	16339
109	16340
27	16340
42	1256
121	1256
108	1256
195	1256
77	841
124	16341
150	16342
11	16343
155	16343
82	16344
41	16345
117	16346
9	16347
133	16348
20	16348
18	16350
201	16351
43	16351
0	16352
55	16353
1	16353
43	16354
34	16354
14	16355
0	16356
44	16357
14	16357
1	16357
52	10676
54	10676
14	10676
82	16358
41	16358
15	16358
1	16358
7	16359
7	16360
6	16361
82	16363
41	16363
107	16363
44	16364
66	16365
59	16365
6	16366
15	16367
195	16367
6	16368
149	16369
43	16370
25	16371
1	16372
15	16373
117	16374
24	16375
26	207
11	16376
50	16376
36	16376
88	16376
108	16377
15	16378
12	16378
1	16378
24	639
6	639
7	16379
11	16379
42	16380
68	16380
90	16380
4	16380
5	16380
21	16380
32	16381
6	16381
104	16382
24	16382
15	16382
83	16383
12	16383
1	16383
22	16383
6	16384
17	16385
12	16385
154	16386
1	1686
82	16387
41	16387
63	16388
3	16389
43	16390
44	16391
0	14153
54	1806
53	1806
31	16392
12	16393
89	16394
80	16395
127	16396
177	16397
0	16398
0	16399
263	16400
1	16401
44	16402
1	16403
2	16404
53	16405
191	16406
83	16406
9	16406
1	16406
43	16407
7	4432
54	4432
15	4432
37	16408
80	16408
43	16409
25	16410
125	16411
112	16411
17	16411
174	16411
122	16412
0	16413
36	16414
37	16415
44	16415
43	16415
45	16415
7	16415
15	16415
49	16415
14	16415
1	16415
53	16415
21	16415
31	16416
59	16417
95	16418
45	16418
344	16418
0	6805
1	16419
0	16420
19	16421
22	16421
56	16423
99	16423
110	16424
83	16425
68	16425
19	16426
0	16426
15	16427
6	16428
1	16428
41	16429
6	16429
95	16430
5	16430
6	16431
7	16432
0	16432
44	16433
121	16433
1	16433
21	16433
146	644
41	16434
95	16434
107	16434
15	16434
23	16435
99	16436
60	16437
104	16437
1	10409
1	16438
19	7106
142	7106
20	7106
6	16439
345	16440
169	16440
29	16440
6	16440
50	16441
9	16442
59	16443
48	16444
46	16445
194	16445
15	16445
40	16446
15	16446
1	16446
154	16447
74	16448
104	16449
6	16449
112	16450
55	16451
246	16451
228	16452
36	16453
202	16454
57	16455
9	16455
51	16455
278	16456
37	10842
99	10842
53	16457
0	803
6	803
124	16458
255	16459
48	16461
6	16461
48	4152
59	4152
57	16462
0	16463
72	16464
54	16464
117	16464
13	16465
1	16467
286	16468
1	14701
44	2688
57	2688
1	2688
1	16469
21	1032
66	16470
15	16470
48	16471
24	16471
15	16471
1	16471
111	3867
118	16472
70	16472
0	16473
6	16474
78	16476
21	16476
57	16477
43	16478
55	16479
49	16480
70	16480
25	16481
37	841
5	16482
53	16483
53	16484
17	16485
77	16486
1	16487
71	16488
0	16488
53	16489
67	16489
105	1329
74	1329
54	16490
132	16491
15	460
113	16492
52	16493
6	16494
54	16495
131	16496
41	16497
107	16497
15	16497
80	16498
68	16498
104	16498
64	16498
105	16499
48	16500
24	16501
1	16501
63	16502
43	16502
25	16503
24	16504
93	100
28	16505
17	16505
17	16506
1	16507
171	16508
24	16509
15	16509
1	16510
99	16512
61	5669
0	16513
1	16513
67	16514
9	16515
112	16516
188	16516
16	16516
124	16516
77	16516
0	16516
53	16516
346	16517
106	4787
93	16519
7	16521
17	16521
12	16522
6	16523
78	16524
0	16524
32	16525
95	16526
130	16527
46	16527
14	16527
3	16527
42	16528
55	16528
19	16528
83	16528
44	16529
207	16530
14	16531
17	16532
9	16533
42	16534
36	16534
20	16534
175	16536
101	16536
15	16537
120	16537
150	16538
54	16539
15	16539
6	16540
255	16541
105	464
48	16542
114	16542
0	16543
1	16544
23	16545
45	16546
50	16546
78	16546
54	16548
6	16548
42	16549
43	16549
32	16549
123	646
9	646
29	646
36	16550
9	16551
34	16552
68	16553
89	16554
6	678
12	16555
40	16556
54	16557
80	16558
51	16558
9	7457
4	16559
51	16559
14	16559
21	16559
53	16560
31	16561
128	841
0	16562
14	16563
7	5428
42	16564
36	16565
66	16566
154	16567
18	9396
109	16568
27	16568
114	16568
80	16569
127	16569
6	16569
1	16570
43	16571
104	16571
99	16572
44	16574
134	16575
1	16576
48	16577
177	16577
50	16577
74	16577
1	16578
150	16579
37	16581
22	16581
21	16582
0	16583
150	16584
17	16585
170	16585
0	16585
80	16586
63	16586
14	16587
76	16588
6	13369
44	16589
83	16590
7	16591
11	16591
59	16591
0	16591
13	16592
135	16592
19	16592
246	16592
67	16592
110	16593
113	16594
88	16595
1	4053
0	16596
6	16596
31	16597
96	16598
21	16600
104	16601
67	16602
8	16603
212	16603
9	16603
33	16603
5	16603
1	16603
67	16604
7	16605
122	16606
68	16607
99	16608
52	16609
53	16609
24	16611
15	16611
95	16612
62	16612
1	16612
37	16613
43	16613
22	16613
24	16614
77	16615
31	16616
53	16617
3	16618
55	16619
0	16620
24	16622
15	16622
0	16622
58	16622
15	16623
6	16623
1	16623
6	16624
59	2316
6	16625
6	16626
25	16627
25	992
123	16628
68	16628
48	16629
28	16629
24	16629
15	16629
17	16629
112	16630
44	16631
1	16632
24	16633
163	16633
15	16633
6	16633
1	16634
1	16635
68	16636
6	16636
54	16637
15	16638
125	16639
6	16640
8	16641
95	16641
19	16641
181	16641
18	16641
9	16641
8	16642
9	16642
347	16643
6	16643
55	16645
58	16645
6	16646
36	16647
89	16650
9	16651
0	16652
95	16653
123	187
35	16654
6	16655
73	16656
48	16657
221	16658
54	16658
117	16658
6	16658
31	16658
68	16659
0	16659
66	16660
83	16661
50	16661
5	16661
3	16661
199	16661
15	16662
24	16663
15	16663
0	16663
41	16664
4	16665
70	16666
7	16668
77	8958
0	16669
103	16670
71	16671
0	16671
45	16672
25	7105
15	212
17	16673
1	7872
44	16674
68	16674
11	16674
15	10156
7	16675
76	16675
0	16675
66	124
6	124
1	16676
21	16676
64	16677
5	16677
41	16678
15	16678
242	16679
1	1005
15	16680
91	16681
54	16682
60	16683
82	16683
41	16683
92	16683
24	16683
107	16683
15	16683
195	16683
37	16684
24	16684
99	13076
15	13076
24	16685
130	16686
41	16686
157	16686
0	16686
16	16687
99	16688
206	16688
1	16688
0	16689
6	16690
44	16691
43	16691
24	16691
1	16691
9	16692
103	16693
154	16694
80	16695
55	16696
48	16696
132	16697
57	16697
28	16697
54	16697
17	16698
0	16698
67	16699
88	16700
116	16701
30	187
6	187
3	16702
78	16703
43	16704
8	16705
6	16706
17	16707
84	16707
0	16708
11	16709
49	16709
62	16709
9	16710
53	16711
40	16712
68	16712
6	16712
79	16713
67	16713
15	16714
0	16714
6	16714
1	16714
19	16715
58	16715
55	16716
53	16717
25	16718
25	16719
7	16721
53	16721
54	16722
54	7105
245	7105
1	16723
89	16724
25	16724
16	16724
0	16724
1	16724
53	16725
79	16726
99	7188
165	16727
83	16727
68	16727
90	16727
141	16727
1	16728
150	16729
83	16730
14	16732
1	16733
25	16734
9	16735
6	16736
0	16737
26	16738
188	16739
11	16739
236	16739
0	16740
17	16741
8	961
7	961
0	961
34	16742
85	16743
6	16743
99	16744
78	16744
11	16745
25	641
42	16746
7	16747
56	12295
66	12295
7	12295
12	12295
21	12295
199	614
150	16748
23	16749
99	16750
6	8629
1	16751
93	16751
54	16752
29	16753
11	16754
105	16755
7	16756
1	16756
6	16757
1	16757
185	16758
51	16759
44	16760
181	16760
9	16760
1	16760
88	16761
19	16762
83	16762
12	16762
1	16762
1	207
21	207
1	16763
43	752
7	752
15	752
1	752
59	33
46	16764
112	16765
0	16766
99	16767
80	16768
66	9232
64	9232
0	9232
1	9232
32	16769
1	16770
50	16771
0	16772
37	16773
0	13307
186	16774
7	16775
6	16776
95	16777
24	16777
17	16777
142	16777
5	16777
20	16777
127	16778
0	5295
106	13066
61	13066
0	13066
20	13066
60	16779
122	16780
83	16781
64	16781
54	1329
15	4516
7	16782
17	16782
40	16783
1	16784
88	16785
113	16786
62	16787
55	16788
95	16789
163	16789
6	16789
19	16790
83	16790
58	16790
68	16791
9	16792
15	16793
64	16794
213	16795
195	16795
21	16795
1	16796
1	16797
66	16798
95	16798
44	16799
127	16799
6	16799
25	16800
45	16801
30	16801
7	16802
17	16802
0	16802
0	16803
55	16804
1	16804
57	16805
15	16806
6	16806
32	16807
0	16807
67	16808
15	16809
6	16809
34	16810
36	16811
9	91
33	16812
25	16813
46	16814
4	16814
5	16814
51	16815
61	16816
99	16816
21	16816
66	16817
34	16817
44	16819
181	16819
29	16819
42	16820
6	16821
69	16822
104	16823
55	16824
9	16825
14	16826
6	16827
17	16828
44	16829
23	16831
7	16832
11	16832
182	16833
67	16833
125	16834
99	16835
6	16836
5	16837
15	16838
23	16839
1	16840
56	16841
168	16841
81	16841
54	5559
208	5559
55	16843
1	16843
44	16844
45	16844
13	16846
117	16847
54	16848
37	15299
0	16849
142	16850
20	16850
54	16851
53	16851
28	338
15	338
46	16852
19	16852
83	16853
42	16854
20	16854
15	16855
43	16856
70	16856
1	16857
80	16858
67	16858
105	16859
6	16859
216	16861
17	16862
104	16863
127	16863
6	16863
24	16864
15	16864
129	16864
10	16865
36	16865
43	16866
7	16866
112	16867
107	16868
36	16869
0	16870
194	16872
1	16872
11	16873
0	16873
155	16873
136	16874
32	16875
98	33
44	4747
177	16876
6	16877
6	16878
31	16878
33	16879
57	16880
54	16880
252	16880
19	16881
113	16882
268	16883
160	16884
17	12495
6	12495
44	16885
104	16886
6	16886
68	16887
80	16888
66	16888
43	16889
127	16890
7	16891
0	16891
298	16892
37	8629
8	16893
83	16893
4	16893
51	16893
54	16894
12	16895
44	16896
21	16896
128	16897
127	16898
64	16898
109	16899
27	16899
36	16900
57	16901
17	16902
68	16903
5	16903
77	16904
117	16905
0	16906
41	16907
15	16907
99	16908
76	16909
0	16910
68	16911
1	16912
134	16913
25	16914
6	16915
17	1788
37	16916
1	16916
6	16917
57	16918
51	16918
1	16919
109	16920
27	16920
43	16921
57	11777
52	11777
53	11777
156	16922
1	16922
157	16923
4	16923
12	16923
6	16924
6	16925
29	803
6	803
91	231
15	231
48	16926
0	16927
6	16928
42	16929
64	16929
53	16930
15	10476
120	10476
54	10481
9	13805
51	12598
15	16931
50	16932
64	16933
15	16933
0	16934
11	16935
105	16936
24	16937
1	16938
89	16939
49	16940
14	16941
6	16942
37	16943
99	16943
64	16943
14	16943
1	16943
23	16944
17	16945
66	16946
48	16947
20	16947
54	1806
83	3485
37	16948
286	16949
33	16950
6	16951
53	16951
57	16952
55	16954
1	16954
25	16955
35	16955
51	16956
3	16956
176	16957
1	16958
77	231
109	16961
27	16961
123	16962
107	16962
54	16963
19	16964
54	16964
0	16965
24	16966
0	16967
53	3052
1	16968
6	16969
0	4422
44	16970
113	16971
6	16972
44	16973
12	16973
14	16973
25	16974
25	16977
1	16978
74	1320
0	1320
54	16979
17	16980
15	16981
1	16982
16	16983
189	10884
66	6740
1	16984
10	16985
76	16986
21	16986
77	16987
43	16988
99	16988
23	16989
1	16990
6	16991
36	16992
24	16993
15	16993
1	16993
58	16994
42	16995
122	16995
19	16995
142	16995
87	16995
72	16996
60	16997
95	16997
15	16997
18	14855
7	1787
348	16999
7	17000
74	17001
7	17002
1	17002
55	17003
48	17003
83	17003
1	17003
3	17003
108	17004
195	17004
15	17005
120	17005
15	17006
53	17006
71	17007
0	17007
51	17009
38	17010
45	17010
1	17011
38	17012
6	17012
11	124
1	124
59	17013
105	17015
6	17015
15	17016
210	17017
36	17018
24	17019
0	17020
58	17021
85	17022
70	17022
46	17023
23	17024
0	17025
50	17026
85	17027
6	17027
124	17028
48	17029
95	17029
77	17030
0	17031
15	17032
54	17033
25	17034
66	17035
92	17035
12	17036
0	17036
85	17037
41	11529
11	17038
49	17038
0	17038
7	945
15	17040
75	17041
226	17041
236	17041
46	17042
7	17043
117	17043
35	17044
70	17044
0	1005
68	17045
45	2812
1	2812
17	17046
89	17047
43	17048
19	17048
22	17048
44	17049
99	17049
121	17050
83	17051
99	17052
36	17053
142	17053
0	17053
27	17053
20	17053
260	17054
9	17055
52	17056
110	17057
121	17058
42	13486
6	13486
53	17059
78	17060
15	6503
89	4748
44	17061
112	17062
25	17063
70	17064
150	17065
68	17066
0	17067
59	17068
44	17069
52	17070
66	17071
54	17071
59	17071
29	13525
0	17072
62	17073
1	17073
80	17074
66	17074
48	17074
17	17074
104	17075
123	17076
17	17076
6	17076
99	17077
70	17077
6	17079
99	17080
52	17081
77	17082
66	17083
20	17084
70	17084
23	17084
18	17085
82	17086
24	17087
36	17088
82	17089
41	17089
6	17089
42	17090
115	17091
80	17092
1	17093
0	17094
6	17094
9	17095
19	12659
195	12659
78	17096
1	17096
16	17097
0	17098
29	17099
15	3285
4	10420
14	10420
1	10420
46	17100
6	17101
129	3784
1	17102
32	17103
1	17103
57	17104
20	17104
17	17105
1	17106
80	17107
43	17107
99	17107
11	17107
84	17107
21	17107
0	17108
25	17109
55	17110
1	17110
159	17111
60	17112
154	1036
67	1036
37	17113
109	17114
9	17114
14	17114
27	17114
1	17114
82	17115
92	17115
195	17115
38	17116
29	17117
107	17118
8	17119
0	17120
1	17120
103	17121
125	17122
7	17123
7	17124
36	17125
42	2449
17	2449
20	2449
1	17126
1	17127
53	17129
80	17130
123	17130
17	17131
123	516
26	516
1	17132
15	17133
29	17134
41	17135
99	17135
15	17135
5	17135
54	17136
89	17137
0	17138
61	17019
18	17019
68	17139
15	17140
6	17141
1	231
44	17142
48	17142
68	17142
90	17142
14	17142
6	17143
60	17144
31	17145
7	17146
76	17146
11	17146
78	17146
0	17146
21	17146
1	17147
148	17148
25	17149
36	17150
64	17151
62	17151
117	4422
38	17152
66	17153
36	17154
236	17155
1	17156
11	8938
78	8938
54	17157
9	17158
17	17159
247	17160
50	17161
36	17161
24	17162
11	17163
49	17163
0	17163
155	17163
183	17164
53	17164
20	17165
75	17166
110	17167
46	16681
15	16681
1	17168
0	147
36	17169
12	17169
42	17170
117	17171
53	17171
36	17172
27	17172
6	17172
7	17173
135	17174
78	17174
43	17175
6	17177
43	17178
21	17178
0	17179
6	302
26	2564
112	17180
76	17181
0	17181
6	17181
99	17182
21	17182
67	17182
83	17183
5	17183
4	17184
124	17185
7	1745
49	1745
117	17186
0	17186
6	17187
17	17188
6	17189
52	17190
13	17191
98	17192
27	17192
88	10467
111	10467
17	17193
17	17194
109	17195
27	17195
14	17196
1	17197
6	17200
25	17201
48	17202
1	17202
4	17203
5	17203
28	91
1	17204
54	767
183	767
6	767
125	17205
1	17206
53	17207
82	17208
38	17208
36	17208
68	17209
29	17209
20	17209
0	17210
40	17211
170	17211
277	17212
68	17213
32	17213
1	17213
33	17214
74	17215
44	17216
48	17216
83	17216
68	17217
90	17217
27	17217
20	17217
41	17218
5	17218
0	17219
83	17220
12	17220
1	17220
34	17221
57	17222
80	17224
55	17225
17	17226
25	17227
0	17228
16	17229
15	17230
17	17230
25	17231
54	17232
25	17233
45	17233
105	5269
0	17234
42	17235
60	17235
44	17235
17	17235
195	17235
20	17235
21	17235
22	17235
124	17237
310	17238
77	17238
46	17239
11	17240
1	17240
1	17242
28	17243
60	17244
74	17246
6	17246
24	231
6	231
23	17247
70	17248
37	17249
42	17249
9	6231
1	6231
0	17250
48	17251
1	17252
25	17253
9	17253
80	17254
43	17254
7	17255
57	17256
7	17256
54	17256
50	17257
7	17258
54	7597
1	17259
9	440
25	17260
110	17261
99	17262
6	17263
7	17264
0	17264
89	17265
73	17265
54	17266
320	17268
132	17269
117	17269
83	17270
255	17270
1	17270
56	17271
154	17271
48	17272
0	17273
68	17274
150	17274
53	17275
124	17276
146	17277
11	17277
0	17277
195	17277
22	17277
147	17277
24	17278
15	17278
1	17279
56	17280
24	17281
15	17281
17	17282
89	17283
15	17284
26	17285
23	17286
1	17287
48	17288
10	17290
7	17290
17	17291
12	17291
3	17291
57	17292
67	17292
106	17293
61	17293
20	17293
0	17294
14	17295
45	17296
1	17297
76	17298
11	17298
155	17298
27	17299
0	1006
31	17300
99	17301
38	17302
19	17302
21	2812
96	17304
6	17305
44	17306
68	17306
90	17306
54	17307
57	17308
54	17308
24	17308
0	17308
83	17309
12	17309
1	17309
80	17310
6	17310
6	17311
12	17312
68	17313
13	17314
0	17314
59	17315
146	17316
17	17316
80	17317
9	1702
53	17318
89	17319
32	17320
14	17321
146	17322
83	17323
64	464
80	17324
56	17325
15	17325
88	17325
0	17325
36	17326
16	17327
1	17328
8	17329
15	17330
55	17331
123	17332
70	17333
46	1005
4	17334
1	17335
50	17336
1	17336
41	17337
89	17338
1	17339
107	17341
50	17342
6	17343
94	17344
17	6695
45	8211
9	8211
1	8211
104	17345
40	17346
57	17346
55	17346
11	17346
0	17346
1	17346
22	17346
42	17347
48	17347
50	17347
54	17348
191	13783
17	13783
50	17349
62	17349
21	17349
53	17350
77	17352
75	17353
1	1760
195	17354
117	17355
0	17355
64	17356
206	17357
1	17358
48	17359
68	17359
12	17359
54	1809
36	17360
40	17361
60	17361
231	17361
83	17361
107	17361
11	17362
55	17363
21	17364
109	17365
27	17365
7	17366
9	17367
7	17368
56	17369
11	17369
0	17369
22	17369
6	17370
6	17371
53	17372
41	17373
74	17373
17	17374
91	17375
109	15170
27	15170
15	17376
236	17377
84	17378
9	17379
117	17379
17	17380
89	516
25	17381
80	17382
59	9827
97	13004
54	17383
11	17384
6	17384
51	17385
284	17386
145	17387
66	4056
36	17388
38	17389
7	17389
127	17390
15	17391
78	17392
21	17392
61	10742
25	464
43	17393
15	17394
53	17395
4	17396
5	17396
123	2187
94	2187
43	17397
109	17398
29	17398
27	17398
6	17398
19	17399
64	17400
41	17401
24	17401
107	17401
15	17401
0	17402
232	17403
50	17404
15	17405
55	17406
83	17406
0	17406
60	17408
15	17408
43	17409
141	17409
89	573
25	17410
159	6503
22	17411
95	91
99	91
1	91
60	17412
1	17413
31	17414
1	17415
128	17416
21	17417
64	17418
186	17418
80	17419
125	17419
116	17420
82	17420
48	13649
15	17421
4	637
0	17422
15	17423
195	17423
54	17424
24	17425
121	17425
5	17425
68	17426
0	17427
59	17428
15	17429
106	17430
6	17430
82	17431
4	17432
12	17432
181	17433
77	17434
6	17435
81	17436
109	17437
27	17437
116	17438
59	17439
11	17440
60	17441
74	17442
105	17443
1	17444
9	17445
30	17446
7	17447
11	17448
186	17449
6	17450
253	17451
36	17453
154	17453
67	17453
80	17454
1	17454
132	17455
109	17455
68	17455
90	17455
27	17455
6	17455
12	17456
1	17457
15	17458
21	17458
42	17459
195	17459
20	17459
6	17460
99	17461
88	17462
1	17463
44	33
9	2802
130	17464
54	17465
83	17466
92	17466
29	17467
6	17467
109	17468
27	17468
14	17469
15	17470
183	17470
53	17470
6	17471
8	17472
9	17472
0	17473
24	17474
36	15679
40	17477
66	17477
99	17477
1	17477
15	17478
68	17479
17	17479
6	17481
40	17482
80	17482
55	17482
66	17482
11	17482
0	17482
1	17482
103	17483
6	12298
3	12298
78	17484
0	17484
48	17485
27	17486
1	17486
91	17487
1	17488
7	17489
109	17490
103	17490
27	17490
6	4219
58	17491
68	2233
6	2233
99	17492
15	17493
14	2267
128	17494
16	17495
88	17495
65	17496
67	17498
0	1170
116	17501
21	17501
6	17502
10	17503
63	17503
35	17504
127	17505
41	17506
11	17507
155	17507
95	17508
18	17509
9	1787
16	17510
11	17511
15	17511
0	17511
89	17512
33	17512
7	17514
116	17515
44	17515
92	17515
1	17515
21	17515
60	17516
15	17516
33	17516
15	17517
9	17518
24	17519
6	17519
1	17520
130	17521
7	17522
1	17522
7	17523
32	17524
47	17526
57	17527
76	17527
31	17528
29	715
6	715
61	17529
13	17529
66	17530
37	17531
1	17531
21	17531
190	17532
99	17533
1	17534
24	17535
6	17535
25	17536
1	17536
68	17537
18	17537
20	17537
15	17538
67	17539
37	17540
99	17540
61	3083
18	3083
6	17541
42	17542
57	17542
112	17542
54	17542
6	17543
37	12167
0	12167
128	17544
37	17545
1	17545
25	17546
101	17547
6	17548
3	17549
1	17550
99	23
77	4542
108	17551
66	17552
11	17552
1	7240
125	17553
66	17554
15	17554
34	17554
6	17554
55	17555
1	17555
34	6774
83	17557
68	17557
89	17558
43	17559
1	17559
62	17560
6	17560
5	17561
55	17562
7	17562
78	17562
0	17562
1	17562
1	17563
6	17564
33	4203
95	17565
11	17565
56	17566
36	17567
32	17568
13	11542
1	17569
64	17570
7	17571
0	17571
57	17572
54	17572
114	17573
0	7998
9	17574
7	17575
54	17575
6	17576
31	17576
15	17577
0	17577
1	17577
49	17578
12	17578
237	17579
83	17580
25	17581
68	17582
29	17583
95	17584
17	17585
12	17585
34	17587
33	17588
0	17589
8	17590
112	17590
51	17590
17	17590
67	17591
31	17592
76	17593
83	17594
62	17595
79	17596
80	17597
40	17598
6	17599
66	17600
15	17600
50	17600
36	17600
184	17600
36	17601
44	17602
55	440
1	17603
92	17604
15	17604
195	17604
62	17605
111	17606
45	17607
104	17607
6	17607
54	17608
83	1
41	17609
107	17609
32	17610
1	18
127	17611
1	17613
32	16891
123	17614
46	17614
51	17615
170	17616
80	17617
54	17618
121	17619
0	17620
17	17621
34	17621
0	17622
6	17623
105	17624
36	5905
59	17625
17	1177
67	17627
57	17628
123	17629
11	4414
49	4414
44	17630
7	17631
44	17633
68	17633
90	17633
1	17633
42	17634
19	17634
20	17634
15	17635
6	17635
0	17636
64	17637
1	17637
40	17638
24	17639
6	17639
25	3569
83	17641
68	17641
24	17641
5	17641
20	17641
3	17641
89	17642
15	17643
120	17643
17	17644
0	17644
1	17644
0	17645
112	17646
11	17646
49	17646
0	17646
6	17646
36	17647
0	17647
25	17648
83	17650
103	17651
257	257
68	257
12	257
99	17652
1	17653
1	17654
85	17655
105	17656
68	17657
44	17658
0	17658
52	17659
7	17659
43	17661
153	17661
78	17661
23	7516
95	17662
193	17663
0	17663
7	17664
1	17664
7	17665
0	17665
54	17666
19	17667
25	17668
12	17669
1	17669
17	17670
333	17671
108	17671
64	17672
9	17672
0	17673
11	17674
17	17675
251	17676
105	17678
44	17679
7	17681
53	901
64	17682
80	17683
7	17684
123	8058
44	17685
177	17686
80	4212
95	17687
80	17688
63	17688
68	17689
90	17689
36	5829
7	17690
85	2
154	17691
79	17692
32	17693
1	17693
83	17694
50	17694
5	17694
199	17694
23	17695
1	17696
80	304
164	616
32	5428
19	6040
0	17697
15	17698
108	17698
6	17698
1	17699
15	17700
0	17700
6	17700
99	17701
15	17701
1	17701
37	10529
80	17702
46	17703
6	17704
89	17705
10	17706
55	17706
88	17706
78	17706
80	17707
76	17707
49	17707
7	17708
0	17708
0	17709
37	17710
55	17710
83	17710
68	17710
7	17710
11	17710
12	17710
78	17710
0	17710
1	17710
21	17710
3	17710
48	17711
106	17712
349	17712
68	17712
169	17712
29	17712
58	17712
6	17713
44	17714
109	17714
36	17714
27	17714
1	17715
54	17716
6	17716
7	17717
109	17719
27	17719
52	17720
93	11303
6	17721
11	17722
49	17722
0	17722
21	17722
89	17723
43	17724
99	10842
62	10842
70	10842
61	17725
37	17726
43	17726
1	17726
0	17727
161	17728
16	17729
150	17730
10	17732
11	17732
48	17733
93	17734
33	17735
25	268
24	17736
15	17736
17	17736
12	17736
6	7556
25	17738
109	1005
29	1005
14	1005
27	1005
6	1005
1	17739
80	7176
43	7176
1	7176
63	17740
6	17740
7	17741
15	6721
257	17742
6	17743
80	17744
92	17745
74	17746
1	17747
43	17748
83	17749
1	17749
6	17750
15	17751
104	17752
6	17752
117	17753
15	17755
1	17755
230	17756
113	17756
45	17757
57	17759
15	17759
17	17759
42	4555
150	4555
9	17760
17	17760
1	17760
1	17761
6	17762
1	10922
53	17763
19	17764
64	17765
125	17766
37	17767
78	17768
119	17769
76	17769
49	17769
117	17769
21	17770
67	17770
67	17771
6	17772
128	17773
91	17774
6	13540
99	17775
195	17776
28	17777
15	17777
6	17777
64	17778
53	17780
73	923
55	17781
0	17781
11	17782
49	17782
80	3125
83	3125
0	3125
25	17783
50	17784
15	17785
132	17786
9	17787
74	17788
6	17788
0	17789
27	17791
92	421
25	8425
28	17792
48	10811
57	17794
94	17795
145	17796
68	17797
58	17797
60	17798
57	17798
46	17798
83	17798
7	17798
4	17798
51	17798
105	17798
12	17798
14	17798
6	17798
21	17798
7	17799
59	17799
7	17800
40	17802
43	17803
11	17803
12	17803
2	2657
30	17804
7	17805
0	17805
80	17806
49	17807
6	17808
48	17810
1	17811
45	17812
12	17812
1	17813
37	17814
66	17815
1	17816
6	17817
75	12626
37	6
74	1005
6	1005
68	17818
9	17819
59	17820
15	17821
181	17822
9	17822
25	17823
105	17824
50	17825
13	17826
43	17826
67	17826
64	17827
6	17828
61	17829
18	17829
55	17830
267	17830
43	17830
154	17830
73	17830
64	17831
61	17832
73	4156
67	17833
1	17834
112	17835
19	17836
68	17836
127	2193
68	17837
112	17838
54	17838
117	17838
13	17839
52	17839
91	17840
61	17841
18	17841
46	17842
83	17842
1	17842
20	17842
17	17843
13	17844
15	17844
50	17844
0	17844
12	17845
1	17846
38	17847
99	17847
55	15636
58	15636
1	15636
207	15636
54	2394
0	2394
14	2394
21	2394
68	17848
9	17848
252	17848
142	17848
93	17848
82	17849
107	17849
6	17850
57	17851
7	17851
49	17851
128	17852
30	17853
35	17853
20	17853
116	17854
55	17854
1	17854
9	17855
25	17857
68	6465
17	6465
54	17858
51	17858
18	9
75	17859
54	17859
243	17859
1	17859
55	17860
7	17860
76	17860
78	17860
58	17860
80	17861
280	17862
7	17862
63	17863
12	17863
43	17864
74	17864
104	17865
12	17866
34	17867
18	17868
15	17869
120	17869
99	17871
1	17872
134	17873
38	17874
1	17875
105	17876
281	17877
54	17878
40	17879
13	17880
95	17880
0	17880
67	17880
199	17880
43	17881
22	17881
99	17882
1	17882
117	9304
146	17883
11	17883
0	17883
155	17883
7	17884
6	17884
80	17885
55	4142
0	4142
46	17886
36	17887
27	17888
17	17889
49	17889
350	17889
12	17889
1	17891
21	17891
54	17892
0	17893
183	17895
1	17896
6	17897
6	17898
46	17899
83	17899
0	17899
68	17900
16	17901
226	17902
55	17903
88	17903
1	17903
29	17904
29	17905
14	17906
53	17907
106	158
85	158
64	158
6	158
4	17908
105	17909
27	17910
63	17911
83	17912
20	17912
64	17913
1	17913
36	17914
54	17915
9	4152
83	17916
17	17916
1	17916
207	17916
6	17917
57	17918
15	17919
85	17920
6	17920
19	17921
68	17921
22	17921
73	17922
77	17923
38	395
62	17924
21	17924
10	17925
55	17925
11	17925
49	17925
0	17925
1	17925
199	17925
2	17926
7	17927
53	17927
20	17928
123	17929
1	17930
57	3784
66	3784
92	3784
51	3784
37	17931
32	17931
0	17932
7	923
0	923
6	17933
66	17934
36	17935
41	17936
24	17936
68	17937
90	17937
58	17937
1	17938
23	1279
1	17939
21	17940
24	17941
118	17941
133	17942
122	17942
83	17943
7	17943
30	17944
80	17945
66	17945
63	17945
17	17945
1	17946
1	17947
127	17948
66	17949
7	17949
9	17951
54	17952
28	17953
0	17954
117	17955
256	17955
113	17956
1	4055
48	17958
0	17960
48	17961
74	2480
44	17962
48	17962
68	17962
17	17962
117	7755
1	17963
25	16386
80	17965
1	17965
1	17966
112	3236
17	3236
14	3236
54	17967
0	17967
58	17967
106	17968
6	17968
60	17969
11	17970
0	17970
15	17971
36	17972
19	17973
22	17973
9	2
15	17975
8	17976
51	8318
0	17977
91	17978
43	17979
20	17979
48	17980
125	17981
53	17981
13	17982
16	17982
3	17983
172	17984
1	17984
3	17985
109	6154
27	6154
7	17986
7	17987
1	17988
316	17989
23	17989
9	17991
192	17992
32	17993
17	17993
1	17993
15	17994
1	17995
36	17996
28	17997
132	17998
117	17998
78	17998
7	17999
0	17999
28	18000
6	18001
82	1279
41	1279
6	18002
145	18003
25	18004
12	18005
0	18005
1	18005
24	18006
107	18006
15	18006
66	18007
51	18007
14	18007
100	18008
78	18008
80	18009
11	1809
49	1809
0	1809
34	18011
68	18013
90	18013
1	18014
53	18015
55	18016
24	18016
84	18016
67	18016
1	18017
1	18018
83	18019
68	18019
17	18019
19	18020
150	18020
92	18021
51	18022
6	18023
66	18024
36	18025
0	18025
232	17019
18	17019
67	18026
1	18027
226	5808
41	18028
43	18030
36	18031
12	18032
66	18033
105	18034
11	18035
0	18035
45	18036
81	18037
6	18037
41	18038
68	18038
5	18038
109	18039
27	18039
134	18040
44	18041
44	18042
68	18043
24	18044
6	18044
20	18044
6	18045
1	18046
53	10536
66	18047
68	18047
57	18048
80	18049
36	18049
77	18050
8	18051
55	18051
212	18051
79	18051
58	18051
5	18051
55	18052
11	18052
0	18052
155	18052
29	18053
25	18054
89	906
25	906
2	906
41	18055
15	18055
5	18055
36	18056
44	18057
68	18057
90	18057
4	18057
20	18057
109	18058
27	18058
70	10842
103	18059
285	18060
6	18061
43	18063
57	18064
37	18065
24	18065
6	18065
19	18066
1	18066
22	18066
0	18067
7	18068
55	18069
48	18069
76	18069
1	18069
37	18070
24	18071
1	18072
6	18073
267	18074
0	18075
63	18077
7	18077
195	18078
48	18079
0	18079
53	18080
66	2536
44	18082
14	18082
40	18083
41	18083
15	18083
17	18083
71	18083
0	18083
105	18084
181	18085
1	18085
68	18086
12	18087
0	18087
0	18088
14	18088
123	18089
57	18090
183	18091
9	18092
91	18093
54	18094
55	18095
17	18095
62	18095
123	18096
43	14022
15	18097
8	18098
41	18099
15	18099
3	18100
150	18101
1	18102
6	18103
1	18104
6	18105
247	18106
110	18107
14	18107
18	18108
177	18108
6	18108
35	18108
20	18108
31	18108
7	18109
0	18109
81	18110
25	18111
80	18112
7	18113
54	18114
15	18114
121	18114
0	18115
25	18116
76	18116
62	18116
95	18117
104	18117
6	18117
54	18118
15	18119
37	18120
1	18120
88	18121
25	18122
49	18123
0	18123
77	18124
15	18125
33	18126
72	18127
73	18127
0	18129
7	18130
24	18131
57	18133
25	1329
22	18134
0	18135
2	18136
17	18137
25	1474
154	18138
44	9590
46	11644
4	11644
12	11644
56	18139
7	18139
23	6827
9	18140
7	18141
44	18142
15	18143
117	18143
68	5317
90	5317
37	18145
43	18145
1	18145
3	18145
4	18146
0	89
276	18147
15	18148
75	1301
60	18149
8	18150
125	18150
37	18151
83	18151
146	18152
3	18152
44	18153
68	18153
90	18153
12	18153
6	18154
15	18155
52	18156
7	18156
110	18157
113	18158
53	18135
8	18159
30	18160
109	18161
27	18161
6	18161
57	18162
144	18163
121	18164
127	18165
67	18166
142	18167
30	18167
177	17870
182	17870
0	17870
1	18168
55	18169
48	18169
0	18169
1	18173
110	14408
37	18174
104	18175
6	18175
25	18176
171	18177
28	18178
43	18179
165	18180
105	18180
31	7037
52	18181
54	18181
17	18181
53	18181
112	18182
110	4032
77	18183
6	18184
0	18185
113	18186
5	18188
15	18191
25	18192
16	18192
0	18193
0	18194
0	18196
67	18197
43	18199
0	18199
67	18199
25	18200
123	18201
176	18202
25	18203
346	18204
31	18205
44	18206
123	18207
9	18208
25	18209
43	18210
112	18211
54	18211
9	18211
125	18212
158	18212
32	18213
6	18214
50	841
34	18215
26	18216
54	18217
144	18218
55	18219
1	18219
37	18220
1	18220
15	18221
99	18222
24	18222
52	18223
7	18223
6	18224
0	18225
1	18225
123	18226
54	18227
54	18228
54	18229
25	18231
67	18232
54	18233
53	18233
1	18234
6	18235
0	18236
6	18237
110	18238
4	18239
57	18240
53	18240
49	18241
1	18242
21	18242
40	18243
1	18244
4	18245
1	18246
56	18247
88	18247
129	18247
1	18248
0	18249
9	18250
26	18251
85	18252
45	18252
35	18252
119	18253
161	18253
7	18254
233	18255
54	18257
0	18258
44	2682
48	2682
83	2682
68	2682
90	2682
14	2682
111	18259
25	18260
7	18260
11	18260
9	18261
17	18261
150	18261
17	18262
84	18262
48	18263
43	18263
4	18263
111	18263
6	18263
1	18263
23	18263
26	18264
54	18265
7	241
170	241
0	241
129	241
15	18266
0	18266
56	18267
44	18268
48	18269
83	18270
68	18270
7	18270
17	18270
14	18270
99	18271
74	18272
136	18273
26	12198
15	18274
134	18275
0	18275
1	18275
6	18276
36	3867
36	18277
54	18278
84	18279
17	18280
44	18282
54	18283
117	18283
67	18283
15	18284
54	18285
6	18286
54	18287
11	18288
7	18289
53	18290
1	18291
6	18292
31	18292
7	18293
15	16080
29	18294
37	18295
1	18295
150	18296
15	6045
78	18297
165	18298
166	18298
59	22
8	158
23	8425
6	18300
13	18301
28	18302
118	18302
59	18303
219	18303
68	18304
7	18304
0	18304
1	18305
68	18306
56	18307
27	18307
9	18308
99	18309
15	18309
46	257
9	257
17	257
236	257
37	18310
24	18311
15	18311
42	18312
43	18313
50	18314
1	18314
36	18315
48	18316
15	18317
83	18318
4	18318
1	18318
54	1988
1	18319
54	18320
15	158
6	18321
68	18322
19	18323
68	18324
90	18324
14	18324
123	18325
9	18325
37	18326
4	18326
1	18326
55	18327
7	18327
15	18327
1	18327
21	18328
0	18329
10	18330
7	18330
49	18330
0	18330
78	18331
56	18332
43	18332
11	18332
81	18332
21	18332
42	18333
19	18333
58	18333
33	18334
77	18334
17	18335
54	18336
6	18337
52	18338
48	18340
41	18340
24	18340
15	18340
1	18340
7	18341
116	18342
19	18342
22	18342
26	767
57	18343
54	18343
157	18344
66	18345
103	18346
14	18347
163	18348
6	18348
66	18349
1	18350
80	18351
6	18352
17	18353
15	18354
53	18354
1	18355
12	18356
95	4378
68	4378
78	4378
0	4378
8	18357
9	18357
52	18358
7	18358
1	18359
298	18360
43	18361
10	18362
17	18362
49	18362
109	11265
27	11265
28	18363
240	18364
1	18365
17	18366
168	3342
36	3342
68	18369
7	18370
106	18371
232	18371
61	18371
43	18371
15	18371
111	18371
27	18371
58	18371
23	18371
40	4328
25	18372
30	18373
199	18374
9	18375
17	18376
1	10274
1	18377
37	18378
74	841
6	841
24	18379
78	18380
21	18380
0	18381
80	18383
42	18384
0	18384
67	18384
235	18385
109	18386
27	18386
37	18387
24	18387
27	18387
11	18388
0	18388
44	18389
33	18389
68	18390
90	18390
21	18390
89	18391
31	18392
55	18393
7	18393
76	18393
11	18393
0	18393
1	18393
15	18394
12	18394
6	18394
113	18395
32	18396
32	18397
22	18398
199	18398
15	18399
55	18400
0	18400
11	18401
318	18402
66	18403
6	18403
0	18404
1	18405
1	2436
111	18406
83	18407
1	18407
16	18408
7	18409
0	18409
104	18410
15	18410
6	18410
28	18411
76	18412
117	18412
41	18413
15	18413
36	18414
103	18414
58	18414
165	18415
55	18415
11	18415
103	18417
31	18418
48	18419
68	18419
7	18419
0	18419
1	18420
13	18421
40	18422
145	18423
6	18424
1	18425
45	18426
24	18426
15	18426
58	18426
20	18426
54	18427
45	18428
51	18429
64	18430
91	18431
30	3124
6	3124
10	18433
7	18433
1	18433
57	18434
117	18435
1	18436
246	18436
15	18437
28	18438
0	18439
9	18440
116	18441
10	18441
54	18442
43	18443
1	18443
112	18444
51	18444
54	18445
123	18446
52	18446
9	18446
118	18446
20	18446
85	18447
4	18448
0	18448
43	18449
25	18450
0	18451
15	17417
17	17417
54	1991
74	18452
128	18453
4	18454
5	18454
89	11075
89	18455
0	18456
100	18457
66	18458
15	18458
24	18459
43	10968
4	18460
73	18461
15	18462
4	18463
6	18464
6	18465
3	18465
31	18465
0	18466
29	18467
6	18468
46	18469
28	18470
24	18471
15	18471
80	18472
38	18472
112	803
89	8111
62	18473
15	18474
17	18474
1	18474
83	18475
107	18475
1	18476
73	3906
132	18477
117	18477
57	18478
1	18478
15	18479
53	18480
76	18481
1	18482
7	10926
80	18483
7	18484
54	18484
0	18484
14	18485
1	18485
32	4312
6	18486
109	18487
27	18487
16	18488
14	18489
10	18490
109	18490
77	18490
27	18490
43	18491
68	18493
90	18493
7	18493
0	18493
6	18494
24	18495
207	18496
57	18497
135	18497
54	18497
78	18497
36	18499
1	18499
17	18500
30	18501
24	18502
15	18502
0	18502
1	18502
7	18503
99	18504
32	18505
54	364
54	18506
183	18506
59	18507
134	18508
62	18509
50	18510
36	18510
77	8787
25	18511
46	18513
15	18513
58	9747
15	2614
60	18514
17	5524
1	18515
98	18517
8	18518
1	18518
275	18519
48	18520
53	18521
59	18522
219	18522
1	18523
43	18524
99	18524
78	18524
9	18525
6	18526
159	18527
148	18528
11	18528
21	18528
160	2
15	18529
84	18529
24	18530
11	18530
0	18530
6	18531
127	18532
20	18533
8	2187
15	18534
0	18534
117	18535
80	18536
85	18537
6	18537
123	16396
40	7088
24	7088
67	18538
30	18539
17	18540
79	18540
10	18542
37	18543
1	18543
32	18544
68	18545
25	18546
24	18547
43	18548
54	1838
127	187
103	18549
48	18550
1	18551
109	18552
27	18552
67	18553
105	18554
74	18554
6	18554
13	10275
45	18556
171	18556
15	18557
0	18560
10	18561
55	18561
11	18561
10	18562
78	18562
0	18562
48	18564
14	1168
93	1168
146	18565
324	18565
1	18565
199	18565
17	18566
74	18500
109	18567
27	18567
7	18569
54	18569
116	18570
29	18571
1	14855
236	18572
46	18573
1	18573
40	18574
4	18575
93	18575
7	18576
0	18576
24	18577
0	18577
255	18577
1	18577
6	18578
1	18579
9	18580
1	18580
42	18581
83	18581
14	18582
37	1158
48	1158
7	1158
43	18583
48	5012
54	18584
105	18585
1	18586
6	18587
37	18588
44	18589
45	18589
15	18590
1	18591
15	12906
0	8755
6	18592
54	18593
1	18593
53	18593
0	752
30	18594
68	16104
6	18595
7	18596
0	18596
42	18597
19	18597
142	18597
18	18598
81	12574
123	1365
24	1365
29	1365
68	18599
8	18600
15	18601
16	18602
33	18603
83	18604
11	18604
0	18604
155	18604
318	18605
16	18606
14	18607
6	18608
11	18609
15	18609
66	18610
82	18611
104	18611
15	18611
6	18611
105	18612
108	18612
6	18612
146	18613
43	18613
48	18614
24	18614
54	18615
236	18616
25	18617
52	18618
53	18618
15	18619
241	18620
52	18621
55	18622
0	18622
76	10168
112	18623
15	18624
6	18624
106	18625
68	18626
83	18627
7	18628
15	18629
49	18629
25	6058
16	6058
0	18630
1	18631
40	18632
19	2469
22	2469
5	18633
9	18634
0	18635
21	18635
3	18635
15	18636
27	18637
241	187
307	187
11	18638
17	18638
55	18639
56	18639
11	18639
80	18640
43	18640
99	18640
24	18641
83	18642
57	18643
20	18644
4	18645
17	18645
12	18645
15	18646
17	18647
70	18647
31	18647
53	18648
37	18649
37	18650
44	18651
12	18651
36	18652
241	18653
1	18654
0	18655
48	18656
7	18656
1	18656
6	18657
42	18658
112	18658
99	18659
14	18660
68	18661
0	18662
23	18663
82	18664
91	18664
41	18664
121	18664
6	18665
28	18666
56	270
11	270
0	270
6	18667
68	18668
93	18668
0	18669
6	18669
0	18670
11	18671
34	18671
25	14933
52	18672
53	18672
26	18673
72	18674
64	18675
85	18676
6	18676
117	7457
256	7457
11	18677
78	18677
55	18678
11	18678
31	18679
115	12904
6	12904
42	18680
68	18680
99	18680
58	18680
20	18680
21	18680
291	18681
23	18681
33	18682
40	18683
48	18684
6	18685
7	6061
25	18686
11	18687
12	18687
78	18687
0	18687
1	18687
43	18688
67	18688
9	18689
170	18690
83	18691
5	18691
1	18691
44	18692
68	18692
4	18692
17	18692
21	18692
40	18693
154	18694
134	18695
136	18696
37	18697
15	18697
6	18697
1	18697
59	18698
72	18699
177	4422
201	18700
43	18700
27	18701
1	18702
24	18703
17	18704
13	18705
66	12270
99	12270
24	18706
18	18707
46	18709
105	18709
9	18710
43	18711
24	18712
15	18712
48	18713
7	18714
15	1093
112	4208
206	4208
74	18715
19	18716
22	18716
55	18717
83	18717
136	18717
79	18717
25	18718
25	18719
63	18720
112	18720
42	18721
57	18721
0	18721
67	18721
95	18722
7	18723
1	18723
29	18724
27	18724
6	18724
61	18725
116	18726
54	18727
55	18728
74	18729
30	18729
83	18730
12	18730
1	18730
48	18731
113	18732
43	2
1	2
64	18733
27	18734
6	18734
111	18735
37	18736
80	18736
43	18736
117	18737
125	18738
83	18739
54	18740
186	18741
55	18742
53	18743
76	18744
117	18744
7	18745
173	18746
1	18746
246	18746
121	18747
54	18748
25	18749
0	18750
0	18751
68	18752
51	18752
12	18752
57	18753
67	18754
121	18755
1	18756
68	18757
37	18758
1	18758
181	18759
43	1806
46	1032
37	18761
10	11967
56	11967
43	11967
78	11967
21	11967
83	18762
135	18763
11	18763
246	18763
129	18764
28	18765
0	18766
80	1329
63	1329
17	1329
68	10363
44	18767
68	18767
63	18768
50	18769
24	18770
15	18770
50	1809
52	18771
54	18771
7	18772
0	18773
55	18774
1	18774
50	18775
53	18776
117	18777
99	18778
62	18778
6	18778
23	18779
37	18780
1	18780
7	18781
64	18781
12	18781
49	18782
21	18783
125	18784
158	18784
7	18784
54	18785
75	18786
15	18787
346	18788
113	18788
46	18789
6	18790
55	18791
83	18791
0	18791
83	18792
17	18792
12	18792
1	18792
9	18793
64	231
11	18794
17	18794
9	18795
237	18795
7	18796
15	18797
45	18798
1	18799
12	14828
14	18800
56	18801
44	18802
48	18802
24	18802
35	18802
1	18802
174	18803
34	18804
54	18805
1	18806
107	18808
0	18809
54	18810
82	18811
37	18812
55	18812
0	18812
1	18812
22	18812
95	18813
24	18813
22	18813
124	18814
80	18815
17	18815
136	18816
0	18817
36	18818
8	18819
57	18820
95	18821
41	18822
37	18823
80	18823
12	18823
6	18823
1	18823
42	4555
132	18825
216	18825
67	18825
9	18826
51	18827
59	18828
32	18829
54	18830
117	18830
4	18831
15	18832
172	18834
105	18835
6	18835
17	18836
34	18836
57	18837
51	18837
7	18838
15	18839
74	18839
113	18840
35	18841
21	18841
57	18842
24	18842
79	18842
1	18842
53	18842
70	18842
132	18843
17	18844
68	18845
20	18846
1	18847
1	18848
77	18849
25	18850
51	18852
17	18852
48	18853
1	18854
20	18855
124	18857
44	18858
24	18859
13	18860
66	18861
48	18862
17	18862
1	18863
41	9301
95	9301
28	9301
107	9301
15	9301
66	18864
1	18864
37	18865
80	18865
132	18866
13	18866
54	18866
136	18866
154	18866
117	18866
0	18866
245	18866
67	18866
1	18869
6	18870
54	18871
186	18871
11	18872
170	18873
74	18873
15	18875
54	18876
112	18877
51	18877
43	18878
14	18879
6	18879
1	18879
21	18879
7	18880
15	18880
21	18880
36	18881
9	18882
104	18883
124	18884
244	18885
134	18885
6	18886
41	18887
24	18887
171	18887
1	18888
55	18889
29	18890
112	18891
44	18892
83	18892
68	18892
45	18892
90	18892
14	18892
1	18892
21	18892
110	18893
6	18894
20	18894
45	18896
36	18896
0	18897
104	18898
0	18899
24	18900
21	18900
57	18901
67	18901
132	18902
53	18902
13	18904
67	18904
7	18905
17	18905
8	18906
30	18907
7	18908
11	18908
15	18908
17	18909
12	18909
12	18910
11	18911
155	18911
22	18911
57	18912
24	1365
29	1365
20	1365
68	18913
48	18914
15	18914
15	18915
115	18916
128	18917
42	18918
37	18919
6	18919
54	18920
122	17942
52	18921
14	18921
1	18921
163	1755
36	1755
105	1755
6	1755
25	18923
6	4422
31	4422
59	18924
15	6231
108	6231
6	17855
99	18925
53	18926
48	18927
20	18927
17	18928
0	18929
74	18930
37	18931
17	18931
1	18931
25	18932
7	4889
54	16291
7	18933
125	18934
44	4787
21	4787
17	18935
25	18936
1	18937
1	18939
11	18940
44	18941
19	18942
195	18942
20	18942
15	18944
0	18944
6	18944
55	8342
58	8342
150	18945
0	18946
154	18947
80	18948
6	18949
37	18950
53	18951
6	18953
11	18954
1	18954
43	18955
77	18955
7	18956
11	18956
0	18956
127	12936
110	18957
40	18958
15	18958
74	18958
238	18959
7	18960
24	18960
68	18961
76	18961
68	18962
30	18963
6	18964
109	18965
54	18965
27	18965
1	18965
109	18966
27	18966
67	18966
37	14408
63	18967
72	18968
74	18969
6	18969
17	18970
1	7256
44	18971
45	18971
9	18971
1	18971
165	18972
82	18972
7	1336
54	1336
76	1336
183	1336
32	18973
79	18973
16	18974
0	18975
6	18976
17	18977
49	18977
78	18977
0	18977
54	18978
68	18979
7	18979
53	18979
263	18980
59	18981
130	18982
11	18982
25	18984
0	18985
45	18987
6	18988
14	13804
1	13804
53	13804
1	18989
124	18990
55	18991
255	18993
36	18994
6	18994
49	7516
98	18995
62	18995
36	18996
7	18997
6	18997
104	18998
117	18998
6	18998
53	18998
25	18999
43	19000
142	19001
8	19002
170	19003
48	19004
1	19005
84	19006
37	19007
1	19007
56	19008
38	19008
11	19008
6	19009
7	19010
49	19010
6	19011
17	19012
50	19013
83	19014
12	19014
1	19014
80	19015
10	19015
26	12
33	19016
57	19017
54	19017
195	19019
80	19020
43	19020
60	158
104	158
15	158
108	158
30	158
113	19022
68	19023
41	19025
41	19026
15	19026
11	19027
155	19027
121	19028
17	19029
52	19030
12	9093
1	9093
46	1806
41	19031
95	19032
78	19033
1	19034
29	19035
121	19036
1	19037
54	19038
76	19038
6	13370
91	19039
15	19039
121	19039
118	19039
6	19039
70	19039
193	19040
7	19041
76	19041
11	19041
0	19041
1	19041
85	19042
44	19042
169	19043
6	19043
109	19044
27	19044
135	19045
27	19046
85	19047
183	19047
61	19048
18	19048
41	8101
99	8101
24	8101
17	19049
44	19050
99	19050
6	19051
115	16396
11	4470
49	4470
12	4470
0	4470
80	19053
59	9165
17	9165
117	19054
109	19055
27	19055
59	19056
17	19057
6	19058
106	19059
175	19060
101	19060
43	19061
24	19062
6	19063
6	19064
0	9740
64	19065
43	19066
1	19066
36	19067
17	278
0	278
64	19068
9	19069
91	19070
29	19071
48	19072
15	19072
88	19073
37	19074
43	19074
59	19075
17	19075
66	19077
95	19077
29	19078
1	9
16	19079
22	12550
124	7005
55	19080
66	19080
50	19080
44	19081
1	19082
17	19083
54	19084
1	19085
37	19086
1	19086
21	19086
50	19087
18	19088
59	19089
50	19090
11	19091
50	19091
0	19091
6	8729
49	19092
76	19094
78	19094
0	19094
21	19094
0	19095
55	19096
48	19096
76	19096
0	19096
50	19097
36	16366
15	19098
7	19100
49	19100
78	19100
0	19100
7	19101
181	19102
260	19103
66	19104
62	19104
238	19104
1	19105
6	19106
20	19107
48	19108
1	19109
66	19110
7	19110
84	19110
0	19110
0	19111
13	19112
1	19113
92	19114
108	19114
109	923
27	923
53	19115
64	19116
89	16800
37	19117
55	19117
58	19117
1	19117
76	19118
11	19118
15	19118
17	19118
112	19119
17	19119
12	19119
348	19120
134	19121
198	19122
48	19123
7	19123
63	19124
6	19125
55	19126
48	19126
0	19126
104	19127
6	19127
16	19128
10	19129
11	19129
49	19129
0	19129
67	19130
72	3867
36	19131
63	19132
48	19133
76	19133
24	19133
0	19133
53	8285
33	19134
40	19137
295	19138
19	19139
44	19140
7	19141
0	19141
52	19142
117	19142
68	13635
4	13635
1	13635
93	13635
57	19143
50	19143
12	19143
67	19144
53	19145
21	19146
6	19147
54	19148
170	19149
6	19150
38	10586
109	19151
27	19151
17	22
37	19152
25	19153
42	19154
44	19154
19	19154
50	19154
109	19155
9	19155
27	19155
37	19156
80	19156
48	19157
55	9831
0	9831
7	8633
0	8633
1	8633
6	19159
6	19160
25	19161
44	19162
260	19163
95	19164
6	19165
52	19166
48	19167
84	19167
99	19168
50	19168
15	19169
20	19169
48	19171
19	19171
54	19171
50	19171
85	19172
45	19172
43	19173
9	19173
53	19174
0	19175
6	19176
19	19177
21	19177
0	1565
1	19178
52	1329
7	1329
28	19179
44	19180
14	19180
21	19180
0	19181
1	19183
11	19184
0	19184
44	19185
21	19185
54	19186
117	19186
144	19187
0	19188
37	19189
66	19189
1	19190
125	464
48	19191
117	19192
44	19193
14	19193
50	19194
25	19195
50	19195
53	19197
33	19198
14	19199
44	19200
124	19201
14	19202
33	19203
105	19204
6	19204
110	19205
61	19206
18	19206
21	19206
43	19208
6	19209
48	19210
68	19210
20	19210
49	19211
68	19212
6	19212
43	19213
27	1933
35	1933
6	19214
1	2234
36	19215
157	1743
25	19216
43	19217
19	19217
99	19217
24	19217
21	19217
177	19218
36	19219
17	17805
80	338
68	338
51	338
105	338
129	338
1	19220
0	19222
8	464
125	19223
17	19223
16	19223
41	19224
24	19224
15	19224
22	19224
15	19225
6	19226
105	19227
109	19228
27	19228
15	19229
63	19230
314	19230
44	19232
181	19232
21	19232
1	19233
45	19236
9	19237
247	19238
54	19239
54	19240
17	7597
32	19241
1	19241
6	19242
99	19243
43	19244
16	19246
88	19248
117	19249
80	19250
154	19252
20	19252
67	19252
29	19253
76	19254
97	19255
1	19256
123	7831
44	19257
33	19257
160	19258
112	19259
12	19259
25	19260
109	19261
27	19261
21	19262
48	19263
104	19263
15	19263
31	19264
51	19265
10	19266
0	19266
6	19266
51	10230
32	10230
17	10230
12	19267
224	818
54	818
121	19268
6	19269
53	19270
6	19271
66	19272
134	19273
77	19274
0	19275
62	19276
43	19277
9	19278
4	19280
1	19280
0	19281
15	19282
95	19283
6	13379
0	19285
4	19286
54	19287
14	19288
130	19289
11	19289
296	12567
1	1279
53	19290
6	19291
53	19291
20	19291
29	19292
89	19293
17	19294
0	19294
1	19294
1	19295
99	19296
1	19296
117	19297
6	19298
291	19299
57	7457
41	19300
92	19300
107	19300
15	19300
15	19301
67	18843
351	19303
13	19304
154	19304
117	19304
67	19304
36	19305
88	19305
80	19306
37	19307
24	19307
9	19307
1	19307
110	19308
40	19309
68	19309
62	19309
262	19309
1	19309
15	19310
91	19311
57	19312
285	19312
51	19312
67	19312
40	841
3	19313
6	19314
67	19315
95	19316
94	8973
3	8973
36	19317
1	19317
142	19318
6	19319
193	19320
117	4230
80	19321
68	19321
12	19321
0	19322
1	19322
34	19323
61	19324
18	19324
8	19325
7	19325
9	19325
0	19325
25	5438
54	19326
0	19326
67	19326
13	19327
34	19327
6	19328
19	19329
83	19329
150	19329
59	19330
33	19331
16	19332
64	19333
14	19334
25	19335
48	19336
99	19337
9	19337
1	19337
15	19339
3	19341
132	19342
54	19342
54	1477
16	19343
17	19344
232	19345
25	2564
54	19346
77	4146
124	19347
1	3512
54	19348
117	19349
7	19350
54	19350
17	19350
84	19351
106	19352
125	19353
5	19354
6	9301
61	19355
78	19356
66	19357
99	19357
58	19358
25	19359
0	19360
15	19361
6	19362
76	18
15	19363
26	19364
108	19365
6	19365
15	10504
6	10504
1	19366
28	19367
21	19368
78	19369
31	19370
43	19371
44	19372
231	19372
83	19372
36	19372
12	19372
78	19373
89	19374
15	19375
6	19375
32	19377
11	19378
0	19378
230	19379
25	19380
54	19381
41	19382
24	19382
1	19383
104	19384
6	19384
92	19385
27	19386
6	19386
76	19387
6	19388
0	19389
66	19390
37	19391
43	19391
1	19391
88	19392
25	19393
42	19394
43	19394
32	19394
9	19395
56	19396
56	19397
15	14361
89	19398
6	19399
21	19400
11	19401
15	19402
43	19403
95	19404
15	19404
43	5123
48	19405
117	19406
95	19407
50	19407
5	19407
3	19407
49	19408
0	19408
226	17823
21	19409
48	19410
68	19410
90	19410
99	19410
159	19411
1	19412
33	19413
37	19414
11	19414
53	19415
36	19416
1	19417
9	19418
52	19419
46	19420
129	19420
54	19421
89	19422
74	19423
9	1005
6	19424
37	19425
44	19426
36	19427
36	19428
31	19429
78	19430
73	187
117	19431
0	19431
11	19432
155	19432
67	19432
15	19433
68	19434
36	10764
38	2422
9	16815
6	16815
91	19435
67	19435
66	19436
0	19437
64	19438
15	19438
0	19438
142	19439
127	19440
15	19441
71	19442
0	19442
0	19443
42	19444
19	19444
142	19444
0	19444
42	19445
44	19445
195	19445
10	19446
66	19447
223	19447
6	19447
154	19448
67	19448
13	19449
54	19449
67	19449
1	19450
25	19451
97	19452
68	19454
4	19454
150	19454
20	19454
16	1403
43	19455
54	19456
53	19456
99	19457
150	19457
50	19458
144	19459
25	19460
46	19461
17	19461
6	19461
111	19462
132	19463
6	19464
37	19465
4	19465
5	19465
1	19465
3	19465
208	19466
0	19466
53	19466
6	19467
13	19468
6	19469
9	19470
163	19471
6	19471
44	19472
4	19472
50	19472
21	19472
66	19473
11	8378
49	8378
15	19474
17	19474
53	19475
160	19476
25	19477
13	19478
15	19479
95	19480
104	19481
64	19481
21	19481
128	19482
104	19484
24	19484
107	19484
15	19484
142	19484
81	19484
20	19484
9	19485
25	19486
160	19487
153	19488
78	19488
37	19489
150	19490
27	19491
54	19492
17	2099
6	19493
54	19494
9	19495
80	19497
43	19497
19	19497
18	19497
159	19497
20	19497
95	19498
5	19498
18	19499
72	19500
352	19500
124	19500
7	19501
76	19501
49	19501
78	19501
20	19502
66	19504
80	19505
17	19505
109	19506
27	19506
44	19507
37	19508
43	19508
117	19509
48	19510
41	19511
305	19512
54	19513
1	19514
44	19515
68	19515
90	19515
0	19515
14	19515
1	19516
149	7663
25	10368
85	19517
53	19518
89	19519
99	19520
0	15264
43	18683
68	18683
99	18683
54	18683
150	18683
21	18683
21	19521
44	19522
1	19522
99	19523
132	19524
117	19524
24	19525
15	19525
67	19526
85	19527
29	19527
49	19528
17	19529
20	19529
54	19530
53	19530
43	19531
78	19532
113	19532
70	19533
7	19534
0	19535
1	19535
6	19536
0	19537
6	19537
224	3099
117	3099
67	3099
15	19538
6	19538
26	19539
54	19540
18	19541
11	19542
0	19542
43	19543
133	19545
7	19546
6	19547
17	2497
64	19548
6	19549
132	19550
37	19551
1	19551
260	19552
112	19553
7	19553
51	19553
25	19555
40	19556
68	19556
30	19557
1	19559
15	19560
105	19560
6	19560
99	19561
8	19562
9	19562
37	19563
1	19563
7	19564
53	19564
6	19565
9	19566
54	19568
57	19569
12	19569
41	19570
260	19571
41	19571
107	19571
15	19571
65	19572
1	19572
53	19573
9	19574
1	19574
1	19575
7	19576
14	19576
59	19577
8	10309
46	10309
9	10309
1	10309
53	19578
55	19579
48	19579
36	19580
31	19580
55	19581
146	19581
83	19581
188	19581
125	19582
7	19582
52	19583
48	19584
11	19585
20	19585
21	19585
15	19586
6	19586
76	19587
24	19588
17	19588
9	19589
134	19590
0	19591
109	19592
103	19592
29	19592
27	19592
6	19592
99	19594
24	17823
15	17823
17	17823
80	19595
172	19595
1	19596
35	19597
9	19598
334	19599
83	19600
53	19601
55	19602
76	19602
6	19603
51	19604
14	19604
97	19605
125	19605
0	19605
109	19606
27	19606
0	19607
15	9273
120	9273
177	19608
49	19608
78	19608
0	19608
34	19609
25	19610
37	19611
127	19612
0	19613
1	19614
10	19616
11	19616
49	19616
155	19616
9	19617
0	19618
69	19619
49	19619
76	19620
11	19620
17	19620
84	19620
7	4041
49	4041
0	4041
1	19621
48	19622
48	19623
7	19623
81	19624
15	19625
7	19626
6	19626
83	19627
92	19627
107	19627
74	19628
0	19628
24	19629
5	19629
41	19630
104	19630
24	19630
7	19631
0	19631
50	19632
15	19633
48	19634
227	19634
78	19634
15	19635
1	19635
54	19636
7	19637
0	19637
57	19638
89	2795
80	19639
104	19640
83	19641
17	19641
7	19642
0	19642
7	19643
47	19643
35	19644
0	19645
52	18156
109	19646
103	19646
27	19646
35	19647
44	19648
36	19648
6	19648
8	19649
9	19649
52	19650
1	19650
0	19651
1	19652
67	19653
16	2775
14	19656
2	19657
17	19657
1	19658
41	19659
24	19659
15	19659
6	19659
201	2422
43	2422
68	19660
1	19661
1	19662
57	19663
54	19663
51	19663
17	19663
89	19664
6	19665
104	19666
21	19666
36	19667
61	19668
15	19668
27	19668
1	19668
10	16295
280	19669
0	19670
11	19671
155	19671
1	19671
8	19672
0	19673
163	19674
6	19674
15	19675
105	19676
99	19677
14	19677
1	19677
1	19678
67	19679
162	19680
37	19681
100	19682
1	19683
1	16695
51	19684
7	19685
42	19686
95	19687
12	19688
110	19689
17	19690
14	19691
54	19692
53	19692
6	19693
353	19694
0	19694
117	19695
186	19695
194	19696
52	19696
17	19696
6	19697
50	19699
57	19700
7	19700
244	19701
134	19701
27	19701
20	19701
80	19702
58	19703
15	19704
25	3125
46	19705
117	279
7	19706
7	19707
1	19708
29	6827
6	19709
28	19710
24	19710
11	19710
49	19710
6	19710
1	19710
53	19710
17	19712
6	19713
6	19714
60	19715
55	19716
0	19716
13	19717
0	19718
29	19719
36	19720
106	19721
0	19722
9	19724
6	19725
81	19726
7	19727
224	19728
54	19729
53	19729
54	19730
77	18843
9	19731
54	19732
36	994
260	19733
48	19733
24	19733
15	19733
41	19734
68	19735
99	19735
234	19736
149	19736
17	19738
238	19738
7	19740
0	19741
55	19742
11	19742
0	19742
80	19743
60	1477
18	1477
9	1477
15	1477
53	19744
24	19745
15	19745
17	19745
0	19745
41	19746
45	19746
15	19746
0	1365
78	19747
55	19748
12	4312
54	19749
3	19750
20	19751
196	19752
149	19752
103	19752
4	1273
47	19753
76	19754
84	19754
117	19754
246	19754
52	1644
117	1644
15	19755
1	19756
127	19757
15	19758
15	19759
25	19760
0	9747
15	19761
91	19762
26	19763
17	19764
109	19765
27	19765
15	19766
17	19766
1	19766
55	19767
1	19768
134	19769
14	19770
17	19771
109	409
18	409
27	409
77	19772
0	19772
236	19772
49	19773
15	19774
1	19774
20	19774
36	19775
95	19776
144	19776
7	19777
0	19777
60	19778
6	19779
116	19780
7	19780
17	19780
88	19780
22	19780
6	19781
43	19782
52	19783
7	19783
117	19783
345	19784
169	19784
57	19785
15	19785
61	19786
54	19787
254	19789
150	19790
83	19791
53	19792
7	19793
0	19793
84	19794
1	19795
80	19796
37	19797
1	19798
134	19799
52	12247
50	19800
60	19801
13	19802
85	19803
52	19803
7	19803
38	19804
32	19805
67	19805
37	19806
1	19806
1	19807
50	19808
8	18
172	19809
190	19810
33	19811
12	19811
1	19812
19	19813
24	19813
57	19814
0	19815
82	19816
22	19816
35	19817
154	19818
3	19819
70	19820
125	19821
158	19821
244	1925
134	1925
1	19822
13	19823
124	19823
37	19824
11	19825
155	19825
107	19826
41	7857
89	19827
1	19828
9	19829
303	19830
51	19831
57	19832
51	19832
105	19833
6	19833
116	19834
0	19834
55	19835
55	19836
1	19836
11	19837
1	19837
66	19838
83	19838
6	19838
54	19839
54	19840
53	19840
15	19841
15	464
15	19842
1	19842
0	19843
80	19844
1	19845
1	19846
117	17698
132	19847
32	19848
42	19849
0	19849
21	19849
22	19849
24	19850
6	19851
93	19852
1	19853
136	19854
67	19854
32	19855
0	19856
55	19858
1	19858
17	19859
1	19860
7	19861
0	19861
27	19862
93	19863
1	19864
51	19865
14	19865
6	19865
144	19866
67	19867
260	19868
40	1365
41	1365
107	1365
77	19870
25	19871
6	19872
44	19873
15	6492
21	6492
44	19874
109	19874
27	19874
6	19874
13	19875
124	19875
20	19876
48	19877
203	19877
113	19877
83	19878
1	19878
25	19879
15	19880
43	19881
115	19881
23	19881
1	19882
12	19883
83	19884
165	19885
15	19885
22	19885
37	19887
8	19888
136	19889
62	19889
58	19889
114	19889
70	19889
10	19890
78	19891
127	19892
37	19893
52	19894
38	19895
104	19895
17	19895
176	19896
17	19896
12	19896
77	19897
14	152
7	19898
151	19898
71	19899
0	19899
52	19900
0	19901
80	19902
63	19902
25	19903
4	19904
93	19904
0	19905
62	19906
7	19907
263	19908
109	19909
27	19909
1	8234
59	91
19	19910
82	19911
107	19911
74	19911
29	19912
1	19913
0	19914
78	19915
57	19916
49	19916
117	19916
6	19916
20	19916
25	19917
48	19918
54	19918
154	19918
7	19919
4	19919
68	19920
7	19920
15	19920
0	19920
50	10219
167	19921
48	19922
63	19922
21	19922
208	945
261	6402
53	19923
91	19682
43	19924
11	19924
0	19924
27	19925
17	19926
76	19927
117	19927
37	19928
42	19928
66	91
252	91
25	19929
37	19930
24	19930
6	19930
36	19931
80	19932
43	19932
55	19933
7	19933
78	19933
0	19933
1	19934
299	19936
40	19937
29	19938
60	19939
12	19939
268	19941
52	19942
46	5783
77	5783
52	19943
64	19944
103	19944
74	19945
7	19946
1	19946
6	19947
23	19948
54	6563
14	19949
5	19949
1	19949
48	19950
91	19951
6	19952
130	19953
15	19953
49	19953
0	19953
6	19953
25	19954
6	19955
41	19956
24	19956
28	19957
99	19958
62	19958
25	19959
7	19960
0	19960
64	19961
89	19963
37	19964
23	3773
44	19965
63	14210
54	14210
59	14210
9	14210
17	14210
14	14210
53	14210
37	19966
62	19966
1	19966
66	19967
36	19968
40	19969
95	19969
50	19969
5	19969
3	19969
1	19970
149	19971
0	19972
60	19973
30	19974
6	19975
108	19976
74	19976
6	19976
47	19977
112	19978
150	19979
48	19980
1	19981
89	19982
57	19983
37	19984
18	19985
0	19987
8	5017
224	19988
99	19988
4	19988
5	19988
1	19988
74	19989
48	19990
15	19990
37	19991
36	19992
1	19993
95	19994
1	19994
37	19995
15	19997
1	19997
57	19998
54	19998
15	19998
21	19998
14	19999
6	20000
80	20001
62	20001
7	20002
17	20002
0	20002
68	20003
12	20003
49	20004
15	20005
113	20006
7	20007
1	20007
15	20008
0	20008
17	20009
34	20009
82	20010
92	20010
24	20010
15	20010
80	20011
216	20011
1	20012
41	20013
116	20014
53	20015
61	20016
18	20016
55	20017
48	20017
41	20018
99	20018
24	20018
12	20019
14	20020
1	20020
63	20021
112	1329
48	1662
32	20022
15	20023
0	20023
194	20024
117	20024
54	20025
99	20026
1	20026
0	20027
80	20028
48	4516
346	4516
6	269
0	20029
0	231
109	20030
27	20030
68	20031
81	20032
1	20033
68	20034
11	20034
12	20034
43	20035
195	20036
81	20036
37	1634
105	44
7	20037
0	20037
48	20038
17	20038
42	20039
44	20039
117	20040
1	20040
56	20041
78	20041
1	20042
97	20043
52	20043
83	20044
1	20044
25	20045
44	9565
15	9565
41	20046
6	20047
83	20048
207	20049
73	20050
6	20051
198	20052
60	3701
123	20053
6	20054
9	20055
82	20056
19	20056
68	20056
142	20056
5	20056
25	20057
50	20058
133	20059
20	20059
80	20060
66	20060
7	20061
54	20061
142	20062
58	20062
42	20063
7	20064
31	7841
99	20065
38	20066
1	20067
63	20068
7	20069
0	20069
121	20070
48	20071
24	20071
43	20072
14	20072
35	20072
84	20073
117	20073
237	20074
91	20075
121	20075
6	20075
52	20076
14	20076
80	18818
1	18818
105	20077
127	20078
9	18226
84	20079
0	20080
32	20081
1	20082
50	20083
57	20084
4	20084
252	20084
85	19726
68	9785
24	9785
0	9785
32	20086
43	20087
36	20087
20	20087
66	20088
7	6890
45	20089
7	20089
11	20089
21	20089
133	20090
38	20091
6	20091
52	20092
85	20094
41	20094
28	20094
24	20094
52	20095
7	20095
80	20096
67	20097
80	20098
11	20099
17	20099
15	20100
1	20101
17	20102
111	20102
112	6018
37	20103
56	20103
68	20103
24	20103
0	20103
105	20104
1	20105
55	20106
0	20106
99	20107
76	20107
42	20108
44	20108
109	20108
177	20108
27	20108
43	20109
138	20109
25	20110
37	20111
43	20111
25	20111
15	20111
1	20111
15	20112
15	20113
32	20114
14	20114
279	20115
100	20115
15	20116
16	20117
0	20118
35	20119
36	20120
41	20121
77	20122
22	17391
33	20123
8	20124
6	20125
44	20126
21	20126
6	241
12	20127
7	20128
4	20128
49	20128
78	20128
5	20128
68	20129
1	20130
21	20130
55	20131
0	20131
6	20131
17	20132
48	20133
42	20134
23	20135
57	20136
46	20136
146	20136
11	20136
12	20136
6	20137
63	20138
37	20139
43	20139
124	20140
15	1361
127	2630
125	1005
104	20141
6	20141
1	20142
6	20143
48	20144
56	20145
123	20146
15	20147
72	20148
21	20149
104	20150
44	20151
36	20151
11	7424
67	7424
54	20153
32	20154
117	818
111	20155
15	20156
117	20157
99	20107
76	20107
58	20107
32	15610
49	20158
57	516
41	516
68	516
15	516
77	516
150	516
0	20159
146	20161
170	20162
12	20162
43	20163
24	20164
15	20164
6	20164
53	20165
117	20166
10	20167
7	20168
54	20170
14	20171
117	20172
20	20173
112	20174
54	20175
25	20176
68	20177
27	20178
64	20179
226	20180
236	20180
21	20181
54	20182
68	20183
17	20183
54	20184
24	20185
21	20185
0	20186
7	13984
0	13984
37	20187
43	20187
121	4684
36	20188
78	20189
41	17354
55	20190
0	20190
1	20190
7	20191
11	20191
49	20191
170	20191
53	20192
22	20193
57	20194
51	20194
57	20195
11	20196
0	20196
155	20196
91	20197
44	20198
15	20198
21	20198
52	9247
54	9247
1	9247
7	20199
0	20199
41	20200
80	20201
43	20201
116	20202
104	20202
15	20202
6	20202
70	20202
37	20203
1	20203
22	20203
80	20204
12	20204
66	20205
99	20206
8	20207
68	20207
251	20208
6	20209
23	20210
10	20211
3	20211
36	20212
354	20213
21	20214
110	14131
57	20215
14	20215
1	20215
1	20216
132	17998
76	20217
117	20217
44	20218
14	20218
54	20219
59	20220
55	9831
25	20221
40	4056
25	20222
106	18766
61	18766
40	1935
0	1935
34	20223
6	3867
64	20224
18	20224
52	20225
55	20226
0	20226
181	20227
44	20228
17	20229
68	20230
104	20231
99	20231
31	2014
54	20232
0	20233
1	20234
62	20235
78	20235
11	20236
93	20237
24	20238
36	20239
54	20240
89	1806
84	7031
6	7031
99	20241
13	20242
43	20242
19	20243
83	20243
142	20243
20	20243
22	20243
11	20244
55	1634
0	1634
1	1634
28	20245
72	20246
43	20247
117	20248
256	20248
19	20249
159	20249
37	20250
1	20250
54	20251
0	20251
59	20253
104	20254
24	20254
15	20254
20	20254
15	20256
6	20256
15	20257
144	20258
136	20258
6	20259
72	20260
62	20261
19	20262
20	20262
6	4516
48	20263
77	961
0	20264
26	20265
127	20266
109	20267
27	20267
53	20267
3	15934
1	20268
1	401
16	20269
17	20270
15	20271
41	20272
30	20272
5	20272
355	20274
6	20275
99	20276
110	20277
114	20278
91	20279
48	20280
37	20281
17	20282
142	20282
20	20282
59	9335
68	20283
24	20283
11	20283
49	20283
0	20283
20	20283
21	20283
7	841
54	841
13	20284
67	20284
99	20285
33	20286
44	20287
142	20287
54	20288
83	20289
68	20289
90	20289
18	20289
5	20289
52	20290
53	20290
0	20291
54	7105
10	20292
0	20292
57	20293
283	20293
24	20294
68	20295
5	20295
101	20296
25	20297
6	3921
3	20298
7	20299
13	20300
25	20301
109	20302
74	20302
27	20302
1	7245
99	20303
54	20303
6	20303
117	20304
53	20304
108	20305
1	20306
6	9051
117	20307
152	20308
37	20309
112	20309
6	6090
104	5526
36	20310
68	20311
11	20311
12	20311
20	20312
31	20313
8	4152
50	20314
134	20314
20	20314
43	20315
55	20316
76	20316
0	20316
0	20317
175	20318
101	20318
27	20319
68	20320
88	20320
25	20321
225	20321
165	20322
166	20322
11	20323
117	20323
57	20324
1	20324
14	20325
1	20325
77	20326
0	20326
54	20327
4	20328
5	20328
53	20329
33	20330
7	20331
0	20331
1	20333
83	20334
109	20334
68	20334
90	20334
29	20334
27	20334
17	20335
7	20337
24	20337
15	20337
0	20337
70	20337
43	20339
176	20341
125	20341
158	20341
15	20343
48	20344
44	20345
1	20345
24	20346
80	20348
70	20349
117	1743
105	20350
59	20351
61	20352
30	20352
54	3585
246	20353
6	20354
1	20355
48	20356
0	4529
6	20357
68	20358
74	20359
65	20360
16	20361
52	20362
61	20363
66	20365
15	20365
6	20365
1	20366
7	20367
17	20367
1	20367
50	20369
25	20370
1	20371
1	20372
36	2014
78	20373
21	20373
105	20374
55	20375
20	20376
9	13266
40	20377
9	20377
15	20377
54	20378
48	20379
36	20380
10	20381
11	20381
49	20381
0	20381
18	20382
0	20383
1	4152
36	20384
21	20385
41	20386
0	7516
41	20387
5	20387
6	20387
121	8067
68	20388
7	20389
37	20390
109	20390
15	20390
16	20390
0	20390
27	20390
1	20390
9	20391
42	20392
133	20392
142	20392
2	6528
22	20393
1	20394
54	20395
1	20396
11	20397
50	20398
11	20399
0	20399
67	20400
13	20401
68	20402
7	20402
0	20402
8	20403
109	20404
45	20404
27	20404
54	20405
109	20406
27	20406
99	14754
84	20407
26	20408
42	20409
109	20410
27	20410
6	20410
66	20412
99	20413
54	20414
37	20415
1	20415
25	20416
66	20417
109	20418
27	20418
1	4470
22	4470
43	20419
24	20420
199	20420
5	20421
0	20422
6	20422
0	20423
57	20424
55	20424
224	20424
4	20424
79	20424
0	20424
5	20424
0	20425
44	1809
46	20426
42	20427
17	20427
142	20427
15	20428
146	20429
147	20429
16	20430
37	20431
14	20432
36	20433
29	3120
1	20434
25	1554
6	20435
134	20436
103	20436
27	20436
17	20437
28	923
127	20438
78	20439
6	20440
28	10695
77	20441
57	4850
51	4850
76	231
117	231
6	20443
54	20444
48	20445
45	20446
51	20447
17	20447
12	20448
1	20448
43	231
49	20449
0	20449
65	20450
36	20450
74	14876
60	20451
32	20451
1	20451
25	20452
148	20453
34	20454
58	20454
43	14593
59	14593
89	3178
68	20455
36	20456
23	20457
64	20458
20	20458
80	20459
12	20460
17	20461
57	14239
121	20462
37	20463
15	20464
22	20464
132	20465
52	20465
53	20465
9	20466
0	20467
40	4585
1	20468
15	20469
120	20469
207	20470
146	20471
6	20471
134	20472
25	6487
55	64
9	20473
15	20473
61	20474
68	20475
78	20475
35	20476
159	20477
207	20478
57	20479
176	20479
51	20479
17	20479
12	20479
9	18827
99	20480
6	20481
40	20482
66	20482
68	20482
99	20482
9	20482
262	20482
44	20483
21	20483
44	20484
12	20484
1	20484
41	20485
24	20485
15	20485
6	20485
6	20486
103	20487
37	20488
37	20489
17	20489
117	20490
103	20491
55	20492
68	20493
16	20494
99	9373
128	20495
159	20496
59	20497
219	20497
0	20498
86	20499
1	20499
193	20500
80	20155
15	20501
29	20502
7	20503
0	20504
28	20505
76	20506
78	20506
0	20506
80	20507
32	20508
50	20509
7	20510
3	20511
123	20512
23	20513
23	1329
25	7031
24	124
0	124
44	20514
1	20514
0	20515
57	20516
56	20516
15	20516
0	20516
81	20516
108	20517
236	20518
82	20519
60	20520
1	20521
6	20522
32	20523
36	14184
56	20524
54	20525
53	231
107	1602
80	20526
55	20526
104	20526
11	20526
21	20526
1	20527
54	20528
27	20529
77	15185
50	64
15	20530
109	20531
27	20531
107	20532
133	20533
57	20534
117	20534
111	20534
123	20535
57	20536
25	20537
136	20538
53	20539
6	20540
17	338
59	20541
53	20542
21	20543
43	20544
1	20544
41	20545
15	20545
5	20545
31	20546
66	20547
36	20548
99	20549
109	20550
27	20550
7	20551
17	20551
36	20552
50	20553
60	20554
7	20555
32	231
59	20556
9	20558
17	20558
1	20558
91	20559
63	20560
68	20561
50	20562
3	20563
1	20564
6	20565
15	20566
110	20567
68	1032
17	1032
7	20568
105	20570
74	20570
6	20570
121	1805
110	20571
8	20572
7	8120
6	8120
61	3103
48	3103
99	3103
29	3103
68	20573
84	20574
174	91
6	20575
31	20575
42	20576
17	20576
1	20577
68	20578
68	20579
181	20579
9	20579
129	20579
15	20580
8	20581
99	20582
24	20582
9	20583
68	20584
30	241
15	20585
1	20586
6	20587
0	20588
1	20589
22	20589
48	20590
6	20591
36	20592
292	20592
117	3125
104	20593
6	20593
17	10213
0	10213
9	20594
24	20595
29	20596
123	20597
60	20598
12	20598
40	20599
95	20599
77	20600
15	20601
15	20602
18	20603
6	20603
31	20604
105	1005
6	1005
52	20605
104	20606
85	20607
6	20607
0	20608
105	20609
6	20609
55	20610
41	20611
6	2915
8	20612
181	20612
4	20612
1	20612
1	20614
83	20615
154	20615
222	752
287	20616
95	20617
19	20617
20	20617
89	20618
57	20619
52	20619
53	20619
0	20620
63	20621
107	20621
55	20622
0	20622
20	20622
12	20623
13	20624
167	20625
73	20625
240	20626
48	20626
1	20627
32	20628
1	20628
43	20629
59	20629
48	20631
78	5557
15	20632
36	20633
66	20634
15	20634
0	20635
6	20635
57	20636
15	20637
1	20638
17	20639
0	20639
68	20640
36	20641
38	20642
28	10275
68	10275
72	18231
33	12085
8	3178
9	3178
40	20643
17	20644
83	20645
117	20645
40	20646
68	20646
9	20646
41	20647
24	20647
52	20648
117	20648
6	7287
85	20650
101	20651
6	20652
59	20653
181	20654
9	20654
5	20654
15	1141
48	20655
0	20655
84	20656
0	20656
14	20656
61	20657
57	20658
104	20659
105	20659
6	20659
68	20660
105	20661
109	20662
149	20662
27	20662
29	20663
9	20664
6	20665
21	8378
45	20666
40	20667
24	20668
15	20668
20	20668
58	20669
133	20670
19	20670
36	20670
195	20670
109	20671
9	20671
27	20671
27	20672
6	20672
226	20673
307	20673
25	13754
99	20674
50	20674
83	20675
14	20675
1	20675
57	4956
24	4956
15	4956
0	4956
15	20676
7	20677
36	20678
15	20679
105	20679
133	20680
19	20680
20	20680
45	20681
110	20681
12	20681
57	18054
154	18054
6	20682
56	20683
11	20683
184	20683
70	20683
54	20684
53	20684
13	20685
37	20686
83	20686
154	20687
100	20687
54	20689
183	20689
56	20690
66	20690
11	20690
21	20690
25	5138
45	5138
227	20691
104	20692
105	20692
295	20692
6	20692
17	20693
13	20694
0	20694
89	20695
37	20696
112	20696
44	20697
21	20697
7	20698
193	5261
110	20699
99	20700
1	20700
31	20701
135	20702
246	20702
67	20702
201	20703
43	20703
14	20703
23	3951
60	20704
1	20705
42	20706
60	20706
17	20706
50	20706
88	20706
59	1857
0	20709
9	6847
33	6847
1	6847
195	20711
84	20712
1	20713
171	20714
0	20715
59	20716
336	4187
36	20717
197	20717
78	20718
0	20718
21	20718
198	20719
16	618
0	20720
89	1191
19	20722
12	20723
6	20723
52	20724
54	20724
1	20724
15	20725
9	20726
16	20726
58	20726
104	20727
6	20727
54	20728
0	20729
110	20730
44	20731
68	20732
0	20732
95	20733
9	20733
1	20733
44	20734
19	20735
83	20735
68	20735
21	20735
42	20736
21	20736
44	20737
8	20737
43	20737
18	20737
117	20737
111	20737
255	20737
1	20737
11	17363
53	20738
11	20739
12	20739
70	20739
52	2638
15	9431
48	20741
13	20741
29	20741
67	20741
267	20743
9	20744
9	20745
56	20746
146	20747
11	20747
49	20747
0	20747
77	20748
15	20749
195	20749
199	20749
0	20750
46	20751
74	20752
80	20753
240	20754
89	20754
25	20754
21	20755
6	20756
12	20757
6	20757
64	20758
1	20759
24	20760
15	20761
37	20762
17	20763
1	20764
43	20765
66	20766
68	20766
22	20767
53	20768
123	20769
123	20770
40	20772
55	20772
41	20772
43	20772
24	20772
58	20772
75	20773
149	20774
0	20774
99	20775
6	20775
0	20776
192	20777
356	20777
357	20778
95	20778
15	20778
358	20779
42	20780
19	20780
68	20780
359	20780
82	20781
24	20782
107	20782
15	20782
27	20783
108	20784
123	20785
1	20786
22	20786
110	20787
46	20788
68	20788
20	20788
11	20789
108	20790
6	20790
